{
"type": "FeatureCollection",
"name": "districts",
"crs": { "type": "name", "properties": { "name": "urn:ogc:def:crs:OGC:1.3:CRS84" } },
"features": [
{ "type": "Feature", "properties": { "name": "ARIYALUR" }, "geometry": { "type": "Polygon", "coordinates": [ [ [ 79.322691028708235, 11.419221480224651, 0.0 ], [ 79.36998388554855, 11.41699429761624, 0.0 ], [ 79.377717896546685, 11.411272029714008, 0.0 ], [ 79.375267054840577, 11.397743223633805, 0.0 ], [ 79.384035849738908, 11.397119516689976, 0.0 ], [ 79.377653883967142, 11.402896222740292, 0.0 ], [ 79.385080533300567, 11.409206347123403, 0.0 ], [ 79.394069285684751, 11.401702696713301, 0.0 ], [ 79.389097593574519, 11.368760083329837, 0.0 ], [ 79.395203286034231, 11.353513419137762, 0.0 ], [ 79.405367895198097, 11.354141095367783, 0.0 ], [ 79.408538727649244, 11.364862615556893, 0.0 ], [ 79.424699383303135, 11.360358658129545, 0.0 ], [ 79.425804316018002, 11.36665957856779, 0.0 ], [ 79.428432258811284, 11.357392879796372, 0.0 ], [ 79.437323483952184, 11.357287386583513, 0.0 ], [ 79.430798502806795, 11.345549712102349, 0.0 ], [ 79.437525089847881, 11.333796133788246, 0.0 ], [ 79.448651163209121, 11.335235767034987, 0.0 ], [ 79.473552668640082, 11.314065760552072, 0.0 ], [ 79.49830327071551, 11.313889835248931, 0.0 ], [ 79.505245227564444, 11.26458166083507, 0.0 ], [ 79.503984359216432, 11.257773745016102, 0.0 ], [ 79.494887841725358, 11.25851014997818, 0.0 ], [ 79.495173676060801, 11.24840973463726, 0.0 ], [ 79.510211489698463, 11.228140123199591, 0.0 ], [ 79.501820680252052, 11.203347892961311, 0.0 ], [ 79.481797010943055, 11.177632941167424, 0.0 ], [ 79.463881657850408, 11.170537128597852, 0.0 ], [ 79.458662320373904, 11.150554685600294, 0.0 ], [ 79.431114730524996, 11.12145930174437, 0.0 ], [ 79.398916803132607, 11.066939817794452, 0.0 ], [ 79.311825484349342, 11.017602659129198, 0.0 ], [ 79.2910174530641, 11.014419377212086, 0.0 ], [ 79.222196598492673, 10.946451126333471, 0.0 ], [ 79.208275638009752, 10.940252399268726, 0.0 ], [ 79.202903507197576, 10.949008165449778, 0.0 ], [ 79.178626010418682, 10.939687047012955, 0.0 ], [ 79.143582293836033, 10.940703530111897, 0.0 ], [ 79.109916784671626, 10.924954594836619, 0.0 ], [ 79.084164410826133, 10.926724062948876, 0.0 ], [ 79.04799952331642, 10.887773973910699, 0.0 ], [ 79.005709552908158, 10.893596680448015, 0.0 ], [ 79.001946963256643, 10.922154059378997, 0.0 ], [ 78.990330816739231, 10.928419374276853, 0.0 ], [ 78.982698399139323, 10.921667326410862, 0.0 ], [ 78.977800015850647, 10.943231988361614, 0.0 ], [ 78.950286488069963, 10.955521001691645, 0.0 ], [ 78.946212085436088, 10.974982273016973, 0.0 ], [ 78.987431346102028, 10.96679833805238, 0.0 ], [ 78.982262271686281, 10.975530308739108, 0.0 ], [ 78.989621245860619, 10.978491406218923, 0.0 ], [ 78.991856461659424, 11.001401809751268, 0.0 ], [ 79.012319969087642, 11.010092299920156, 0.0 ], [ 79.006447419899018, 11.058854294388587, 0.0 ], [ 79.024414390906273, 11.067666672097831, 0.0 ], [ 79.032279873066656, 11.08388336584474, 0.0 ], [ 79.054356431820196, 11.084974792134457, 0.0 ], [ 79.069407818203601, 11.108894776450125, 0.0 ], [ 79.065399043973997, 11.126866333044617, 0.0 ], [ 79.055067663273093, 11.129869795653297, 0.0 ], [ 79.059520264063295, 11.152273058195009, 0.0 ], [ 79.072468655930024, 11.159246097604417, 0.0 ], [ 79.069365717955947, 11.177113825246956, 0.0 ], [ 79.078411033856042, 11.180758837277384, 0.0 ], [ 79.075770256580441, 11.189265152255031, 0.0 ], [ 79.067234443698709, 11.18885684778995, 0.0 ], [ 79.065926107298424, 11.204360848741519, 0.0 ], [ 79.093447093565715, 11.19984999210325, 0.0 ], [ 79.098910009663797, 11.230664818572548, 0.0 ], [ 79.111167313432603, 11.230602595171632, 0.0 ], [ 79.109444639638227, 11.24438450731985, 0.0 ], [ 79.122173995991758, 11.248729129172881, 0.0 ], [ 79.121965529169827, 11.264109683734388, 0.0 ], [ 79.108978207003432, 11.270229258607374, 0.0 ], [ 79.10930713601968, 11.280481016122737, 0.0 ], [ 79.114091918148077, 11.293734517590099, 0.0 ], [ 79.1301026330637, 11.297577152863845, 0.0 ], [ 79.139266670909805, 11.290010278260004, 0.0 ], [ 79.140911355566118, 11.30930684090402, 0.0 ], [ 79.124963824398023, 11.310757849631919, 0.0 ], [ 79.130775709104967, 11.33238691188342, 0.0 ], [ 79.157461448448913, 11.338420258894091, 0.0 ], [ 79.150752665092725, 11.36342618202398, 0.0 ], [ 79.168147513855303, 11.378420763263637, 0.0 ], [ 79.180617096706669, 11.374370615356746, 0.0 ], [ 79.226034631204911, 11.39204689964471, 0.0 ], [ 79.237830225727791, 11.388616615007116, 0.0 ], [ 79.241556684437739, 11.369617165614146, 0.0 ], [ 79.258610287007897, 11.38847369863201, 0.0 ], [ 79.296018756648238, 11.379989171038511, 0.0 ], [ 79.292586547701049, 11.412325169220644, 0.0 ], [ 79.322691028708235, 11.419221480224651, 0.0 ] ] ] } },
{ "type": "Feature", "properties": { "name": "CHENNAI" }, "geometry": { "type": "Polygon", "coordinates": [ [ [ 80.331881925056351, 13.23544051238961, 0.0 ], [ 80.297940340559506, 13.135422334548085, 0.0 ], [ 80.304254991640107, 13.130601924710243, 0.0 ], [ 80.297839803579308, 13.132710518724393, 0.0 ], [ 80.297783165701276, 13.123029596757208, 0.0 ], [ 80.305532430170331, 13.130385364180738, 0.0 ], [ 80.304966858980663, 13.110069728708263, 0.0 ], [ 80.294948414018222, 13.092914810176888, 0.0 ], [ 80.300772334790565, 13.091176654223615, 0.0 ], [ 80.303798051552974, 13.102589539439188, 0.0 ], [ 80.310786548019209, 13.108155086406429, 0.0 ], [ 80.284045395851081, 13.054205315079969, 0.0 ], [ 80.249350151660551, 12.857172586136352, 0.0 ], [ 80.220016300698816, 12.852507715776492, 0.0 ], [ 80.208930258754691, 12.872847487218474, 0.0 ], [ 80.217379325853187, 12.910559211053126, 0.0 ], [ 80.198827530270165, 12.911104418255993, 0.0 ], [ 80.199224718275048, 12.933359448237937, 0.0 ], [ 80.187938252139105, 12.937853396229871, 0.0 ], [ 80.200953226394887, 12.95849909665859, 0.0 ], [ 80.195880237556523, 12.968537395580737, 0.0 ], [ 80.168965555146912, 12.980186570281051, 0.0 ], [ 80.160680897437203, 12.99798095056496, 0.0 ], [ 80.165168516195919, 13.004240873035904, 0.0 ], [ 80.158190484749213, 13.015422328220492, 0.0 ], [ 80.144842224006055, 13.017001026231144, 0.0 ], [ 80.145644008699861, 13.037477146354583, 0.0 ], [ 80.134389065546287, 13.044652180918398, 0.0 ], [ 80.14848804565176, 13.06441087465684, 0.0 ], [ 80.153359273901671, 13.049491344846617, 0.0 ], [ 80.145715286986047, 13.039860900309666, 0.0 ], [ 80.160319536713942, 13.044880540766714, 0.0 ], [ 80.161366668763392, 13.081140734901776, 0.0 ], [ 80.140436240717719, 13.0985521121214, 0.0 ], [ 80.145779118516103, 13.139411672736577, 0.0 ], [ 80.177132974352844, 13.139629802939497, 0.0 ], [ 80.17596784564121, 13.147340337696827, 0.0 ], [ 80.194591766827898, 13.153984170401465, 0.0 ], [ 80.190800173005556, 13.168718781409135, 0.0 ], [ 80.199561870808139, 13.181226887408975, 0.0 ], [ 80.215928090262082, 13.172259741427748, 0.0 ], [ 80.230484405551579, 13.185364212103728, 0.0 ], [ 80.228050926639568, 13.197812028888364, 0.0 ], [ 80.248881456931741, 13.198648259162164, 0.0 ], [ 80.249989121671618, 13.206092451556854, 0.0 ], [ 80.270439104935448, 13.203268384434784, 0.0 ], [ 80.270697782020235, 13.224076530590642, 0.0 ], [ 80.283778076525991, 13.224897864571073, 0.0 ], [ 80.303347486335056, 13.212847430790765, 0.0 ], [ 80.331881925056351, 13.23544051238961, 0.0 ] ], [ [ 80.200003286546448, 13.02865680436191, 0.0 ], [ 80.192630645315703, 13.010334275897693, 0.0 ], [ 80.17847537500819, 13.001720487708397, 0.0 ], [ 80.180500387590925, 12.990778774957324, 0.0 ], [ 80.202557557952602, 13.001279623116632, 0.0 ], [ 80.200003286546448, 13.02865680436191, 0.0 ] ] ] } },
{ "type": "Feature", "properties": { "name": "COIMBATORE" }, "geometry": { "type": "Polygon", "coordinates": [ [ [ 77.111057861647964, 11.404407032607359, 0.0 ], [ 77.113111949226081, 11.380943141564316, 0.0 ], [ 77.128403796367323, 11.378376302850503, 0.0 ], [ 77.129315650950161, 11.354161952568944, 0.0 ], [ 77.1518647148241, 11.329711806857254, 0.0 ], [ 77.150567060873314, 11.306279323643228, 0.0 ], [ 77.126336477218757, 11.307980478454969, 0.0 ], [ 77.118444059096817, 11.291815132886729, 0.0 ], [ 77.13874820282436, 11.28608492894114, 0.0 ], [ 77.139153470155549, 11.279725391555129, 0.0 ], [ 77.143842911801485, 11.287294997242531, 0.0 ], [ 77.153442783292817, 11.278240372633633, 0.0 ], [ 77.170083681047345, 11.283278954237606, 0.0 ], [ 77.165897994634406, 11.244278338273416, 0.0 ], [ 77.159496499748016, 11.243261923031918, 0.0 ], [ 77.145025508386993, 11.207173780450718, 0.0 ], [ 77.15887421471507, 11.197386628553447, 0.0 ], [ 77.160981839379829, 11.167996035690987, 0.0 ], [ 77.182308586222845, 11.161945213629176, 0.0 ], [ 77.173163630820383, 11.138183917148636, 0.0 ], [ 77.183943432788354, 11.139493073524967, 0.0 ], [ 77.189575668892559, 11.150462644693457, 0.0 ], [ 77.212253649816716, 11.137940941349306, 0.0 ], [ 77.213518457745877, 11.126739517381418, 0.0 ], [ 77.225052241753602, 11.12495528220362, 0.0 ], [ 77.235699241960745, 11.139809705693667, 0.0 ], [ 77.242212067768392, 11.138026476032547, 0.0 ], [ 77.264570507287516, 11.110630008116569, 0.0 ], [ 77.234107377260017, 11.103390902114629, 0.0 ], [ 77.168385466810406, 11.067339033786389, 0.0 ], [ 77.17889212800776, 11.036844102794937, 0.0 ], [ 77.175346769844069, 11.015785439006494, 0.0 ], [ 77.153777815158861, 10.99830680393581, 0.0 ], [ 77.169942558821489, 10.968711157430267, 0.0 ], [ 77.181842384990645, 10.920573104958669, 0.0 ], [ 77.198930483746494, 10.920230845557155, 0.0 ], [ 77.21099169578342, 10.902268956625395, 0.0 ], [ 77.248071278664071, 10.904652953560817, 0.0 ], [ 77.257786862359652, 10.869833369897634, 0.0 ], [ 77.288398302521571, 10.84809223426076, 0.0 ], [ 77.299029608666942, 10.814595133403687, 0.0 ], [ 77.278197551760684, 10.802743802181086, 0.0 ], [ 77.275913869358973, 10.791382579031964, 0.0 ], [ 77.283872365519898, 10.786627027245927, 0.0 ], [ 77.254134634788329, 10.776391098947661, 0.0 ], [ 77.214385728534566, 10.785563110454968, 0.0 ], [ 77.215291226641611, 10.803463304075969, 0.0 ], [ 77.171796282778999, 10.802170022738098, 0.0 ], [ 77.16122467205075, 10.793207364379438, 0.0 ], [ 77.15276007794013, 10.765674790589129, 0.0 ], [ 77.134149150258352, 10.750129104266723, 0.0 ], [ 77.145116673535213, 10.659930008051472, 0.0 ], [ 77.152295515545873, 10.650586052669642, 0.0 ], [ 77.181143925774535, 10.643852103374732, 0.0 ], [ 77.17066913661013, 10.599703178657604, 0.0 ], [ 77.157984062901619, 10.584222132554364, 0.0 ], [ 77.102198082038896, 10.585993630101546, 0.0 ], [ 77.085408609289132, 10.578243675434765, 0.0 ], [ 77.072713823980564, 10.545129681710034, 0.0 ], [ 77.078267231393852, 10.502232228760811, 0.0 ], [ 77.058545062810239, 10.479055147620031, 0.0 ], [ 77.07320074670173, 10.459493901760768, 0.0 ], [ 77.041798344989758, 10.426383506753428, 0.0 ], [ 77.044797242771864, 10.414825631766664, 0.0 ], [ 77.087050823119284, 10.377436944803522, 0.0 ], [ 77.089958308820115, 10.350866204483765, 0.0 ], [ 77.078181782978731, 10.33736185508155, 0.0 ], [ 77.091360186283254, 10.313916247921448, 0.0 ], [ 77.0428767353973, 10.283767207449001, 0.0 ], [ 77.052680758146451, 10.272499642746102, 0.0 ], [ 77.040630500680479, 10.252660292425185, 0.0 ], [ 77.014433914959227, 10.245790954244489, 0.0 ], [ 76.982446205961011, 10.220120441492153, 0.0 ], [ 76.939360238311593, 10.238904306974051, 0.0 ], [ 76.911598037815793, 10.235286967393224, 0.0 ], [ 76.903004702841557, 10.24029635466743, 0.0 ], [ 76.897414705237026, 10.262435384715836, 0.0 ], [ 76.873421944288751, 10.276335870492131, 0.0 ], [ 76.873135329551857, 10.298484464812693, 0.0 ], [ 76.848715687295623, 10.285278130780977, 0.0 ], [ 76.82870388573923, 10.307870679014913, 0.0 ], [ 76.848785384439921, 10.368228671524651, 0.0 ], [ 76.823656742013029, 10.395060804545613, 0.0 ], [ 76.833584826474791, 10.407768204784773, 0.0 ], [ 76.816378556335167, 10.423519040575812, 0.0 ], [ 76.828325884227723, 10.450165521192226, 0.0 ], [ 76.831036646905673, 10.500032704588062, 0.0 ], [ 76.843096094562242, 10.537285305489469, 0.0 ], [ 76.83518737471168, 10.545401284283436, 0.0 ], [ 76.838267123355735, 10.59666730409516, 0.0 ], [ 76.817312266754129, 10.603203458339427, 0.0 ], [ 76.810097343264218, 10.624180958039863, 0.0 ], [ 76.814182429512456, 10.63585618476848, 0.0 ], [ 76.860658423190202, 10.632341784101591, 0.0 ], [ 76.882475476194159, 10.639707105055425, 0.0 ], [ 76.878400038956926, 10.67503286601692, 0.0 ], [ 76.8660344187102, 10.685313555561375, 0.0 ], [ 76.882209385950759, 10.717341543535023, 0.0 ], [ 76.89294007194637, 10.721460458499456, 0.0 ], [ 76.888457727267337, 10.733107136595272, 0.0 ], [ 76.907534534570402, 10.777987042564435, 0.0 ], [ 76.900887335953811, 10.807150635656056, 0.0 ], [ 76.849900607310971, 10.817249672332823, 0.0 ], [ 76.845083658082018, 10.82609792731698, 0.0 ], [ 76.853783531086265, 10.838958580918431, 0.0 ], [ 76.828315439620965, 10.871909633566437, 0.0 ], [ 76.781429861743447, 10.890420366136462, 0.0 ], [ 76.740787419265047, 10.890970033098434, 0.0 ], [ 76.714901960808277, 10.908608885031652, 0.0 ], [ 76.676750493694712, 10.918055495754675, 0.0 ], [ 76.655797139672828, 10.939005640140328, 0.0 ], [ 76.664726702321957, 10.943483941823777, 0.0 ], [ 76.66678531477335, 10.968334874034726, 0.0 ], [ 76.686037423719057, 10.989201950825432, 0.0 ], [ 76.694164320900924, 11.021557149992727, 0.0 ], [ 76.710887376352844, 11.038721692695924, 0.0 ], [ 76.737603223726254, 11.039738732243407, 0.0 ], [ 76.766599849965459, 11.029093007969873, 0.0 ], [ 76.791840863015466, 11.037360120865223, 0.0 ], [ 76.800859566795083, 11.053965554178774, 0.0 ], [ 76.778159904192961, 11.042090982608199, 0.0 ], [ 76.746128930729071, 11.054823560623515, 0.0 ], [ 76.741042854162259, 11.07233693360331, 0.0 ], [ 76.754532652767992, 11.084155638025411, 0.0 ], [ 76.738983688390547, 11.104303280323478, 0.0 ], [ 76.747416782216732, 11.111202531180551, 0.0 ], [ 76.748296115240819, 11.135837326352538, 0.0 ], [ 76.728754053269284, 11.130451640561153, 0.0 ], [ 76.718469606121488, 11.147640609655328, 0.0 ], [ 76.706606465948184, 11.141636398373697, 0.0 ], [ 76.689734106183323, 11.159194367588167, 0.0 ], [ 76.70023854042357, 11.181819436856314, 0.0 ], [ 76.729038567264183, 11.191039661071409, 0.0 ], [ 76.722179338348127, 11.203630425484919, 0.0 ], [ 76.731768517460239, 11.213668525818017, 0.0 ], [ 76.700850157960033, 11.245655316350335, 0.0 ], [ 76.701918186602583, 11.260513018210879, 0.0 ], [ 76.73711747364213, 11.244632903024685, 0.0 ], [ 76.743032106380696, 11.253182381063581, 0.0 ], [ 76.75491843132771, 11.248659933174171, 0.0 ], [ 76.751863036184176, 11.254700121286609, 0.0 ], [ 76.767652703569055, 11.264099560920563, 0.0 ], [ 76.769141315744065, 11.289557731941661, 0.0 ], [ 76.79031019607028, 11.279118852259458, 0.0 ], [ 76.806970315218948, 11.299156892026483, 0.0 ], [ 76.817808231025111, 11.289933798002666, 0.0 ], [ 76.842730643373613, 11.287420570794534, 0.0 ], [ 76.854426735402512, 11.296064304626245, 0.0 ], [ 76.853999869421131, 11.305769046656938, 0.0 ], [ 76.859953401639785, 11.303595570991899, 0.0 ], [ 76.854566597978959, 11.318113646089627, 0.0 ], [ 76.860346225304966, 11.324577948685436, 0.0 ], [ 76.851070983421778, 11.327212368439209, 0.0 ], [ 76.849832579411952, 11.342625943341313, 0.0 ], [ 76.868323522361663, 11.344580022309666, 0.0 ], [ 76.862469624105742, 11.351278614411411, 0.0 ], [ 76.876733615706371, 11.358375798926867, 0.0 ], [ 76.88422265000473, 11.351690526390231, 0.0 ], [ 76.889230139388843, 11.365354905303507, 0.0 ], [ 76.90236792528917, 11.362976701759944, 0.0 ], [ 76.902664809504657, 11.350794898608017, 0.0 ], [ 76.932926500310742, 11.362734159757926, 0.0 ], [ 76.932648278199764, 11.356145990026038, 0.0 ], [ 76.95011795061302, 11.365801678013282, 0.0 ], [ 76.929078896958757, 11.368004777897921, 0.0 ], [ 76.933411727358944, 11.376434489418802, 0.0 ], [ 76.966082841852568, 11.386128428415571, 0.0 ], [ 77.01361019562529, 11.368760801633329, 0.0 ], [ 77.025431904887512, 11.373339664183051, 0.0 ], [ 77.02344293360116, 11.38770841971386, 0.0 ], [ 77.032510193787928, 11.384814265307824, 0.0 ], [ 77.045428351392715, 11.402532718992273, 0.0 ], [ 77.070424900768643, 11.402498344415465, 0.0 ], [ 77.070465054128505, 11.386090300955034, 0.0 ], [ 77.091349718658961, 11.393556649412821, 0.0 ], [ 77.091508739134653, 11.403338221789351, 0.0 ], [ 77.111057861647964, 11.404407032607359, 0.0 ] ] ] } },
{ "type": "Feature", "properties": { "name": "CUDDALORE" }, "geometry": { "type": "MultiPolygon", "coordinates": [ [ [ [ 79.709425977310119, 11.889264831762821, 0.0 ], [ 79.708129669488486, 11.869828080582961, 0.0 ], [ 79.719077518794649, 11.852576938172211, 0.0 ], [ 79.720653694217134, 11.862938295187025, 0.0 ], [ 79.732503453905224, 11.865841315566476, 0.0 ], [ 79.742356479658355, 11.862944277638293, 0.0 ], [ 79.742866917720562, 11.848585618106883, 0.0 ], [ 79.752645999875398, 11.849691999736379, 0.0 ], [ 79.757254000440454, 11.87673899991592, 0.0 ], [ 79.76452799958804, 11.876678000139501, 0.0 ], [ 79.770504999904119, 11.861773000315086, 0.0 ], [ 79.761976999768379, 11.849111999711083, 0.0 ], [ 79.769605999586659, 11.838301000327267, 0.0 ], [ 79.776239209048882, 11.838806666389196, 0.0 ], [ 79.781858000045048, 11.855628999708365, 0.0 ], [ 79.801288778852722, 11.855031796618084, 0.0 ], [ 79.807673000416585, 11.846181999708547, 0.0 ], [ 79.807029999749389, 11.833841000118579, 0.0 ], [ 79.799823919263602, 11.839498961086127, 0.0 ], [ 79.794046597225844, 11.833931206849845, 0.0 ], [ 79.800888842567772, 11.831721929843512, 0.0 ], [ 79.797878000409611, 11.824886000180541, 0.0 ], [ 79.781814999596293, 11.832314000382578, 0.0 ], [ 79.773053294085287, 11.822366183721863, 0.0 ], [ 79.764856649829468, 11.824533277062129, 0.0 ], [ 79.764721221001849, 11.833483577306371, 0.0 ], [ 79.737379999813143, 11.844288000301841, 0.0 ], [ 79.737534999640019, 11.836416000052326, 0.0 ], [ 79.728870999749404, 11.83666499982661, 0.0 ], [ 79.735658000214642, 11.808848000369231, 0.0 ], [ 79.723914821680694, 11.810568790883213, 0.0 ], [ 79.723040999764606, 11.796141999840701, 0.0 ], [ 79.712646757954374, 11.791599336036601, 0.0 ], [ 79.75080600034363, 11.775617999871855, 0.0 ], [ 79.766386104585138, 11.792364099202629, 0.0 ], [ 79.770252999972712, 11.78262400003586, 0.0 ], [ 79.795839634172779, 11.785522192194183, 0.0 ], [ 79.760651248008855, 11.624372777889308, 0.0 ], [ 79.756980767830612, 11.557048033225611, 0.0 ], [ 79.762895083002419, 11.52952718771509, 0.0 ], [ 79.774011403185384, 11.504656985945404, 0.0 ], [ 79.767932489816474, 11.510680643135675, 0.0 ], [ 79.772730376123604, 11.50106775272066, 0.0 ], [ 79.778244587350528, 11.501517950817316, 0.0 ], [ 79.77070223741147, 11.513707795140821, 0.0 ], [ 79.778641270661666, 11.506426565565821, 0.0 ], [ 79.779229934789782, 11.501494853989465, 0.0 ], [ 79.775622392316734, 11.49402279807677, 0.0 ], [ 79.777068093207518, 11.488553973938917, 0.0 ], [ 79.810706468871658, 11.432736232811818, 0.0 ], [ 79.804360231628706, 11.383234700379115, 0.0 ], [ 79.791568397601651, 11.372427925417725, 0.0 ], [ 79.764394624700529, 11.381973881202715, 0.0 ], [ 79.756922154329146, 11.372894318573479, 0.0 ], [ 79.759308409403019, 11.352622554881476, 0.0 ], [ 79.724508894687546, 11.345844264048727, 0.0 ], [ 79.683809023000407, 11.311993719303077, 0.0 ], [ 79.651033521945834, 11.299933307986135, 0.0 ], [ 79.642418262579824, 11.283638526233631, 0.0 ], [ 79.646955608223422, 11.249260422286371, 0.0 ], [ 79.63361685350678, 11.246309105203295, 0.0 ], [ 79.616366554142317, 11.255531832091409, 0.0 ], [ 79.598348151068038, 11.218227789276371, 0.0 ], [ 79.561941928438131, 11.208281538080511, 0.0 ], [ 79.458662320373904, 11.150554685600294, 0.0 ], [ 79.463881657850408, 11.170537128597852, 0.0 ], [ 79.481797010943055, 11.177632941167424, 0.0 ], [ 79.501820680252052, 11.203347892961311, 0.0 ], [ 79.510211489698463, 11.228140123199591, 0.0 ], [ 79.495173676060801, 11.24840973463726, 0.0 ], [ 79.494887841725358, 11.25851014997818, 0.0 ], [ 79.503984359216432, 11.257773745016102, 0.0 ], [ 79.505245227564444, 11.26458166083507, 0.0 ], [ 79.49830327071551, 11.313889835248931, 0.0 ], [ 79.473552668640082, 11.314065760552072, 0.0 ], [ 79.448651163209121, 11.335235767034987, 0.0 ], [ 79.437525089847881, 11.333796133788246, 0.0 ], [ 79.430798502806795, 11.345549712102349, 0.0 ], [ 79.437323483952184, 11.357287386583513, 0.0 ], [ 79.428432258811284, 11.357392879796372, 0.0 ], [ 79.425804316018002, 11.36665957856779, 0.0 ], [ 79.424699383303135, 11.360358658129545, 0.0 ], [ 79.408538727649244, 11.364862615556893, 0.0 ], [ 79.405367895198097, 11.354141095367783, 0.0 ], [ 79.395203286034231, 11.353513419137762, 0.0 ], [ 79.389097593574519, 11.368760083329837, 0.0 ], [ 79.394069285684751, 11.401702696713301, 0.0 ], [ 79.385080533300567, 11.409206347123403, 0.0 ], [ 79.377653883967142, 11.402896222740292, 0.0 ], [ 79.384035849738908, 11.397119516689976, 0.0 ], [ 79.37718666709371, 11.397440412683235, 0.0 ], [ 79.377717896546685, 11.411272029714008, 0.0 ], [ 79.368366513370091, 11.417604443635836, 0.0 ], [ 79.312739658319842, 11.418491556570418, 0.0 ], [ 79.292586547701049, 11.412325169220644, 0.0 ], [ 79.296018756648238, 11.379989171038511, 0.0 ], [ 79.258610287007897, 11.38847369863201, 0.0 ], [ 79.241556684437739, 11.369617165614146, 0.0 ], [ 79.237830225727791, 11.388616615007116, 0.0 ], [ 79.230244800244336, 11.392009399925477, 0.0 ], [ 79.17664066596322, 11.373955394022143, 0.0 ], [ 79.105875175054734, 11.401715746070831, 0.0 ], [ 79.083138199426415, 11.39679492514111, 0.0 ], [ 79.053000191791625, 11.402831779759781, 0.0 ], [ 79.032441738866098, 11.393568328191233, 0.0 ], [ 78.996989649673708, 11.407552043660026, 0.0 ], [ 78.962086764381255, 11.405457247043197, 0.0 ], [ 78.877633963795631, 11.507522975683726, 0.0 ], [ 78.904944875741506, 11.5053479378478, 0.0 ], [ 78.923799842406055, 11.567076720345174, 0.0 ], [ 78.974255259038259, 11.574559333384451, 0.0 ], [ 78.981028134804887, 11.567017611681335, 0.0 ], [ 79.004407118242554, 11.57462989306549, 0.0 ], [ 79.018867716793139, 11.592874383043917, 0.0 ], [ 79.01213801839603, 11.602657625396763, 0.0 ], [ 79.018389881009668, 11.606746218797637, 0.0 ], [ 79.049808045769808, 11.595619452816418, 0.0 ], [ 79.043181376126782, 11.587228228311488, 0.0 ], [ 79.049192034920566, 11.585724858329643, 0.0 ], [ 79.06815028401148, 11.59877006764172, 0.0 ], [ 79.077865585686965, 11.596891709073603, 0.0 ], [ 79.076974009119837, 11.607992815287451, 0.0 ], [ 79.065570805941519, 11.611326182866874, 0.0 ], [ 79.067482953316713, 11.630215954002647, 0.0 ], [ 79.084089674369096, 11.634318877866205, 0.0 ], [ 79.098219190287892, 11.6141750381558, 0.0 ], [ 79.112941392179394, 11.613285854725151, 0.0 ], [ 79.116472471443331, 11.599178977260026, 0.0 ], [ 79.135755433692935, 11.588950409058956, 0.0 ], [ 79.156487327595315, 11.598242716822677, 0.0 ], [ 79.183690281812446, 11.585976125825372, 0.0 ], [ 79.212389481206927, 11.620091596299867, 0.0 ], [ 79.209999900638309, 11.633715672850315, 0.0 ], [ 79.218887720423425, 11.638902160688572, 0.0 ], [ 79.235606766290402, 11.629327637270306, 0.0 ], [ 79.24874366600578, 11.652397499992405, 0.0 ], [ 79.270886738573552, 11.643728376279206, 0.0 ], [ 79.291464819108086, 11.647274805904335, 0.0 ], [ 79.296347026591974, 11.636364918827892, 0.0 ], [ 79.308732804818305, 11.632657362001789, 0.0 ], [ 79.332314066325992, 11.660962378374659, 0.0 ], [ 79.359841916287309, 11.659885602756633, 0.0 ], [ 79.361551482820374, 11.672691006272382, 0.0 ], [ 79.376909351319682, 11.679119208941378, 0.0 ], [ 79.444278808423675, 11.666008859181748, 0.0 ], [ 79.435861480873911, 11.723939394655705, 0.0 ], [ 79.428450550614002, 11.731163651344941, 0.0 ], [ 79.462791058896116, 11.743229058568673, 0.0 ], [ 79.463751516249985, 11.76724714177606, 0.0 ], [ 79.438777483144335, 11.766629405713118, 0.0 ], [ 79.430641467057782, 11.778536657129994, 0.0 ], [ 79.443521370868126, 11.809957238652839, 0.0 ], [ 79.466424438209884, 11.807284567676383, 0.0 ], [ 79.468307649085659, 11.799238397810312, 0.0 ], [ 79.482690930223569, 11.811853512642962, 0.0 ], [ 79.480497603065828, 11.837184306803891, 0.0 ], [ 79.471636515089912, 11.835352091992211, 0.0 ], [ 79.472227644621796, 11.846882422276906, 0.0 ], [ 79.451500773398593, 11.849080513266298, 0.0 ], [ 79.455076864187092, 11.871494192820171, 0.0 ], [ 79.529160587770761, 11.857094845860937, 0.0 ], [ 79.565022629689082, 11.839929595279751, 0.0 ], [ 79.59081959949809, 11.841475745814073, 0.0 ], [ 79.636751339442171, 11.800455152395864, 0.0 ], [ 79.668194029034453, 11.810600266346924, 0.0 ], [ 79.679623405576805, 11.796933688219207, 0.0 ], [ 79.69004100010487, 11.802987000270861, 0.0 ], [ 79.685252255693953, 11.83195007163903, 0.0 ], [ 79.703092361622097, 11.831910000929549, 0.0 ], [ 79.685816999970896, 11.88701099969847, 0.0 ], [ 79.709425977310119, 11.889264831762821, 0.0 ] ], [ [ 79.698931999672553, 11.861364999961971, 0.0 ], [ 79.697222999803245, 11.874049999649159, 0.0 ], [ 79.696053000134668, 11.860395999945103, 0.0 ], [ 79.698931999672553, 11.861364999961971, 0.0 ] ], [ [ 79.701424033974945, 11.823358442877112, 0.0 ], [ 79.69338499970263, 11.813716000216022, 0.0 ], [ 79.704222504301583, 11.813135487045177, 0.0 ], [ 79.701424033974945, 11.823358442877112, 0.0 ] ] ], [ [ [ 79.767979999949532, 11.900403999813225, 0.0 ], [ 79.797114999752992, 11.894063999661263, 0.0 ], [ 79.793019000031705, 11.877108999770076, 0.0 ], [ 79.781437000002725, 11.862757999737333, 0.0 ], [ 79.767979999949532, 11.900403999813225, 0.0 ] ], [ [ 79.79325699991449, 11.884625000319232, 0.0 ], [ 79.794138000398334, 11.884102999847224, 0.0 ], [ 79.79417499989566, 11.88458899977279, 0.0 ], [ 79.79325699991449, 11.884625000319232, 0.0 ] ] ] ] } },
{ "type": "Feature", "properties": { "name": "ERODE" }, "geometry": { "type": "Polygon", "coordinates": [ [ [ 77.652054096815732, 11.954819868179138, 0.0 ], [ 77.680246808690995, 11.949895086426361, 0.0 ], [ 77.685352412731561, 11.877212698888567, 0.0 ], [ 77.66179136687272, 11.878368768027684, 0.0 ], [ 77.66252738278142, 11.852618386380222, 0.0 ], [ 77.646703265911739, 11.818764828602994, 0.0 ], [ 77.661375969547606, 11.813963507831057, 0.0 ], [ 77.666029732450397, 11.82430016942625, 0.0 ], [ 77.691810269717777, 11.817719323350365, 0.0 ], [ 77.710652121907458, 11.810288352889676, 0.0 ], [ 77.709831920540992, 11.797596430080025, 0.0 ], [ 77.722181780008839, 11.795084187392906, 0.0 ], [ 77.690961499143484, 11.718508805088513, 0.0 ], [ 77.689894605311025, 11.694751367983825, 0.0 ], [ 77.698221326593625, 11.693472071259261, 0.0 ], [ 77.689632358932414, 11.663689346633486, 0.0 ], [ 77.695488170557695, 11.639645852639962, 0.0 ], [ 77.705470196755797, 11.634429022889226, 0.0 ], [ 77.714962196934664, 11.649286681820568, 0.0 ], [ 77.73421298733831, 11.657868918626045, 0.0 ], [ 77.745622105919892, 11.654610150722224, 0.0 ], [ 77.770550440360239, 11.697062875080308, 0.0 ], [ 77.77651772616835, 11.695704635055554, 0.0 ], [ 77.735897492854861, 11.601322669439865, 0.0 ], [ 77.746199001866586, 11.570648197615409, 0.0 ], [ 77.724063837090313, 11.536660247323582, 0.0 ], [ 77.732443304125695, 11.511661320415339, 0.0 ], [ 77.699136174635242, 11.477025024565203, 0.0 ], [ 77.683737112717125, 11.419455434607215, 0.0 ], [ 77.717492292901227, 11.378273699785387, 0.0 ], [ 77.750823684586436, 11.354152454169114, 0.0 ], [ 77.757556752807162, 11.334307466376105, 0.0 ], [ 77.807697149569876, 11.267597680802353, 0.0 ], [ 77.840847907270714, 11.260602429211575, 0.0 ], [ 77.865379853312476, 11.241276576905314, 0.0 ], [ 77.870825302987797, 11.214752341609062, 0.0 ], [ 77.861455145334276, 11.185691545220221, 0.0 ], [ 77.884340559558154, 11.155931185308342, 0.0 ], [ 77.887662583385094, 11.08738200386202, 0.0 ], [ 77.895346080810427, 11.076723067552285, 0.0 ], [ 77.933127141006807, 11.070155721246653, 0.0 ], [ 77.919757048808847, 11.046892038893146, 0.0 ], [ 77.907274017463095, 11.046039019332811, 0.0 ], [ 77.88107727206237, 11.024306633082142, 0.0 ], [ 77.855042008016994, 11.030918566891074, 0.0 ], [ 77.851645278904286, 11.046101742815676, 0.0 ], [ 77.830509053905871, 11.047802960653446, 0.0 ], [ 77.828062722794897, 11.063221090434872, 0.0 ], [ 77.817833573429695, 11.070302276971963, 0.0 ], [ 77.775150766290452, 11.058320620190329, 0.0 ], [ 77.738197365127462, 11.085362326864463, 0.0 ], [ 77.730139886189377, 11.076654575379042, 0.0 ], [ 77.713363462723663, 11.078173819594355, 0.0 ], [ 77.707019446319492, 11.091537241659017, 0.0 ], [ 77.661369417085155, 11.10377682509916, 0.0 ], [ 77.654464031124377, 11.116203502144208, 0.0 ], [ 77.632389407046247, 11.125479808204185, 0.0 ], [ 77.61355008998315, 11.125456622636776, 0.0 ], [ 77.598712734226666, 11.111627981677973, 0.0 ], [ 77.584225310729707, 11.121425851408036, 0.0 ], [ 77.556208150311932, 11.108221034554017, 0.0 ], [ 77.503252173730331, 11.106908717059714, 0.0 ], [ 77.498943795614451, 11.146557952380721, 0.0 ], [ 77.483209067784415, 11.140018859982353, 0.0 ], [ 77.485135157279913, 11.160828986369639, 0.0 ], [ 77.469728592936775, 11.164848174633621, 0.0 ], [ 77.476332875330726, 11.184931255944257, 0.0 ], [ 77.487940262901802, 11.178978810583116, 0.0 ], [ 77.512322586299987, 11.183025868753127, 0.0 ], [ 77.516863739953934, 11.205633445495524, 0.0 ], [ 77.510736002290884, 11.198457762219904, 0.0 ], [ 77.499041061779451, 11.205627414174689, 0.0 ], [ 77.501990019299939, 11.219258125113161, 0.0 ], [ 77.494481469741231, 11.222462145782179, 0.0 ], [ 77.500232112798543, 11.226780048697657, 0.0 ], [ 77.465258550255641, 11.252279494972262, 0.0 ], [ 77.469088243766137, 11.270087420559561, 0.0 ], [ 77.452390329094342, 11.313299021861059, 0.0 ], [ 77.454541745177323, 11.306804556523218, 0.0 ], [ 77.448218437050826, 11.311453732591456, 0.0 ], [ 77.44396837269619, 11.30566724158821, 0.0 ], [ 77.425740098317107, 11.319655025027055, 0.0 ], [ 77.417536046814462, 11.31032204256255, 0.0 ], [ 77.386764303815198, 11.322065111097386, 0.0 ], [ 77.378614937024622, 11.339410140409388, 0.0 ], [ 77.363182408974538, 11.341497642992515, 0.0 ], [ 77.366080972201189, 11.317132553925818, 0.0 ], [ 77.333775001957875, 11.315073484522804, 0.0 ], [ 77.3487220469665, 11.285918336490843, 0.0 ], [ 77.33132800889571, 11.25678312613266, 0.0 ], [ 77.295591505914587, 11.272761596126063, 0.0 ], [ 77.314376076946544, 11.281967936906108, 0.0 ], [ 77.286317183477522, 11.292370840000665, 0.0 ], [ 77.288939728002006, 11.343746291296828, 0.0 ], [ 77.287710244007513, 11.333188878009661, 0.0 ], [ 77.253884515867711, 11.310772227572713, 0.0 ], [ 77.248979278514028, 11.329564667906805, 0.0 ], [ 77.238329187836669, 11.322384259647066, 0.0 ], [ 77.241533374624098, 11.305138738682803, 0.0 ], [ 77.203431747411472, 11.299974798112, 0.0 ], [ 77.204318090883703, 11.309941529361327, 0.0 ], [ 77.21810270511935, 11.305865160754069, 0.0 ], [ 77.226455758221604, 11.317556311066888, 0.0 ], [ 77.236521578934685, 11.314063320851364, 0.0 ], [ 77.234544472877047, 11.331105019746728, 0.0 ], [ 77.221525439381253, 11.340208257589506, 0.0 ], [ 77.234093830302228, 11.352037893168472, 0.0 ], [ 77.210841705906631, 11.349595148828231, 0.0 ], [ 77.196602706925745, 11.338673434904671, 0.0 ], [ 77.178730308134391, 11.342057833477478, 0.0 ], [ 77.174514792895707, 11.33253001812494, 0.0 ], [ 77.182499732911282, 11.313842423556098, 0.0 ], [ 77.167679019075578, 11.31722563592418, 0.0 ], [ 77.158602693621944, 11.332685478830674, 0.0 ], [ 77.138142395145323, 11.339986660026907, 0.0 ], [ 77.129315650950161, 11.354161952568944, 0.0 ], [ 77.130442356944769, 11.375325212396451, 0.0 ], [ 77.113111949226081, 11.380943141564316, 0.0 ], [ 77.11026972108678, 11.406368774935341, 0.0 ], [ 77.091508739134653, 11.403338221789351, 0.0 ], [ 77.091349718658961, 11.393556649412821, 0.0 ], [ 77.070465054128505, 11.386090300955034, 0.0 ], [ 77.070424900768643, 11.402498344415465, 0.0 ], [ 77.045428351392715, 11.402532718992273, 0.0 ], [ 77.032510193787928, 11.384814265307824, 0.0 ], [ 77.02344293360116, 11.38770841971386, 0.0 ], [ 77.025431904887512, 11.373339664183051, 0.0 ], [ 77.01361019562529, 11.368760801633329, 0.0 ], [ 76.971607276431527, 11.386189528362987, 0.0 ], [ 76.957461339042027, 11.381057321336447, 0.0 ], [ 76.980997946821674, 11.401296505605062, 0.0 ], [ 76.976050844981941, 11.413914258370111, 0.0 ], [ 76.982917508109409, 11.440363805825365, 0.0 ], [ 77.007296535176906, 11.434367785623101, 0.0 ], [ 77.011422159086408, 11.440991433282635, 0.0 ], [ 77.01221481890741, 11.452007256614774, 0.0 ], [ 76.991051821489236, 11.481167219013345, 0.0 ], [ 76.996541020828559, 11.512882360830917, 0.0 ], [ 77.015055635427103, 11.525486866137497, 0.0 ], [ 77.006177586849773, 11.524034287694329, 0.0 ], [ 77.007239442992727, 11.545152089808745, 0.0 ], [ 76.975830273397577, 11.553690039442625, 0.0 ], [ 76.973339366824376, 11.565928492824771, 0.0 ], [ 76.939976194720757, 11.579240316175953, 0.0 ], [ 76.920163127421731, 11.578492362809094, 0.0 ], [ 76.916978700385229, 11.563934483846731, 0.0 ], [ 76.907720677440679, 11.580736631648671, 0.0 ], [ 76.891096268979453, 11.572312533304501, 0.0 ], [ 76.846718026617964, 11.582069263970121, 0.0 ], [ 76.858124540077, 11.614029850504327, 0.0 ], [ 76.834627376565123, 11.639501473174883, 0.0 ], [ 76.835005099539529, 11.655416385404957, 0.0 ], [ 76.862632998894483, 11.711010989727701, 0.0 ], [ 76.888349441836169, 11.733643169438436, 0.0 ], [ 76.89661073768896, 11.776467614708423, 0.0 ], [ 76.908003608057228, 11.795245400430051, 0.0 ], [ 76.953939630420351, 11.792052136285731, 0.0 ], [ 76.969922698747808, 11.776859735738826, 0.0 ], [ 76.982148623031804, 11.811503601779537, 0.0 ], [ 77.012940239971442, 11.814615034763857, 0.0 ], [ 77.014010582311826, 11.806210791131981, 0.0 ], [ 77.029879935787477, 11.804674974630904, 0.0 ], [ 77.038749268431346, 11.793846691776199, 0.0 ], [ 77.028864763756658, 11.774674732742586, 0.0 ], [ 77.03510161601136, 11.769779006785265, 0.0 ], [ 77.04646867758477, 11.78761664086052, 0.0 ], [ 77.062942565648868, 11.790396713427702, 0.0 ], [ 77.069756567229433, 11.782076409156968, 0.0 ], [ 77.05642675163196, 11.769775762608511, 0.0 ], [ 77.080217979816908, 11.735981982772454, 0.0 ], [ 77.105009833056812, 11.732798241046936, 0.0 ], [ 77.117706434268612, 11.7210720829059, 0.0 ], [ 77.110746561728178, 11.773472452799309, 0.0 ], [ 77.138078199750723, 11.772641478981393, 0.0 ], [ 77.147094664000022, 11.781914793002256, 0.0 ], [ 77.189235765858882, 11.792521525302698, 0.0 ], [ 77.23860169449803, 11.794652748194061, 0.0 ], [ 77.249876034545522, 11.813012677877589, 0.0 ], [ 77.28797552761327, 11.800435621620897, 0.0 ], [ 77.293854378690213, 11.808998278288152, 0.0 ], [ 77.335148832115507, 11.771230779678691, 0.0 ], [ 77.360424792756234, 11.779469287088055, 0.0 ], [ 77.36484641478549, 11.790403376889481, 0.0 ], [ 77.394455531177158, 11.787633191139991, 0.0 ], [ 77.422227289809612, 11.772376037653155, 0.0 ], [ 77.427241113113794, 11.760870368761699, 0.0 ], [ 77.449803389419046, 11.79601025421471, 0.0 ], [ 77.466614660820767, 11.847081040029908, 0.0 ], [ 77.459938091977804, 11.863449551135815, 0.0 ], [ 77.465856406030824, 11.874196236289134, 0.0 ], [ 77.461627960293143, 11.899983508036438, 0.0 ], [ 77.486200352151343, 11.88741029543475, 0.0 ], [ 77.494800703626524, 11.943847009335652, 0.0 ], [ 77.537983910204304, 11.932385395097834, 0.0 ], [ 77.558177811188827, 11.941548839811869, 0.0 ], [ 77.603452009299929, 11.93765673034739, 0.0 ], [ 77.652054096815732, 11.954819868179138, 0.0 ] ] ] } },
{ "type": "Feature", "properties": { "name": "KARUR" }, "geometry": { "type": "Polygon", "coordinates": [ [ [ 77.99059133468127, 11.096190642706379, 0.0 ], [ 78.054766350172173, 11.073963064911339, 0.0 ], [ 78.101741837525779, 11.07549931499608, 0.0 ], [ 78.160011684980788, 11.022382235096453, 0.0 ], [ 78.170841796997848, 10.995025008045333, 0.0 ], [ 78.197048246652216, 10.97252081021254, 0.0 ], [ 78.198719280799708, 10.961068542761746, 0.0 ], [ 78.218183348945203, 10.958857801756304, 0.0 ], [ 78.250331506943112, 10.968809961039184, 0.0 ], [ 78.401176064956957, 10.961316276859231, 0.0 ], [ 78.468835788998391, 10.921259575448506, 0.0 ], [ 78.463800949223511, 10.913959379778897, 0.0 ], [ 78.47816945392897, 10.901530326955234, 0.0 ], [ 78.471245026059705, 10.886280988860907, 0.0 ], [ 78.484525978436452, 10.885666622452449, 0.0 ], [ 78.490552546873971, 10.895125500427758, 0.0 ], [ 78.504625082064891, 10.885519340721746, 0.0 ], [ 78.550608148352509, 10.877552216291392, 0.0 ], [ 78.558166597367247, 10.863789849689036, 0.0 ], [ 78.577919662397193, 10.852701179171245, 0.0 ], [ 78.572930938141397, 10.835729973477239, 0.0 ], [ 78.587814409374317, 10.828573400158424, 0.0 ], [ 78.576473780094702, 10.8080538707837, 0.0 ], [ 78.554640066548899, 10.81341474852195, 0.0 ], [ 78.544956385663411, 10.796099369869331, 0.0 ], [ 78.571702454806584, 10.77501850122386, 0.0 ], [ 78.562241429197613, 10.764547436599399, 0.0 ], [ 78.56538874383692, 10.734455423820796, 0.0 ], [ 78.520312713996091, 10.710606721805817, 0.0 ], [ 78.513499291199082, 10.694891506269055, 0.0 ], [ 78.470615617830276, 10.703650711241751, 0.0 ], [ 78.470812814972533, 10.690112239189714, 0.0 ], [ 78.438188975598848, 10.689952496090664, 0.0 ], [ 78.422295117724516, 10.671132189916246, 0.0 ], [ 78.403836627987843, 10.676531286257468, 0.0 ], [ 78.399249185266498, 10.696294523253075, 0.0 ], [ 78.384395071094772, 10.716690746289261, 0.0 ], [ 78.374325464869685, 10.718476175870274, 0.0 ], [ 78.37782205877491, 10.725970968168074, 0.0 ], [ 78.344993844339854, 10.721507165325519, 0.0 ], [ 78.341878653372916, 10.705247110935478, 0.0 ], [ 78.320500859412078, 10.709085878280641, 0.0 ], [ 78.316365965761705, 10.701653588418274, 0.0 ], [ 78.292530171855006, 10.701801309060137, 0.0 ], [ 78.292346575947164, 10.735274331903321, 0.0 ], [ 78.2834522969234, 10.745871792317327, 0.0 ], [ 78.255791953574715, 10.601409669015599, 0.0 ], [ 78.262608720661532, 10.578860228093658, 0.0 ], [ 78.243108398355616, 10.554325076751686, 0.0 ], [ 78.230744882109619, 10.550025750576907, 0.0 ], [ 78.200017368064408, 10.54668869906409, 0.0 ], [ 78.180932991409875, 10.559796752099711, 0.0 ], [ 78.170041024018886, 10.554202003859928, 0.0 ], [ 78.160964293409876, 10.562493377089647, 0.0 ], [ 78.139167798563321, 10.562630184045874, 0.0 ], [ 78.132712409822162, 10.575088419213355, 0.0 ], [ 78.136166617961379, 10.596777164329769, 0.0 ], [ 78.165392101897595, 10.613740417332032, 0.0 ], [ 78.163065255810878, 10.648850333889774, 0.0 ], [ 78.145535384062441, 10.64958837149158, 0.0 ], [ 78.145070434803017, 10.676705942351981, 0.0 ], [ 78.154666445682778, 10.720050970429712, 0.0 ], [ 78.151637274073323, 10.740510237368273, 0.0 ], [ 78.168249025365498, 10.775886272727805, 0.0 ], [ 78.169888550935383, 10.798984899804488, 0.0 ], [ 78.186059024069436, 10.819323888327974, 0.0 ], [ 78.180819410949468, 10.821191680013007, 0.0 ], [ 78.186320899121171, 10.826321304439711, 0.0 ], [ 78.186637606328091, 10.833033898934623, 0.0 ], [ 78.177088542653394, 10.822724657579458, 0.0 ], [ 78.174415334947639, 10.835133241616747, 0.0 ], [ 78.152306147005049, 10.826442893633466, 0.0 ], [ 78.149127013539271, 10.803868647858737, 0.0 ], [ 78.105065030661507, 10.805034074175058, 0.0 ], [ 78.096416425338106, 10.788868544944481, 0.0 ], [ 78.098060266544323, 10.766931656358608, 0.0 ], [ 78.069947743287216, 10.775719277089168, 0.0 ], [ 78.056921384284678, 10.763570239667775, 0.0 ], [ 78.055693577695465, 10.773939621652426, 0.0 ], [ 78.034119495838837, 10.774548256685758, 0.0 ], [ 78.027808117233789, 10.781457778412006, 0.0 ], [ 78.024634245237792, 10.771575292184256, 0.0 ], [ 77.998525640137004, 10.774475584358017, 0.0 ], [ 77.994927546909551, 10.761738656256448, 0.0 ], [ 77.983278559786427, 10.759464426143852, 0.0 ], [ 77.939211148063549, 10.768407684098216, 0.0 ], [ 77.931306313042981, 10.736621197987819, 0.0 ], [ 77.998170623568328, 10.742773848564433, 0.0 ], [ 77.998664009145429, 10.729879420740595, 0.0 ], [ 78.010592170149977, 10.731102743387712, 0.0 ], [ 78.008712555594585, 10.722115545050775, 0.0 ], [ 78.015167651392886, 10.719636378907333, 0.0 ], [ 78.005546050207869, 10.675464448660946, 0.0 ], [ 77.969850040105214, 10.672496377789873, 0.0 ], [ 77.977782940138439, 10.639829990691894, 0.0 ], [ 77.913972595843049, 10.64824171356098, 0.0 ], [ 77.909216196430378, 10.657047754738052, 0.0 ], [ 77.895912592635369, 10.645512650244189, 0.0 ], [ 77.876417869352153, 10.645431570449739, 0.0 ], [ 77.872301043005791, 10.631246493709467, 0.0 ], [ 77.845993164343227, 10.639006048830321, 0.0 ], [ 77.829246186760301, 10.633642465006288, 0.0 ], [ 77.812956834034836, 10.64823550373946, 0.0 ], [ 77.817702854712195, 10.679413424176298, 0.0 ], [ 77.808031787846943, 10.680771874726307, 0.0 ], [ 77.810006379870629, 10.699039040724976, 0.0 ], [ 77.824620029240975, 10.715075744151811, 0.0 ], [ 77.827036218974371, 10.749828504132848, 0.0 ], [ 77.812803667839773, 10.758446782298602, 0.0 ], [ 77.797015517146974, 10.752430802857051, 0.0 ], [ 77.771090406796489, 10.76715430255363, 0.0 ], [ 77.777780027883409, 10.789631639349036, 0.0 ], [ 77.793635308766184, 10.790296564618732, 0.0 ], [ 77.798545859713983, 10.805752879933099, 0.0 ], [ 77.827845876673891, 10.797546042462995, 0.0 ], [ 77.835898925597604, 10.786789008683614, 0.0 ], [ 77.871121363554892, 10.771730601604455, 0.0 ], [ 77.892027660693216, 10.773805494260468, 0.0 ], [ 77.892923978003239, 10.781521653807815, 0.0 ], [ 77.88983829531594, 10.793595510011672, 0.0 ], [ 77.881375546753588, 10.788844741204169, 0.0 ], [ 77.87143594087685, 10.79539448424768, 0.0 ], [ 77.873428185303126, 10.833912111941139, 0.0 ], [ 77.866861392056009, 10.844100613342983, 0.0 ], [ 77.856416750297157, 10.849347974296659, 0.0 ], [ 77.836193225172366, 10.835350746288167, 0.0 ], [ 77.820719429910653, 10.857718995473729, 0.0 ], [ 77.796407171842702, 10.865949129042521, 0.0 ], [ 77.788910168067204, 10.886084819347612, 0.0 ], [ 77.784020881219391, 10.873123631595888, 0.0 ], [ 77.774939170316671, 10.871249189304613, 0.0 ], [ 77.771670281622519, 10.893492343346768, 0.0 ], [ 77.760836917867692, 10.901579537527462, 0.0 ], [ 77.76999355028498, 10.961765889084361, 0.0 ], [ 77.753171228385781, 10.965605962994832, 0.0 ], [ 77.750206598763043, 10.976521106717581, 0.0 ], [ 77.781298540019407, 10.998438161251586, 0.0 ], [ 77.78970128054408, 11.018786906522646, 0.0 ], [ 77.791906819905975, 11.033089576743231, 0.0 ], [ 77.78236463180194, 11.038967414319428, 0.0 ], [ 77.776569290604542, 11.05833467328541, 0.0 ], [ 77.817833573429695, 11.070302276971963, 0.0 ], [ 77.828062722794897, 11.063221090434872, 0.0 ], [ 77.830509053905871, 11.047802960653446, 0.0 ], [ 77.851645278904286, 11.046101742815676, 0.0 ], [ 77.855042008016994, 11.030918566891074, 0.0 ], [ 77.88107727206237, 11.024306633082142, 0.0 ], [ 77.907274017463095, 11.046039019332811, 0.0 ], [ 77.919757048808847, 11.046892038893146, 0.0 ], [ 77.933127141006807, 11.070155721246653, 0.0 ], [ 77.951925504114044, 11.066743715200584, 0.0 ], [ 77.99059133468127, 11.096190642706379, 0.0 ] ] ] } },
{ "type": "Feature", "properties": { "name": "KRISHNAGIRI" }, "geometry": { "type": "Polygon", "coordinates": [ [ [ 77.93598967722599, 12.885436427765965, 0.0 ], [ 77.927722901091158, 12.874916340679485, 0.0 ], [ 77.941214299215702, 12.868215401277801, 0.0 ], [ 77.922813450324654, 12.855564049574571, 0.0 ], [ 77.920556512868359, 12.82815719682468, 0.0 ], [ 77.940678316687666, 12.823344374356875, 0.0 ], [ 77.946609578697249, 12.838709184086889, 0.0 ], [ 77.939994558727136, 12.853142646269125, 0.0 ], [ 77.952335996612376, 12.857116812135676, 0.0 ], [ 77.952776187365998, 12.850129307054528, 0.0 ], [ 77.965350592851294, 12.848182053032327, 0.0 ], [ 77.964318272816897, 12.832842675144413, 0.0 ], [ 77.980393873691824, 12.835056157800205, 0.0 ], [ 77.979271468223544, 12.827043232303019, 0.0 ], [ 77.989784192230019, 12.821547655758833, 0.0 ], [ 77.988521091376469, 12.808192580415152, 0.0 ], [ 78.00975275738007, 12.805739117472747, 0.0 ], [ 78.015312470102046, 12.813791088224853, 0.0 ], [ 78.003917011112947, 12.8255957613293, 0.0 ], [ 78.018297653725625, 12.831052496194198, 0.0 ], [ 78.019149629389375, 12.843943372111911, 0.0 ], [ 78.028987870554175, 12.845185703850122, 0.0 ], [ 78.023865688908685, 12.856500915989882, 0.0 ], [ 78.057825062525168, 12.85211025506217, 0.0 ], [ 78.060208763829195, 12.843826401533571, 0.0 ], [ 78.077206496937208, 12.838849631231703, 0.0 ], [ 78.073859721133175, 12.830514688451451, 0.0 ], [ 78.086198637342306, 12.831936226596026, 0.0 ], [ 78.090161996945938, 12.817360879883717, 0.0 ], [ 78.124990392424095, 12.798186794979005, 0.0 ], [ 78.134237551032058, 12.78196572303505, 0.0 ], [ 78.167663549119027, 12.770080789981469, 0.0 ], [ 78.195164403505373, 12.773844827697163, 0.0 ], [ 78.230951227993998, 12.760659714739548, 0.0 ], [ 78.240832749824094, 12.729522870975247, 0.0 ], [ 78.231171429373418, 12.712555214202155, 0.0 ], [ 78.207175317193915, 12.708170019776999, 0.0 ], [ 78.209939765776397, 12.700503848259196, 0.0 ], [ 78.199364052943523, 12.695453671492732, 0.0 ], [ 78.201011076252087, 12.691738114518301, 0.0 ], [ 78.237706751497342, 12.685759953775344, 0.0 ], [ 78.244560987826802, 12.706326288667773, 0.0 ], [ 78.271086063733648, 12.705057993837798, 0.0 ], [ 78.300994371029176, 12.665869266514294, 0.0 ], [ 78.343592283645961, 12.648739956185921, 0.0 ], [ 78.370315987187141, 12.627648806687514, 0.0 ], [ 78.411920244758733, 12.627588551889202, 0.0 ], [ 78.407338473121342, 12.602310102546895, 0.0 ], [ 78.42131330913665, 12.567528942437161, 0.0 ], [ 78.415541614221397, 12.488224098038696, 0.0 ], [ 78.450176792046747, 12.449360850282178, 0.0 ], [ 78.455570143057074, 12.428491561726689, 0.0 ], [ 78.435829902620455, 12.393820297133516, 0.0 ], [ 78.458780990579072, 12.384951379318716, 0.0 ], [ 78.464765131140112, 12.39185587165665, 0.0 ], [ 78.490148997584313, 12.386857041949636, 0.0 ], [ 78.496095983820112, 12.412115757681741, 0.0 ], [ 78.508583684549279, 12.398758412846487, 0.0 ], [ 78.514074739547894, 12.407149617994513, 0.0 ], [ 78.567516371941778, 12.388997852744904, 0.0 ], [ 78.584520374884661, 12.360612324337209, 0.0 ], [ 78.617246213273177, 12.347273412648351, 0.0 ], [ 78.611206679720127, 12.330011832185599, 0.0 ], [ 78.604586823231585, 12.331760402377327, 0.0 ], [ 78.588330368566375, 12.312766008322015, 0.0 ], [ 78.609452323179056, 12.309776346742062, 0.0 ], [ 78.613098561511492, 12.294147010160028, 0.0 ], [ 78.603118498413039, 12.263668827659409, 0.0 ], [ 78.623721564683905, 12.264822698424791, 0.0 ], [ 78.643852214700971, 12.280890649227375, 0.0 ], [ 78.635197418243592, 12.261225045763508, 0.0 ], [ 78.648060862275955, 12.258354385691579, 0.0 ], [ 78.6506745382503, 12.24044755016592, 0.0 ], [ 78.668154011260128, 12.229453554599507, 0.0 ], [ 78.666804730717189, 12.208011351711344, 0.0 ], [ 78.656593991863488, 12.197680065787699, 0.0 ], [ 78.643894596208824, 12.205292396963065, 0.0 ], [ 78.632880711685615, 12.176618573383408, 0.0 ], [ 78.612343609122419, 12.182489160163453, 0.0 ], [ 78.582491985923042, 12.162335558414631, 0.0 ], [ 78.571482891686699, 12.193534391095941, 0.0 ], [ 78.554647321657214, 12.180481390731543, 0.0 ], [ 78.516515276227707, 12.177186666094519, 0.0 ], [ 78.506364044336749, 12.142939606487205, 0.0 ], [ 78.465280880882815, 12.146686194303932, 0.0 ], [ 78.471895521989197, 12.172791012731214, 0.0 ], [ 78.446401840820883, 12.191067492663459, 0.0 ], [ 78.408630360456669, 12.196515726810032, 0.0 ], [ 78.39093592329067, 12.186062393666282, 0.0 ], [ 78.374413933218548, 12.195260466248474, 0.0 ], [ 78.379114074821558, 12.20549799703824, 0.0 ], [ 78.391947442776029, 12.204521590195192, 0.0 ], [ 78.401689061806408, 12.213312145339096, 0.0 ], [ 78.403095977714386, 12.22394737205726, 0.0 ], [ 78.354938668591885, 12.226120964071161, 0.0 ], [ 78.352583647037477, 12.247273635848293, 0.0 ], [ 78.334276676819258, 12.263523746011517, 0.0 ], [ 78.316896072003431, 12.260103222974596, 0.0 ], [ 78.302199257966649, 12.273952751823463, 0.0 ], [ 78.277059891340642, 12.260222005450471, 0.0 ], [ 78.267517693080578, 12.263449884293092, 0.0 ], [ 78.258178324553896, 12.294546945402427, 0.0 ], [ 78.232039045788852, 12.302205853994414, 0.0 ], [ 78.229392510172701, 12.317438676356163, 0.0 ], [ 78.247331290215385, 12.332790009064789, 0.0 ], [ 78.239700684838496, 12.334085793219755, 0.0 ], [ 78.236235423772143, 12.347886228933454, 0.0 ], [ 78.227110157180022, 12.348915529173496, 0.0 ], [ 78.205175399349173, 12.329130050612498, 0.0 ], [ 78.20079631554448, 12.33579342878245, 0.0 ], [ 78.173577138143585, 12.337150409020989, 0.0 ], [ 78.163644517386757, 12.350896524632075, 0.0 ], [ 78.166726316125576, 12.362882710011343, 0.0 ], [ 78.142759538454683, 12.370726619228098, 0.0 ], [ 78.134883909239065, 12.381949559179288, 0.0 ], [ 78.127775188071809, 12.402261636305649, 0.0 ], [ 78.142481426669008, 12.427242417151115, 0.0 ], [ 78.11462606326468, 12.445258090201495, 0.0 ], [ 78.118051886026493, 12.454700072170528, 0.0 ], [ 78.098111144393059, 12.445410190714354, 0.0 ], [ 78.080146643161797, 12.448856027231027, 0.0 ], [ 78.077844098321336, 12.46355388937568, 0.0 ], [ 78.059676448726719, 12.464661556926234, 0.0 ], [ 78.049117562040124, 12.475637103338592, 0.0 ], [ 78.038194102772565, 12.461531803218815, 0.0 ], [ 78.027069121568772, 12.459661120582613, 0.0 ], [ 78.012735806337801, 12.484482285269108, 0.0 ], [ 78.011844208172306, 12.502763674424884, 0.0 ], [ 77.993767882453298, 12.500432842259528, 0.0 ], [ 77.985818251366524, 12.509777694668394, 0.0 ], [ 77.958899749726541, 12.483898211093358, 0.0 ], [ 77.942407647508219, 12.51367802824916, 0.0 ], [ 77.921470637091602, 12.504158797856975, 0.0 ], [ 77.908918029679768, 12.512662065197251, 0.0 ], [ 77.899932902447716, 12.49965112682947, 0.0 ], [ 77.905804589258778, 12.489371840430795, 0.0 ], [ 77.9222367331014, 12.49069941164413, 0.0 ], [ 77.934509251134287, 12.469436289279278, 0.0 ], [ 77.923799655068976, 12.456055140586249, 0.0 ], [ 77.930428997865846, 12.441757833059844, 0.0 ], [ 77.945129058693368, 12.449447499336408, 0.0 ], [ 77.970370669191496, 12.41419946759342, 0.0 ], [ 77.967834971754542, 12.394295060023559, 0.0 ], [ 77.949478882982348, 12.375091117061519, 0.0 ], [ 77.954617182718479, 12.351301945277736, 0.0 ], [ 77.948531143723997, 12.336573437362391, 0.0 ], [ 77.92674818105904, 12.325097480233904, 0.0 ], [ 77.87924374502569, 12.335853937050448, 0.0 ], [ 77.86721342814937, 12.33024446838477, 0.0 ], [ 77.875006031064771, 12.303247762601067, 0.0 ], [ 77.867731696335937, 12.265755273986464, 0.0 ], [ 77.861684317555955, 12.254477936900688, 0.0 ], [ 77.845253796113468, 12.262178067215894, 0.0 ], [ 77.814519551347843, 12.234208639369911, 0.0 ], [ 77.793924111611133, 12.147696890659706, 0.0 ], [ 77.776835902451936, 12.157404203860583, 0.0 ], [ 77.772447271839695, 12.17196103939545, 0.0 ], [ 77.746717236549742, 12.155849342196177, 0.0 ], [ 77.731308739395459, 12.180073610014324, 0.0 ], [ 77.665239215661202, 12.198210220603217, 0.0 ], [ 77.637625077501113, 12.196689166739031, 0.0 ], [ 77.6093119091517, 12.206144042717657, 0.0 ], [ 77.56531417520462, 12.196311041184796, 0.0 ], [ 77.546262059080647, 12.204663181361672, 0.0 ], [ 77.518683682875761, 12.194479246911223, 0.0 ], [ 77.472291410335558, 12.207531975153447, 0.0 ], [ 77.482624505947669, 12.229436092369303, 0.0 ], [ 77.471118202091304, 12.243510490599979, 0.0 ], [ 77.479059501074588, 12.271273489973366, 0.0 ], [ 77.487597947371796, 12.280495234471035, 0.0 ], [ 77.51418710269283, 12.275383106129953, 0.0 ], [ 77.527224699276502, 12.278769200700339, 0.0 ], [ 77.532836541846351, 12.291458383285219, 0.0 ], [ 77.551336753403561, 12.291206723264612, 0.0 ], [ 77.578574976138611, 12.33566580252155, 0.0 ], [ 77.616807364632677, 12.368199513669534, 0.0 ], [ 77.629616293443746, 12.418324498391636, 0.0 ], [ 77.627174057580476, 12.45845126018021, 0.0 ], [ 77.63462541075566, 12.487599319381172, 0.0 ], [ 77.626088185460972, 12.496308980140745, 0.0 ], [ 77.60742358288563, 12.475123835312438, 0.0 ], [ 77.583680122996313, 12.478795449453049, 0.0 ], [ 77.616326490984306, 12.50918036618887, 0.0 ], [ 77.58720216942686, 12.51475473174202, 0.0 ], [ 77.580350013185935, 12.551589645536346, 0.0 ], [ 77.591019113889303, 12.615243012215823, 0.0 ], [ 77.606232122921057, 12.628912464647531, 0.0 ], [ 77.596122772719056, 12.650280663685582, 0.0 ], [ 77.598873124723113, 12.667157640910462, 0.0 ], [ 77.659910111826974, 12.683839990539203, 0.0 ], [ 77.676384320732978, 12.679471564823578, 0.0 ], [ 77.678654643610741, 12.660388908599936, 0.0 ], [ 77.704228215687706, 12.66140443616221, 0.0 ], [ 77.711590491497333, 12.683137577800808, 0.0 ], [ 77.72462241522949, 12.671187649118583, 0.0 ], [ 77.739163890802459, 12.672474701110625, 0.0 ], [ 77.737462188279551, 12.697745073168685, 0.0 ], [ 77.761751983191587, 12.697583510655862, 0.0 ], [ 77.774451257667835, 12.724214398806719, 0.0 ], [ 77.761089014828954, 12.7274945716924, 0.0 ], [ 77.763331496413386, 12.736892003227574, 0.0 ], [ 77.793420291300919, 12.749436618804969, 0.0 ], [ 77.794278527910706, 12.75776616600462, 0.0 ], [ 77.778784775282148, 12.767762764040206, 0.0 ], [ 77.798562684223825, 12.795118147871804, 0.0 ], [ 77.808537208208449, 12.796725512100721, 0.0 ], [ 77.799733843934476, 12.805215451879315, 0.0 ], [ 77.802161911472112, 12.817003472506068, 0.0 ], [ 77.809895200704688, 12.8155322232423, 0.0 ], [ 77.80988158260773, 12.831531832627686, 0.0 ], [ 77.792462978268702, 12.84212523307297, 0.0 ], [ 77.799106590760957, 12.851537276147223, 0.0 ], [ 77.807919494913918, 12.847671005889064, 0.0 ], [ 77.836013442045427, 12.870329681660044, 0.0 ], [ 77.875943672025215, 12.866803434419374, 0.0 ], [ 77.925090601448801, 12.890089259809871, 0.0 ], [ 77.93598967722599, 12.885436427765965, 0.0 ] ] ] } },
{ "type": "Feature", "properties": { "name": "MAYILADUTHURAI" }, "geometry": { "type": "Polygon", "coordinates": [ [ [ 79.82558222618475, 11.372960725368255, 0.0 ], [ 79.842599078277189, 11.350742487210704, 0.0 ], [ 79.834850655502478, 11.310982014067354, 0.0 ], [ 79.856315718477774, 11.176087144345251, 0.0 ], [ 79.853816446859298, 10.983221369667339, 0.0 ], [ 79.851505371678002, 10.994298451148877, 0.0 ], [ 79.839170891792492, 10.996171002873007, 0.0 ], [ 79.840448265693141, 11.004005498306451, 0.0 ], [ 79.828068095877896, 10.998018096680887, 0.0 ], [ 79.814186120081061, 11.00284821493541, 0.0 ], [ 79.79746004925309, 10.982053307686183, 0.0 ], [ 79.787170862831445, 10.997281241684847, 0.0 ], [ 79.755400082233152, 11.003758801291179, 0.0 ], [ 79.731763901905097, 10.994804011115932, 0.0 ], [ 79.700306715151811, 11.015422879321685, 0.0 ], [ 79.671008385542891, 11.017258216361322, 0.0 ], [ 79.640991102959447, 11.007989516276977, 0.0 ], [ 79.632733467356843, 10.980924611814796, 0.0 ], [ 79.604236939807805, 10.982181696797339, 0.0 ], [ 79.604017286887327, 10.971770421591849, 0.0 ], [ 79.590738737779233, 10.98289519281832, 0.0 ], [ 79.578242269847635, 10.982767356700416, 0.0 ], [ 79.574753306673074, 10.97059708383799, 0.0 ], [ 79.563807165328669, 10.976476920840541, 0.0 ], [ 79.544964289830091, 10.965551061921797, 0.0 ], [ 79.532458712819917, 10.968490929551617, 0.0 ], [ 79.527278686814242, 10.959655959194741, 0.0 ], [ 79.530189907890446, 10.969136771559659, 0.0 ], [ 79.515905419761253, 10.969801528854358, 0.0 ], [ 79.508591892607441, 10.983971558019151, 0.0 ], [ 79.525395835189002, 10.989505827818974, 0.0 ], [ 79.522969483424831, 10.997154177376384, 0.0 ], [ 79.54690209056119, 11.002928496952233, 0.0 ], [ 79.523127202944323, 11.00884240623702, 0.0 ], [ 79.524611482973313, 11.016233537886464, 0.0 ], [ 79.532198245628749, 11.014012174641751, 0.0 ], [ 79.530121187872339, 11.026812817276934, 0.0 ], [ 79.511777489202117, 11.027466033644536, 0.0 ], [ 79.510925006992451, 11.042084142759956, 0.0 ], [ 79.552568848584116, 11.077816874045244, 0.0 ], [ 79.541057177788247, 11.08472956296448, 0.0 ], [ 79.547074014168217, 11.104701672862179, 0.0 ], [ 79.54152986788759, 11.09530703189389, 0.0 ], [ 79.536062902787876, 11.102863148072167, 0.0 ], [ 79.543601241173818, 11.116557207302691, 0.0 ], [ 79.550146818537485, 11.114665091987447, 0.0 ], [ 79.550989251363035, 11.130178705007234, 0.0 ], [ 79.561301218261889, 11.131808594441742, 0.0 ], [ 79.572782101006368, 11.148043169982525, 0.0 ], [ 79.55778934061577, 11.154399758191252, 0.0 ], [ 79.556908262695089, 11.162893004029931, 0.0 ], [ 79.539526912721669, 11.162567196996724, 0.0 ], [ 79.5378319124071, 11.180629388411592, 0.0 ], [ 79.526720085647867, 11.183726530936184, 0.0 ], [ 79.561941928438131, 11.208281538080511, 0.0 ], [ 79.602592144157782, 11.221392374433314, 0.0 ], [ 79.616366554142317, 11.255531832091409, 0.0 ], [ 79.63361685350678, 11.246309105203295, 0.0 ], [ 79.646955608223422, 11.249260422286371, 0.0 ], [ 79.642418262579824, 11.283638526233631, 0.0 ], [ 79.650282387486783, 11.299277931270346, 0.0 ], [ 79.683809023000407, 11.311993719303077, 0.0 ], [ 79.724508894687546, 11.345844264048727, 0.0 ], [ 79.759308409403019, 11.352622554881476, 0.0 ], [ 79.756922154329146, 11.372894318573479, 0.0 ], [ 79.764394624700529, 11.381973881202715, 0.0 ], [ 79.791568397601651, 11.372427925417725, 0.0 ], [ 79.803366717135432, 11.381100937935992, 0.0 ], [ 79.812879003264129, 11.422687561151486, 0.0 ], [ 79.82558222618475, 11.372960725368255, 0.0 ] ] ] } },
{ "type": "Feature", "properties": { "name": "PERAMBALUR" }, "geometry": { "type": "Polygon", "coordinates": [ [ [ 78.859950984353461, 11.521927727036962, 0.0 ], [ 78.908672780758863, 11.475917545739788, 0.0 ], [ 78.960739972846767, 11.406103989195071, 0.0 ], [ 78.996989649673708, 11.407552043660026, 0.0 ], [ 79.032441738866098, 11.393568328191233, 0.0 ], [ 79.053000191791625, 11.402831779759781, 0.0 ], [ 79.083138199426415, 11.39679492514111, 0.0 ], [ 79.109105095190614, 11.401015413659671, 0.0 ], [ 79.168147513855303, 11.378420763263637, 0.0 ], [ 79.150752665092725, 11.36342618202398, 0.0 ], [ 79.157461448448913, 11.338420258894091, 0.0 ], [ 79.130047478086283, 11.330972096582853, 0.0 ], [ 79.124963824398023, 11.310757849631919, 0.0 ], [ 79.140911355566118, 11.30930684090402, 0.0 ], [ 79.142701709641074, 11.299113868282681, 0.0 ], [ 79.139266670909805, 11.290010278260004, 0.0 ], [ 79.1301026330637, 11.297577152863845, 0.0 ], [ 79.111023789069762, 11.288956458251509, 0.0 ], [ 79.108978207003432, 11.270229258607374, 0.0 ], [ 79.121965529169827, 11.264109683734388, 0.0 ], [ 79.122173995991758, 11.248729129172881, 0.0 ], [ 79.109444639638227, 11.24438450731985, 0.0 ], [ 79.111167313432603, 11.230602595171632, 0.0 ], [ 79.098910009663797, 11.230664818572548, 0.0 ], [ 79.093447093565715, 11.19984999210325, 0.0 ], [ 79.065926107298424, 11.204360848741519, 0.0 ], [ 79.067234443698709, 11.18885684778995, 0.0 ], [ 79.075770256580441, 11.189265152255031, 0.0 ], [ 79.078411033856042, 11.180758837277384, 0.0 ], [ 79.069365717955947, 11.177113825246956, 0.0 ], [ 79.070753045841457, 11.154458798049825, 0.0 ], [ 79.059520264063295, 11.152273058195009, 0.0 ], [ 79.056099308795723, 11.140533244080634, 0.0 ], [ 79.055067663273093, 11.129869795653297, 0.0 ], [ 79.065399043973997, 11.126866333044617, 0.0 ], [ 79.069407818203601, 11.108894776450125, 0.0 ], [ 79.054356431820196, 11.084974792134457, 0.0 ], [ 79.032279873066656, 11.08388336584474, 0.0 ], [ 79.024414390906273, 11.067666672097831, 0.0 ], [ 79.006447419899018, 11.058854294388587, 0.0 ], [ 78.998332223709895, 11.0762138094048, 0.0 ], [ 78.984736871909504, 11.078854015780335, 0.0 ], [ 78.984163696315065, 11.088816783206529, 0.0 ], [ 78.973955173192351, 11.094280485290589, 0.0 ], [ 78.92641720776615, 11.089427424221084, 0.0 ], [ 78.886464247907128, 11.101739199368573, 0.0 ], [ 78.873205630688375, 11.096721639559595, 0.0 ], [ 78.872487514783188, 11.084236745003768, 0.0 ], [ 78.847462767911082, 11.090188034706173, 0.0 ], [ 78.840032433752071, 11.076436544410765, 0.0 ], [ 78.807251535421955, 11.078934382200536, 0.0 ], [ 78.810936706719659, 11.111738548070202, 0.0 ], [ 78.776769904573712, 11.112817882623061, 0.0 ], [ 78.759671542743206, 11.121553496085337, 0.0 ], [ 78.735287226676121, 11.105552251605411, 0.0 ], [ 78.742749826166872, 11.075476586689406, 0.0 ], [ 78.720233902373593, 11.073978745407439, 0.0 ], [ 78.717652140379897, 11.055627348946567, 0.0 ], [ 78.711730776700023, 11.05559731998471, 0.0 ], [ 78.701035092244979, 11.068573006794988, 0.0 ], [ 78.67581565906579, 11.161558607089034, 0.0 ], [ 78.65120202325302, 11.168264637365064, 0.0 ], [ 78.675907684227752, 11.195310929065283, 0.0 ], [ 78.698811405659171, 11.191134567231352, 0.0 ], [ 78.712606674204011, 11.212737685292543, 0.0 ], [ 78.702716498069137, 11.228746160564064, 0.0 ], [ 78.713443000334294, 11.240012238852634, 0.0 ], [ 78.710070756814503, 11.248954049934996, 0.0 ], [ 78.726073799312516, 11.260995677167173, 0.0 ], [ 78.728696939917981, 11.272467024071545, 0.0 ], [ 78.751211046304306, 11.284792986858438, 0.0 ], [ 78.738871191162048, 11.294065396164358, 0.0 ], [ 78.733129285405496, 11.323362530805927, 0.0 ], [ 78.678437627762975, 11.327462369233368, 0.0 ], [ 78.665854412004435, 11.317266597898, 0.0 ], [ 78.661197863716083, 11.331437783047278, 0.0 ], [ 78.634247158057121, 11.333943370032598, 0.0 ], [ 78.655230740782585, 11.344650716048841, 0.0 ], [ 78.659647665962197, 11.357948613961415, 0.0 ], [ 78.672098463132414, 11.359976733955742, 0.0 ], [ 78.690073005655407, 11.380174259442352, 0.0 ], [ 78.663185730025262, 11.373786846137628, 0.0 ], [ 78.65133333058121, 11.422419984441062, 0.0 ], [ 78.688352232364636, 11.435496453318585, 0.0 ], [ 78.703194130430333, 11.456986378442041, 0.0 ], [ 78.741348547776923, 11.449647510617199, 0.0 ], [ 78.78918165824274, 11.386500536362636, 0.0 ], [ 78.79883952865336, 11.384234321173242, 0.0 ], [ 78.801427410620434, 11.402211611106722, 0.0 ], [ 78.822785649019679, 11.427077405107854, 0.0 ], [ 78.819337337611259, 11.439556744798535, 0.0 ], [ 78.789517187234509, 11.453769122583788, 0.0 ], [ 78.798435238095408, 11.481882371170743, 0.0 ], [ 78.80973629034753, 11.481939631231466, 0.0 ], [ 78.810265898365813, 11.507920976960218, 0.0 ], [ 78.833855709666096, 11.506628565215721, 0.0 ], [ 78.843047255779126, 11.523019816384071, 0.0 ], [ 78.859950984353461, 11.521927727036962, 0.0 ] ] ] } },
{ "type": "Feature", "properties": { "name": "THANJAVUR" }, "geometry": { "type": "MultiPolygon", "coordinates": [ [ [ [ 79.162911324100179, 10.454165984668407, 0.0 ], [ 79.16218315601617, 10.452752232222105, 0.0 ], [ 79.162351095827376, 10.453981215656867, 0.0 ], [ 79.162911324100179, 10.454165984668407, 0.0 ] ] ], [ [ [ 79.160488988989101, 10.453883916021983, 0.0 ], [ 79.158780435925493, 10.45132013262065, 0.0 ], [ 79.159050902435354, 10.454849012276346, 0.0 ], [ 79.160488988989101, 10.453883916021983, 0.0 ] ] ], [ [ [ 79.152484264808521, 10.456454169218009, 0.0 ], [ 79.151547249194849, 10.454525372123699, 0.0 ], [ 79.150690921731993, 10.45528582379513, 0.0 ], [ 79.152484264808521, 10.456454169218009, 0.0 ] ] ], [ [ [ 79.157986414330296, 10.455224090278772, 0.0 ], [ 79.155443777322105, 10.455203385046087, 0.0 ], [ 79.15705282286676, 10.456699073087982, 0.0 ], [ 79.157986414330296, 10.455224090278772, 0.0 ] ] ], [ [ [ 79.164201598150939, 10.456639834305619, 0.0 ], [ 79.163218809100258, 10.455425031716905, 0.0 ], [ 79.163489891287426, 10.456846710947481, 0.0 ], [ 79.164201598150939, 10.456639834305619, 0.0 ] ] ], [ [ [ 79.159294122641896, 10.456149569034784, 0.0 ], [ 79.161200566204457, 10.455565361304298, 0.0 ], [ 79.16080549305488, 10.455442553816811, 0.0 ], [ 79.159294122641896, 10.456149569034784, 0.0 ] ] ], [ [ [ 79.170631775741469, 10.462429986086862, 0.0 ], [ 79.169536214180496, 10.461787009746704, 0.0 ], [ 79.170040980401197, 10.462987165974067, 0.0 ], [ 79.170631775741469, 10.462429986086862, 0.0 ] ] ], [ [ [ 79.147710037981952, 10.46091968059935, 0.0 ], [ 79.164720020626319, 10.457778778134115, 0.0 ], [ 79.150527487987702, 10.459176508374272, 0.0 ], [ 79.15124243167358, 10.456895191258209, 0.0 ], [ 79.148344819977694, 10.45552310027, 0.0 ], [ 79.147710037981952, 10.46091968059935, 0.0 ] ] ], [ [ [ 79.168320128198573, 10.463788514659194, 0.0 ], [ 79.167301242226173, 10.463941623207115, 0.0 ], [ 79.167551348802988, 10.464343685214759, 0.0 ], [ 79.168320128198573, 10.463788514659194, 0.0 ] ] ], [ [ [ 79.173353980004109, 10.465631878911781, 0.0 ], [ 79.172212999415009, 10.465109703867286, 0.0 ], [ 79.172305659666407, 10.465988665179673, 0.0 ], [ 79.173353980004109, 10.465631878911781, 0.0 ] ] ], [ [ [ 79.153445514429791, 10.465847187738749, 0.0 ], [ 79.151987404357186, 10.46482270406017, 0.0 ], [ 79.151817940575668, 10.466044758160425, 0.0 ], [ 79.153445514429791, 10.465847187738749, 0.0 ] ] ], [ [ [ 79.156370382973975, 10.466981675619744, 0.0 ], [ 79.15525693633812, 10.466120524104328, 0.0 ], [ 79.155874235548154, 10.467498256047845, 0.0 ], [ 79.156370382973975, 10.466981675619744, 0.0 ] ] ], [ [ [ 79.174952687256805, 10.467907410618754, 0.0 ], [ 79.173575730433555, 10.467490828677409, 0.0 ], [ 79.174104115844059, 10.468091360739701, 0.0 ], [ 79.174952687256805, 10.467907410618754, 0.0 ] ] ], [ [ [ 79.179605084304228, 10.468465380771402, 0.0 ], [ 79.179163388807041, 10.46728744082038, 0.0 ], [ 79.179026318557419, 10.468543056548873, 0.0 ], [ 79.179605084304228, 10.468465380771402, 0.0 ] ] ], [ [ [ 79.175380015297307, 10.470656802731069, 0.0 ], [ 79.175703103663551, 10.468686776195389, 0.0 ], [ 79.174657839762247, 10.469178934437874, 0.0 ], [ 79.175380015297307, 10.470656802731069, 0.0 ] ] ], [ [ [ 79.163075608167375, 10.47243400303527, 0.0 ], [ 79.160124396356466, 10.469762222009038, 0.0 ], [ 79.160216295902828, 10.472055701648962, 0.0 ], [ 79.163075608167375, 10.47243400303527, 0.0 ] ] ], [ [ [ 79.152735378719697, 10.472376323042171, 0.0 ], [ 79.151097650697437, 10.470948555263897, 0.0 ], [ 79.151258747147153, 10.473113167173366, 0.0 ], [ 79.152735378719697, 10.472376323042171, 0.0 ] ] ], [ [ [ 79.127417622908993, 10.486702589183887, 0.0 ], [ 79.123801310060557, 10.48647679362977, 0.0 ], [ 79.127688246197053, 10.488846508987784, 0.0 ], [ 79.127417622908993, 10.486702589183887, 0.0 ] ] ], [ [ [ 79.232122765361055, 10.491013496597322, 0.0 ], [ 79.228435829090031, 10.492025092364601, 0.0 ], [ 79.231359558548306, 10.493781010088959, 0.0 ], [ 79.232122765361055, 10.491013496597322, 0.0 ] ] ], [ [ [ 79.133718461716214, 10.500715344169725, 0.0 ], [ 79.133454790420245, 10.498928426750632, 0.0 ], [ 79.132784573946282, 10.500350686347172, 0.0 ], [ 79.133718461716214, 10.500715344169725, 0.0 ] ] ], [ [ [ 79.128691352667985, 10.503488590342918, 0.0 ], [ 79.125043218431387, 10.503744633152055, 0.0 ], [ 79.128619406600293, 10.505731519908403, 0.0 ], [ 79.128691352667985, 10.503488590342918, 0.0 ] ] ], [ [ [ 79.13972650830658, 10.504677627122611, 0.0 ], [ 79.138669504212402, 10.504966234061516, 0.0 ], [ 79.139028712336227, 10.506158453179212, 0.0 ], [ 79.13972650830658, 10.504677627122611, 0.0 ] ] ], [ [ [ 79.136766390743134, 10.506585774655901, 0.0 ], [ 79.135350185266375, 10.50568214890256, 0.0 ], [ 79.1354148802385, 10.506425968432955, 0.0 ], [ 79.136766390743134, 10.506585774655901, 0.0 ] ] ], [ [ [ 79.132023496693321, 10.506918264669071, 0.0 ], [ 79.130538679593187, 10.50616732636249, 0.0 ], [ 79.131714281709847, 10.507510337297751, 0.0 ], [ 79.132023496693321, 10.506918264669071, 0.0 ] ] ], [ [ [ 79.136966787274531, 10.50837131501835, 0.0 ], [ 79.136827937572576, 10.507552554950985, 0.0 ], [ 79.136297329596232, 10.507845493406391, 0.0 ], [ 79.136966787274531, 10.50837131501835, 0.0 ] ] ], [ [ [ 79.139906981179251, 10.507875250353033, 0.0 ], [ 79.138631711238247, 10.507641756299558, 0.0 ], [ 79.139147619772785, 10.50838929539087, 0.0 ], [ 79.139906981179251, 10.507875250353033, 0.0 ] ] ], [ [ [ 79.134713905600023, 10.508129741100683, 0.0 ], [ 79.134048659251505, 10.50730663428244, 0.0 ], [ 79.133882492389063, 10.508420190161797, 0.0 ], [ 79.134713905600023, 10.508129741100683, 0.0 ] ] ], [ [ [ 79.136494570743565, 10.509853992330985, 0.0 ], [ 79.135604761899899, 10.508954706559047, 0.0 ], [ 79.135518003343279, 10.509771606215793, 0.0 ], [ 79.136494570743565, 10.509853992330985, 0.0 ] ] ], [ [ [ 79.145103753546778, 10.518862216050893, 0.0 ], [ 79.143543555890162, 10.516313133087406, 0.0 ], [ 79.144292575025986, 10.518977939654516, 0.0 ], [ 79.145103753546778, 10.518862216050893, 0.0 ] ] ], [ [ [ 79.151770863569652, 10.521389661643038, 0.0 ], [ 79.15103262374366, 10.520453096884102, 0.0 ], [ 79.150701448813606, 10.520763894579972, 0.0 ], [ 79.151770863569652, 10.521389661643038, 0.0 ] ] ], [ [ [ 79.149099714933286, 10.522668005319582, 0.0 ], [ 79.148364433562961, 10.521472698638016, 0.0 ], [ 79.148573279252631, 10.522663678632613, 0.0 ], [ 79.149099714933286, 10.522668005319582, 0.0 ] ] ], [ [ [ 79.145199400251258, 10.525361910851384, 0.0 ], [ 79.143975008789525, 10.524486299191844, 0.0 ], [ 79.144384796326591, 10.525835291596991, 0.0 ], [ 79.145199400251258, 10.525361910851384, 0.0 ] ] ], [ [ [ 79.147902446195246, 10.527563879129827, 0.0 ], [ 79.146868328892324, 10.526900255135113, 0.0 ], [ 79.146922666929456, 10.527704478709596, 0.0 ], [ 79.147902446195246, 10.527563879129827, 0.0 ] ] ], [ [ [ 79.116739461450848, 10.53459608405395, 0.0 ], [ 79.115157557063981, 10.529031080920703, 0.0 ], [ 79.112601512402847, 10.531058729841297, 0.0 ], [ 79.116739461450848, 10.53459608405395, 0.0 ] ] ], [ [ [ 79.17105089939048, 10.54272410807822, 0.0 ], [ 79.170348498892395, 10.541547381925447, 0.0 ], [ 79.170236332404954, 10.542642554795421, 0.0 ], [ 79.17105089939048, 10.54272410807822, 0.0 ] ] ], [ [ [ 79.112350007400124, 10.545162529033764, 0.0 ], [ 79.120609207561543, 10.542569400723645, 0.0 ], [ 79.118866863048339, 10.537073258047052, 0.0 ], [ 79.112350007400124, 10.545162529033764, 0.0 ] ] ], [ [ [ 79.183546599430841, 10.561710227038729, 0.0 ], [ 79.181455446169295, 10.560142723156796, 0.0 ], [ 79.180768355660362, 10.562102381429332, 0.0 ], [ 79.183546599430841, 10.561710227038729, 0.0 ] ] ], [ [ [ 79.176153619866213, 10.562131771606843, 0.0 ], [ 79.174103676341204, 10.562354967909419, 0.0 ], [ 79.175237902821294, 10.563354598301951, 0.0 ], [ 79.176153619866213, 10.562131771606843, 0.0 ] ] ], [ [ [ 79.179254589321289, 10.567279562661815, 0.0 ], [ 79.178211165943182, 10.565738233422975, 0.0 ], [ 79.178030265296485, 10.567083395293434, 0.0 ], [ 79.179254589321289, 10.567279562661815, 0.0 ] ] ], [ [ [ 79.172575324635048, 10.572845852049365, 0.0 ], [ 79.176676175748327, 10.571695133784203, 0.0 ], [ 79.17326399478641, 10.569414011183531, 0.0 ], [ 79.172575324635048, 10.572845852049365, 0.0 ] ] ], [ [ [ 79.526720085647867, 11.183726530936184, 0.0 ], [ 79.5378319124071, 11.180629388411592, 0.0 ], [ 79.541926154908694, 11.160823130946934, 0.0 ], [ 79.556908262695089, 11.162893004029931, 0.0 ], [ 79.55778934061577, 11.154399758191252, 0.0 ], [ 79.572782101006368, 11.148043169982525, 0.0 ], [ 79.561301218261889, 11.131808594441742, 0.0 ], [ 79.550989251363035, 11.130178705007234, 0.0 ], [ 79.550146818537485, 11.114665091987447, 0.0 ], [ 79.543601241173818, 11.116557207302691, 0.0 ], [ 79.536062902787876, 11.102863148072167, 0.0 ], [ 79.54152986788759, 11.09530703189389, 0.0 ], [ 79.547074014168217, 11.104701672862179, 0.0 ], [ 79.541057177788247, 11.08472956296448, 0.0 ], [ 79.552568848584116, 11.077816874045244, 0.0 ], [ 79.510925006992451, 11.042084142759956, 0.0 ], [ 79.511777489202117, 11.027466033644536, 0.0 ], [ 79.530121187872339, 11.026812817276934, 0.0 ], [ 79.532198245628749, 11.014012174641751, 0.0 ], [ 79.524611482973313, 11.016233537886464, 0.0 ], [ 79.523127202944323, 11.00884240623702, 0.0 ], [ 79.542160518667856, 11.008419230581218, 0.0 ], [ 79.547285989657908, 11.000731949843843, 0.0 ], [ 79.522969483424831, 10.997154177376384, 0.0 ], [ 79.525395835189002, 10.989505827818974, 0.0 ], [ 79.508591892607441, 10.983971558019151, 0.0 ], [ 79.519697964982967, 10.950273146514856, 0.0 ], [ 79.514358430226892, 10.941876412432563, 0.0 ], [ 79.50122803282342, 10.941654807802912, 0.0 ], [ 79.484300726154714, 10.920924013564447, 0.0 ], [ 79.493529261399075, 10.916445733285538, 0.0 ], [ 79.492674572269379, 10.905723952867438, 0.0 ], [ 79.507776928640951, 10.898773349231416, 0.0 ], [ 79.488273468914812, 10.8893756570076, 0.0 ], [ 79.48574196839904, 10.869170849305384, 0.0 ], [ 79.471986876073998, 10.872276080438199, 0.0 ], [ 79.45616154055655, 10.863750491596845, 0.0 ], [ 79.405064361450286, 10.893099705664396, 0.0 ], [ 79.370186723670855, 10.894515144055122, 0.0 ], [ 79.328879267226739, 10.916330118791111, 0.0 ], [ 79.327981209049412, 10.925013415866674, 0.0 ], [ 79.291856413356001, 10.938018719708051, 0.0 ], [ 79.275385515310575, 10.923073899432362, 0.0 ], [ 79.286881550233417, 10.917892949877494, 0.0 ], [ 79.286674584858957, 10.907166265640596, 0.0 ], [ 79.295318657371197, 10.908081942804332, 0.0 ], [ 79.29570875084886, 10.903503009229773, 0.0 ], [ 79.268238604369628, 10.905333758361047, 0.0 ], [ 79.27359701597058, 10.872938841226983, 0.0 ], [ 79.295322265984296, 10.864176403094637, 0.0 ], [ 79.28940065230357, 10.832957499290583, 0.0 ], [ 79.298481053199097, 10.835722011208107, 0.0 ], [ 79.326365130245605, 10.810373943560645, 0.0 ], [ 79.376623443618755, 10.803987263161492, 0.0 ], [ 79.37015873037447, 10.796284455300212, 0.0 ], [ 79.348519341919257, 10.795672591012877, 0.0 ], [ 79.3454048280596, 10.766222344217178, 0.0 ], [ 79.36141917141191, 10.765053083900252, 0.0 ], [ 79.361132065373951, 10.752242454911187, 0.0 ], [ 79.341487365776729, 10.739492361651596, 0.0 ], [ 79.320391824133566, 10.737251315884443, 0.0 ], [ 79.312006171841631, 10.746837152922454, 0.0 ], [ 79.301612914721716, 10.739538792026815, 0.0 ], [ 79.320064353905479, 10.684874054210516, 0.0 ], [ 79.317898513270222, 10.660784624136216, 0.0 ], [ 79.342896728733876, 10.658402100576247, 0.0 ], [ 79.357421137380854, 10.645864086286954, 0.0 ], [ 79.348128318529305, 10.62694098627939, 0.0 ], [ 79.351856851102838, 10.583075632806793, 0.0 ], [ 79.39664969896937, 10.580174793904709, 0.0 ], [ 79.405045137698835, 10.552107290332028, 0.0 ], [ 79.420705191880174, 10.549108744315781, 0.0 ], [ 79.425918960637986, 10.557864012016994, 0.0 ], [ 79.452507840322383, 10.559513754217605, 0.0 ], [ 79.452058231496892, 10.551047146271422, 0.0 ], [ 79.428498342814422, 10.54568577588058, 0.0 ], [ 79.423152049646106, 10.53536195504374, 0.0 ], [ 79.469155680255355, 10.511353983882561, 0.0 ], [ 79.455384544783072, 10.488581726733928, 0.0 ], [ 79.483091071395108, 10.489604843863413, 0.0 ], [ 79.479310243410694, 10.463450969382379, 0.0 ], [ 79.469650379743257, 10.461763116030003, 0.0 ], [ 79.473049778221437, 10.435322287920338, 0.0 ], [ 79.451110219372538, 10.429659125640701, 0.0 ], [ 79.465148905627814, 10.415967989661729, 0.0 ], [ 79.461589337122476, 10.406616131173605, 0.0 ], [ 79.476012230380874, 10.400129974442853, 0.0 ], [ 79.47717918469948, 10.393520771730387, 0.0 ], [ 79.460621509322479, 10.389054509291389, 0.0 ], [ 79.470003004675078, 10.383112255788216, 0.0 ], [ 79.467552979187445, 10.373100155233029, 0.0 ], [ 79.48565414186973, 10.38055810430434, 0.0 ], [ 79.504516767381475, 10.367009493358621, 0.0 ], [ 79.505146404699175, 10.356694059204983, 0.0 ], [ 79.501333023796732, 10.348637126530685, 0.0 ], [ 79.47602957766675, 10.350726176390449, 0.0 ], [ 79.471954973456064, 10.316020615297521, 0.0 ], [ 79.388066504041689, 10.317518823790737, 0.0 ], [ 79.360336175966481, 10.291227094677634, 0.0 ], [ 79.329257025270493, 10.284361377239323, 0.0 ], [ 79.298461411214362, 10.263298499446073, 0.0 ], [ 79.268966301287591, 10.234236896768085, 0.0 ], [ 79.278692634216583, 10.215454662960511, 0.0 ], [ 79.265076973938662, 10.19743296043101, 0.0 ], [ 79.241536673138114, 10.184870408366844, 0.0 ], [ 79.239146446318017, 10.16080858625245, 0.0 ], [ 79.227485597356505, 10.151396170366457, 0.0 ], [ 79.226049152291026, 10.137108639286847, 0.0 ], [ 79.206600535371877, 10.136728533430308, 0.0 ], [ 79.202969170402696, 10.158392113355395, 0.0 ], [ 79.151432271646328, 10.159555987066557, 0.0 ], [ 79.161477183170192, 10.179883994595482, 0.0 ], [ 79.150443910073079, 10.185303973981506, 0.0 ], [ 79.150193566010657, 10.193906217554348, 0.0 ], [ 79.173746365325911, 10.203407272247475, 0.0 ], [ 79.182506437393172, 10.193290101140166, 0.0 ], [ 79.189307318916576, 10.200996529981776, 0.0 ], [ 79.183121778581864, 10.214612353443526, 0.0 ], [ 79.150555843313214, 10.216209659410696, 0.0 ], [ 79.144231955608277, 10.23634327959175, 0.0 ], [ 79.133634274787042, 10.230407723706854, 0.0 ], [ 79.115958383935705, 10.234275867658409, 0.0 ], [ 79.117594401417847, 10.253420252906487, 0.0 ], [ 79.131268571108279, 10.256363551008253, 0.0 ], [ 79.131234167672616, 10.273265926128774, 0.0 ], [ 79.118597319784413, 10.290289597970899, 0.0 ], [ 79.126381154753389, 10.301216153461388, 0.0 ], [ 79.121903912361375, 10.306290645350259, 0.0 ], [ 79.132891298252687, 10.309124074945046, 0.0 ], [ 79.134933004210154, 10.319028129886416, 0.0 ], [ 79.114423850246041, 10.328199739710559, 0.0 ], [ 79.152963043117097, 10.35014460047489, 0.0 ], [ 79.144179722698652, 10.382936721255543, 0.0 ], [ 79.152693624222579, 10.400748314961174, 0.0 ], [ 79.125804408037979, 10.437936734154464, 0.0 ], [ 79.13746378940921, 10.439948708363813, 0.0 ], [ 79.140422754653258, 10.44949576713727, 0.0 ], [ 79.17605592906294, 10.448021543797466, 0.0 ], [ 79.16653767979723, 10.455417102909109, 0.0 ], [ 79.194704062405023, 10.465928189252292, 0.0 ], [ 79.172352089553115, 10.474348294871561, 0.0 ], [ 79.170887398116292, 10.48167955931088, 0.0 ], [ 79.157910951600897, 10.472489702174805, 0.0 ], [ 79.147341587826133, 10.485857833209204, 0.0 ], [ 79.129857601141993, 10.487855678006913, 0.0 ], [ 79.128801392142265, 10.495391646400069, 0.0 ], [ 79.139169586986696, 10.49820062894436, 0.0 ], [ 79.140461506025943, 10.512300501518805, 0.0 ], [ 79.154880625420489, 10.521788347296248, 0.0 ], [ 79.151652910652956, 10.53249754999641, 0.0 ], [ 79.16687450095867, 10.527751739052107, 0.0 ], [ 79.184634329384394, 10.537742223076915, 0.0 ], [ 79.178822647306887, 10.550545069726608, 0.0 ], [ 79.190567928288118, 10.559475611278744, 0.0 ], [ 79.190782515226871, 10.578185753004458, 0.0 ], [ 79.178803961118376, 10.571280434551054, 0.0 ], [ 79.177400130221372, 10.586930459413269, 0.0 ], [ 79.142792301271214, 10.586377349873139, 0.0 ], [ 79.143401746944235, 10.608387421894456, 0.0 ], [ 79.127591082280134, 10.636183234260418, 0.0 ], [ 79.104300010016487, 10.615206892929349, 0.0 ], [ 79.10079852909233, 10.629629689728368, 0.0 ], [ 79.069987125952366, 10.640723508781161, 0.0 ], [ 79.068941672633827, 10.677380728562795, 0.0 ], [ 79.016658205235572, 10.680122732142911, 0.0 ], [ 79.029239447891811, 10.704030181795208, 0.0 ], [ 79.010495745281432, 10.70787733069789, 0.0 ], [ 79.003501535820817, 10.722274619017611, 0.0 ], [ 78.993509951167781, 10.721679997074878, 0.0 ], [ 78.983299371945932, 10.696554929766958, 0.0 ], [ 78.987054945201479, 10.679154894160954, 0.0 ], [ 78.96968684202146, 10.675363137873253, 0.0 ], [ 78.963926588643403, 10.651461079444053, 0.0 ], [ 78.954809079530904, 10.668184092169367, 0.0 ], [ 78.937571846802342, 10.675081127905569, 0.0 ], [ 78.948736948155968, 10.675359227969167, 0.0 ], [ 78.939817233082252, 10.682611625083911, 0.0 ], [ 78.908194671606623, 10.671742472083052, 0.0 ], [ 78.865177517133588, 10.720835164554513, 0.0 ], [ 78.868425061813014, 10.760710787896253, 0.0 ], [ 78.880964602129879, 10.777454386739878, 0.0 ], [ 78.880274185312416, 10.788533687036688, 0.0 ], [ 78.867159412449197, 10.784948307297517, 0.0 ], [ 78.860462171258632, 10.803186139888611, 0.0 ], [ 78.868774119571597, 10.82558187622066, 0.0 ], [ 78.79705523619451, 10.823852637740933, 0.0 ], [ 78.775769345425587, 10.826992142578021, 0.0 ], [ 78.776480508306591, 10.833099312538831, 0.0 ], [ 78.84915180582054, 10.841812795565975, 0.0 ], [ 78.923370480077068, 10.866108485566043, 0.0 ], [ 78.94062716914857, 10.878464182357716, 0.0 ], [ 78.939714271273658, 10.887681222633002, 0.0 ], [ 78.960190914834556, 10.894642036542647, 0.0 ], [ 78.966283657277572, 10.887187337427363, 0.0 ], [ 78.99914659474986, 10.894845449922164, 0.0 ], [ 79.04995684101894, 10.888262669676896, 0.0 ], [ 79.085202681189458, 10.927022549479723, 0.0 ], [ 79.109916784671626, 10.924954594836619, 0.0 ], [ 79.141285982002145, 10.940319416629832, 0.0 ], [ 79.178626010418682, 10.939687047012955, 0.0 ], [ 79.202903507197576, 10.949008165449778, 0.0 ], [ 79.20494571235453, 10.940216748182328, 0.0 ], [ 79.212996377180602, 10.941259545415688, 0.0 ], [ 79.268889680996708, 10.986446110310553, 0.0 ], [ 79.2910174530641, 11.014419377212086, 0.0 ], [ 79.311825484349342, 11.017602659129198, 0.0 ], [ 79.398916803132607, 11.066939817794452, 0.0 ], [ 79.431114730524996, 11.12145930174437, 0.0 ], [ 79.459898493636146, 11.151499092729948, 0.0 ], [ 79.50067931019278, 11.175946004306665, 0.0 ], [ 79.526720085647867, 11.183726530936184, 0.0 ] ], [ [ 79.204177643934827, 10.532711490126662, 0.0 ], [ 79.202716596368106, 10.521528357203472, 0.0 ], [ 79.206290770210273, 10.517069765132867, 0.0 ], [ 79.214410138211989, 10.528285777269385, 0.0 ], [ 79.204177643934827, 10.532711490126662, 0.0 ] ], [ [ 79.216883362446069, 10.527702255337866, 0.0 ], [ 79.217670883941366, 10.526576686369275, 0.0 ], [ 79.217812166112438, 10.526989210599416, 0.0 ], [ 79.216883362446069, 10.527702255337866, 0.0 ] ], [ [ 79.223753062228198, 10.520907702003688, 0.0 ], [ 79.219309112863655, 10.522288269412877, 0.0 ], [ 79.220293572166639, 10.515986459784182, 0.0 ], [ 79.223753062228198, 10.520907702003688, 0.0 ] ], [ [ 79.215687713800179, 10.513754632145028, 0.0 ], [ 79.215083649333224, 10.517664590960468, 0.0 ], [ 79.210510868872063, 10.515532467283856, 0.0 ], [ 79.215687713800179, 10.513754632145028, 0.0 ] ], [ [ 79.146682609563129, 10.512208674416332, 0.0 ], [ 79.145390883294922, 10.513417347045355, 0.0 ], [ 79.145377569210737, 10.512909172938565, 0.0 ], [ 79.146682609563129, 10.512208674416332, 0.0 ] ], [ [ 79.152708058416607, 10.514772222752802, 0.0 ], [ 79.151029179377232, 10.514191031843724, 0.0 ], [ 79.152737550400886, 10.514602226830974, 0.0 ], [ 79.152708058416607, 10.514772222752802, 0.0 ] ], [ [ 79.154500559218008, 10.51776803565215, 0.0 ], [ 79.15590030670694, 10.516885219146234, 0.0 ], [ 79.15612417590485, 10.517839284648362, 0.0 ], [ 79.154500559218008, 10.51776803565215, 0.0 ] ], [ [ 79.198430611758781, 10.519844767194288, 0.0 ], [ 79.196594147179795, 10.521410208660408, 0.0 ], [ 79.196719355703564, 10.519405041787206, 0.0 ], [ 79.198430611758781, 10.519844767194288, 0.0 ] ], [ [ 79.158265176963397, 10.523136437366352, 0.0 ], [ 79.160611365001529, 10.52190988665572, 0.0 ], [ 79.160155815937273, 10.523917964001546, 0.0 ], [ 79.158265176963397, 10.523136437366352, 0.0 ] ], [ [ 79.20225302442023, 10.526699781067643, 0.0 ], [ 79.199871506756395, 10.522446686095536, 0.0 ], [ 79.20292675019293, 10.523723597061233, 0.0 ], [ 79.20225302442023, 10.526699781067643, 0.0 ] ], [ [ 79.15462535618154, 10.52672453056206, 0.0 ], [ 79.157444875631143, 10.526710349264365, 0.0 ], [ 79.157603020783938, 10.527521378576166, 0.0 ], [ 79.15462535618154, 10.52672453056206, 0.0 ] ], [ [ 79.198917087036307, 10.522138033824371, 0.0 ], [ 79.198409722675038, 10.523950117740647, 0.0 ], [ 79.197311971346465, 10.522588709710758, 0.0 ], [ 79.198917087036307, 10.522138033824371, 0.0 ] ], [ [ 79.159111735755999, 10.524274753839309, 0.0 ], [ 79.158756480849604, 10.524958887576584, 0.0 ], [ 79.158291819341372, 10.524119192166017, 0.0 ], [ 79.159111735755999, 10.524274753839309, 0.0 ] ], [ [ 79.149060896384043, 10.502800582587286, 0.0 ], [ 79.150341018755512, 10.502405614709494, 0.0 ], [ 79.150372959685043, 10.503658879188709, 0.0 ], [ 79.149060896384043, 10.502800582587286, 0.0 ] ], [ [ 79.210994539165569, 10.502323343013702, 0.0 ], [ 79.20551056283071, 10.498673445704332, 0.0 ], [ 79.211580561045054, 10.49655746091095, 0.0 ], [ 79.210994539165569, 10.502323343013702, 0.0 ] ], [ [ 79.238651253946784, 10.49773786283709, 0.0 ], [ 79.218032080043116, 10.494080461951848, 0.0 ], [ 79.219487506706898, 10.482836701688772, 0.0 ], [ 79.235117835193378, 10.482218924671608, 0.0 ], [ 79.239734541115268, 10.488960512855762, 0.0 ], [ 79.238651253946784, 10.49773786283709, 0.0 ] ], [ [ 79.245277905139588, 10.490310109320058, 0.0 ], [ 79.239047697019728, 10.487399236579348, 0.0 ], [ 79.238760431870503, 10.486297205236871, 0.0 ], [ 79.243999088438329, 10.486181934390586, 0.0 ], [ 79.245277905139588, 10.490310109320058, 0.0 ] ], [ [ 79.178096876708153, 10.481865849147983, 0.0 ], [ 79.176887206022826, 10.480790159251733, 0.0 ], [ 79.177897829144158, 10.480658686864636, 0.0 ], [ 79.178096876708153, 10.481865849147983, 0.0 ] ], [ [ 79.208379133152519, 10.486582129738746, 0.0 ], [ 79.206392710356113, 10.490358658839906, 0.0 ], [ 79.202536504590199, 10.486416086074687, 0.0 ], [ 79.208379133152519, 10.486582129738746, 0.0 ] ], [ [ 79.139059235247899, 10.489157272330097, 0.0 ], [ 79.138333131238923, 10.489949102293092, 0.0 ], [ 79.138279784923441, 10.48920475884727, 0.0 ], [ 79.139059235247899, 10.489157272330097, 0.0 ] ], [ [ 79.134403637589898, 10.49022101236802, 0.0 ], [ 79.137292960753641, 10.490407660851181, 0.0 ], [ 79.137742345658182, 10.492025910825319, 0.0 ], [ 79.134403637589898, 10.49022101236802, 0.0 ] ], [ [ 79.198873209129957, 10.495636410511642, 0.0 ], [ 79.199971275746563, 10.49233112818048, 0.0 ], [ 79.200942734872598, 10.49478549358429, 0.0 ], [ 79.198873209129957, 10.495636410511642, 0.0 ] ], [ [ 79.146878472957695, 10.495843619662155, 0.0 ], [ 79.148723768261291, 10.494964487297642, 0.0 ], [ 79.147576228810237, 10.49657685608336, 0.0 ], [ 79.146878472957695, 10.495843619662155, 0.0 ] ], [ [ 79.209988201560449, 10.49371899819365, 0.0 ], [ 79.207289669726165, 10.494789866810226, 0.0 ], [ 79.208046106176653, 10.493534027825769, 0.0 ], [ 79.209988201560449, 10.49371899819365, 0.0 ] ], [ [ 79.195685951736976, 10.490831694319279, 0.0 ], [ 79.197675267921284, 10.49245102500441, 0.0 ], [ 79.195522711329701, 10.49205535413342, 0.0 ], [ 79.195685951736976, 10.490831694319279, 0.0 ] ], [ [ 79.193265826692652, 10.497823647579388, 0.0 ], [ 79.191672351011775, 10.498966772353876, 0.0 ], [ 79.192054581775196, 10.497711567129032, 0.0 ], [ 79.193265826692652, 10.497823647579388, 0.0 ] ], [ [ 79.159142944188488, 10.477600048243595, 0.0 ], [ 79.157460090825452, 10.476548187804118, 0.0 ], [ 79.159073500899353, 10.476246526576649, 0.0 ], [ 79.159142944188488, 10.477600048243595, 0.0 ] ], [ [ 79.177933002135205, 10.479654443571988, 0.0 ], [ 79.178207455058043, 10.478498014015537, 0.0 ], [ 79.178544040369701, 10.479508595173913, 0.0 ], [ 79.177933002135205, 10.479654443571988, 0.0 ] ], [ [ 79.204818958568922, 10.470045974791683, 0.0 ], [ 79.202014362292005, 10.470789629398809, 0.0 ], [ 79.20306964485512, 10.46897760694258, 0.0 ], [ 79.204818958568922, 10.470045974791683, 0.0 ] ], [ [ 79.199703976001274, 10.467656916115857, 0.0 ], [ 79.198263463851006, 10.470449229666949, 0.0 ], [ 79.198506311174299, 10.46755060111575, 0.0 ], [ 79.199703976001274, 10.467656916115857, 0.0 ] ], [ [ 79.206800385209363, 10.466975644421952, 0.0 ], [ 79.205064114908282, 10.467422894707717, 0.0 ], [ 79.205322300183795, 10.466315421835576, 0.0 ], [ 79.206800385209363, 10.466975644421952, 0.0 ] ], [ [ 79.203306524043811, 10.465390057017263, 0.0 ], [ 79.202377987681132, 10.466372779565031, 0.0 ], [ 79.202501164374681, 10.465130133922852, 0.0 ], [ 79.203306524043811, 10.465390057017263, 0.0 ] ], [ [ 79.143828938242322, 10.443716768945711, 0.0 ], [ 79.145561398080872, 10.444033698145473, 0.0 ], [ 79.14428749011249, 10.444732188628157, 0.0 ], [ 79.143828938242322, 10.443716768945711, 0.0 ] ], [ [ 79.140814337299489, 10.441185473382861, 0.0 ], [ 79.143047888191475, 10.441454226895676, 0.0 ], [ 79.141046615886282, 10.442756605793084, 0.0 ], [ 79.140814337299489, 10.441185473382861, 0.0 ] ], [ [ 79.156184084862488, 10.438456713945943, 0.0 ], [ 79.155201596605494, 10.439000633386488, 0.0 ], [ 79.155145887628819, 10.438152809383931, 0.0 ], [ 79.156184084862488, 10.438456713945943, 0.0 ] ], [ [ 79.141211360983263, 10.436560304431971, 0.0 ], [ 79.140576711894127, 10.437718668347774, 0.0 ], [ 79.140025216854454, 10.436056303616041, 0.0 ], [ 79.141211360983263, 10.436560304431971, 0.0 ] ], [ [ 79.143309490369333, 10.437291944072916, 0.0 ], [ 79.1434861188593, 10.435303091394182, 0.0 ], [ 79.144083584897871, 10.437103986567934, 0.0 ], [ 79.143309490369333, 10.437291944072916, 0.0 ] ] ] ] } },
{ "type": "Feature", "properties": { "name": "THE NILGIRIS" }, "geometry": { "type": "Polygon", "coordinates": [ [ [ 76.511111272850073, 11.704978424075955, 0.0 ], [ 76.550558261364529, 11.674193534361876, 0.0 ], [ 76.559954530174991, 11.622469488478087, 0.0 ], [ 76.576746344676494, 11.614495549633002, 0.0 ], [ 76.592288265257665, 11.618656613391138, 0.0 ], [ 76.613984883511392, 11.607553277522397, 0.0 ], [ 76.756918642873046, 11.61843693493995, 0.0 ], [ 76.825229835447317, 11.607294743856608, 0.0 ], [ 76.846932661301736, 11.59447149869127, 0.0 ], [ 76.853294832756163, 11.577386157426277, 0.0 ], [ 76.873593775953751, 11.581093545754863, 0.0 ], [ 76.891096268979453, 11.572312533304501, 0.0 ], [ 76.90655826342001, 11.581012149719147, 0.0 ], [ 76.916978700385229, 11.563934483846731, 0.0 ], [ 76.920163127421731, 11.578492362809094, 0.0 ], [ 76.939549848563871, 11.579319702522362, 0.0 ], [ 76.973339366824376, 11.565928492824771, 0.0 ], [ 76.975830273397577, 11.553690039442625, 0.0 ], [ 77.007086010345091, 11.545401862167228, 0.0 ], [ 77.006177586849773, 11.524034287694329, 0.0 ], [ 77.015055635427103, 11.525486866137497, 0.0 ], [ 76.996541020828559, 11.512882360830917, 0.0 ], [ 76.99129276536047, 11.488146178235475, 0.0 ], [ 77.01221481890741, 11.452007256614774, 0.0 ], [ 77.010126525597229, 11.438432504062783, 0.0 ], [ 76.982917508109409, 11.440363805825365, 0.0 ], [ 76.976050844981941, 11.413914258370111, 0.0 ], [ 76.980997946821674, 11.401296505605062, 0.0 ], [ 76.955553496809316, 11.379453379666138, 0.0 ], [ 76.933411727358944, 11.376434489418802, 0.0 ], [ 76.928428681909224, 11.368698910355016, 0.0 ], [ 76.95011795061302, 11.365801678013282, 0.0 ], [ 76.906347327545973, 11.350428544961275, 0.0 ], [ 76.90236792528917, 11.362976701759944, 0.0 ], [ 76.889811914842511, 11.365495015115892, 0.0 ], [ 76.88422265000473, 11.351690526390231, 0.0 ], [ 76.876733615706371, 11.358375798926867, 0.0 ], [ 76.862469624105742, 11.351278614411411, 0.0 ], [ 76.868323522361663, 11.344580022309666, 0.0 ], [ 76.849832579411952, 11.342625943341313, 0.0 ], [ 76.851070983421778, 11.327212368439209, 0.0 ], [ 76.860346225304966, 11.324577948685436, 0.0 ], [ 76.854566597978959, 11.318113646089627, 0.0 ], [ 76.859953401639785, 11.303595570991899, 0.0 ], [ 76.853999869421131, 11.305769046656938, 0.0 ], [ 76.854426735402512, 11.296064304626245, 0.0 ], [ 76.842730643373613, 11.287420570794534, 0.0 ], [ 76.817808231025111, 11.289933798002666, 0.0 ], [ 76.806970315218948, 11.299156892026483, 0.0 ], [ 76.79031019607028, 11.279118852259458, 0.0 ], [ 76.769141315744065, 11.289557731941661, 0.0 ], [ 76.767652703569055, 11.264099560920563, 0.0 ], [ 76.751863036184176, 11.254700121286609, 0.0 ], [ 76.75491843132771, 11.248659933174171, 0.0 ], [ 76.743032106380696, 11.253182381063581, 0.0 ], [ 76.73711747364213, 11.244632903024685, 0.0 ], [ 76.7056555389821, 11.263341743350777, 0.0 ], [ 76.699881721017164, 11.251972336814729, 0.0 ], [ 76.707099221247105, 11.238382298655894, 0.0 ], [ 76.684221828138092, 11.233739940423089, 0.0 ], [ 76.678235633139607, 11.221115919968337, 0.0 ], [ 76.629722639955006, 11.194173749762504, 0.0 ], [ 76.600900823524711, 11.206594471642594, 0.0 ], [ 76.533851001789628, 11.196753563591322, 0.0 ], [ 76.503280085415511, 11.211608953237519, 0.0 ], [ 76.472366394211505, 11.208750706491189, 0.0 ], [ 76.473470534012634, 11.194931180110148, 0.0 ], [ 76.458442865796428, 11.187681468766323, 0.0 ], [ 76.451904639118382, 11.199221991162625, 0.0 ], [ 76.438622751676562, 11.198961220438987, 0.0 ], [ 76.448961159911264, 11.205468559978819, 0.0 ], [ 76.453087897008146, 11.239367345760394, 0.0 ], [ 76.522177834142639, 11.271338081847489, 0.0 ], [ 76.526260770836629, 11.28826299227458, 0.0 ], [ 76.54575558734895, 11.300310348954296, 0.0 ], [ 76.537298958795887, 11.314043710135449, 0.0 ], [ 76.549966943282143, 11.330993416320515, 0.0 ], [ 76.547857262560839, 11.358885575932543, 0.0 ], [ 76.508184553643787, 11.354123437719952, 0.0 ], [ 76.51775232671352, 11.371563304050076, 0.0 ], [ 76.462082312365496, 11.387469769628321, 0.0 ], [ 76.415078258076434, 11.422627319589557, 0.0 ], [ 76.418704947750669, 11.441783227288735, 0.0 ], [ 76.397677275862293, 11.435022981744238, 0.0 ], [ 76.342225960101743, 11.467592623964725, 0.0 ], [ 76.325470516377848, 11.453328887673178, 0.0 ], [ 76.305153221781083, 11.467788644409167, 0.0 ], [ 76.293518894278634, 11.465683524611885, 0.0 ], [ 76.28443504315662, 11.482920295792903, 0.0 ], [ 76.275624642184738, 11.476873838038868, 0.0 ], [ 76.264601589703503, 11.480892453386476, 0.0 ], [ 76.247573399390632, 11.468540696837694, 0.0 ], [ 76.252286494654655, 11.500000338653107, 0.0 ], [ 76.238481685699071, 11.526266905570031, 0.0 ], [ 76.25049256729146, 11.527569753839774, 0.0 ], [ 76.251505416831719, 11.537776621207493, 0.0 ], [ 76.233084525483321, 11.570773578952849, 0.0 ], [ 76.278906333848354, 11.600942130148022, 0.0 ], [ 76.286094184096555, 11.590195917123678, 0.0 ], [ 76.295941652098634, 11.590415968600977, 0.0 ], [ 76.302383786390578, 11.571225578597801, 0.0 ], [ 76.335876505971711, 11.595736197778432, 0.0 ], [ 76.340398173416887, 11.587198489129998, 0.0 ], [ 76.354577744592632, 11.589311032771553, 0.0 ], [ 76.377981434917373, 11.601909715168544, 0.0 ], [ 76.388095820253284, 11.629667432978037, 0.0 ], [ 76.432480480748723, 11.631290312282569, 0.0 ], [ 76.444057024309828, 11.647194178024677, 0.0 ], [ 76.431362250329229, 11.666363368934514, 0.0 ], [ 76.458211720180813, 11.664329351118925, 0.0 ], [ 76.481677113054033, 11.69251791432327, 0.0 ], [ 76.511111272850073, 11.704978424075955, 0.0 ] ] ] } },
{ "type": "Feature", "properties": { "name": "TIRUPATHUR" }, "geometry": { "type": "MultiPolygon", "coordinates": [ [ [ [ 78.536549251694339, 12.696587913145766, 0.0 ], [ 78.540582041867566, 12.693574016436855, 0.0 ], [ 78.536736228871646, 12.693084405976288, 0.0 ], [ 78.536549251694339, 12.696587913145766, 0.0 ] ] ], [ [ [ 78.856501505004502, 12.870289667938538, 0.0 ], [ 78.870980000521897, 12.872559511472403, 0.0 ], [ 78.880271777379747, 12.840528831651854, 0.0 ], [ 78.865340315642925, 12.818594462038275, 0.0 ], [ 78.832690381548574, 12.819738450256063, 0.0 ], [ 78.807427778713119, 12.805179211597096, 0.0 ], [ 78.8019332416102, 12.776468663858473, 0.0 ], [ 78.820566023291107, 12.771049938465382, 0.0 ], [ 78.812052671814172, 12.767341753510081, 0.0 ], [ 78.816126236524966, 12.75604806893997, 0.0 ], [ 78.811037618607088, 12.758202645674931, 0.0 ], [ 78.810990907250769, 12.747265034837477, 0.0 ], [ 78.801325148579679, 12.747913726625415, 0.0 ], [ 78.797384050683547, 12.730307450470008, 0.0 ], [ 78.786054903944958, 12.741129080113106, 0.0 ], [ 78.781429167565804, 12.705983167265817, 0.0 ], [ 78.786731009650168, 12.695455773324587, 0.0 ], [ 78.773967549227592, 12.698276373180363, 0.0 ], [ 78.768438949564938, 12.680433770016943, 0.0 ], [ 78.787639527420637, 12.651020272820814, 0.0 ], [ 78.8086456490459, 12.636211179210084, 0.0 ], [ 78.837653293530934, 12.643439982787061, 0.0 ], [ 78.858963943067124, 12.63184047151096, 0.0 ], [ 78.822083814812757, 12.53947828956, 0.0 ], [ 78.798233644280131, 12.497275839291925, 0.0 ], [ 78.789819486054043, 12.499853923986757, 0.0 ], [ 78.782092819468659, 12.48435287573702, 0.0 ], [ 78.774705385976077, 12.485326351446083, 0.0 ], [ 78.777553540139877, 12.459799728468086, 0.0 ], [ 78.758562106520813, 12.442743128407455, 0.0 ], [ 78.768810860784527, 12.437454936766725, 0.0 ], [ 78.768711516589846, 12.422480783228639, 0.0 ], [ 78.750983969738499, 12.385270370945817, 0.0 ], [ 78.729176958960991, 12.373837391874623, 0.0 ], [ 78.706962280016072, 12.299285409398578, 0.0 ], [ 78.69393936632153, 12.294063743893194, 0.0 ], [ 78.678436383240211, 12.271797457744116, 0.0 ], [ 78.651912084853024, 12.258986957173368, 0.0 ], [ 78.635197418243592, 12.261225045763508, 0.0 ], [ 78.641420855224666, 12.282174359310863, 0.0 ], [ 78.623721564683905, 12.264822698424791, 0.0 ], [ 78.603812577124501, 12.262593107324792, 0.0 ], [ 78.613098561511492, 12.294147010160028, 0.0 ], [ 78.609452323179056, 12.309776346742062, 0.0 ], [ 78.588330368566375, 12.312766008322015, 0.0 ], [ 78.604586823231585, 12.331760402377327, 0.0 ], [ 78.611206679720127, 12.330011832185599, 0.0 ], [ 78.617246213273177, 12.347273412648351, 0.0 ], [ 78.584520374884661, 12.360612324337209, 0.0 ], [ 78.567516371941778, 12.388997852744904, 0.0 ], [ 78.514074739547894, 12.407149617994513, 0.0 ], [ 78.508583684549279, 12.398758412846487, 0.0 ], [ 78.496095983820112, 12.412115757681741, 0.0 ], [ 78.490148997584313, 12.386857041949636, 0.0 ], [ 78.464765131140112, 12.39185587165665, 0.0 ], [ 78.458780990579072, 12.384951379318716, 0.0 ], [ 78.435829902620455, 12.393820297133516, 0.0 ], [ 78.455570143057074, 12.428491561726689, 0.0 ], [ 78.450176792046747, 12.449360850282178, 0.0 ], [ 78.415541614221397, 12.488224098038696, 0.0 ], [ 78.421230827636577, 12.570227178241781, 0.0 ], [ 78.409692998059484, 12.588185683450568, 0.0 ], [ 78.406732752331806, 12.619977870999909, 0.0 ], [ 78.427067564180433, 12.635242762009545, 0.0 ], [ 78.464918425680025, 12.624011122473336, 0.0 ], [ 78.471193702030845, 12.631199944041677, 0.0 ], [ 78.467899653831992, 12.675892085932061, 0.0 ], [ 78.499334120610456, 12.675085473030558, 0.0 ], [ 78.50744141830414, 12.691407011919653, 0.0 ], [ 78.496575735090701, 12.703252390974889, 0.0 ], [ 78.503069257910525, 12.716769517159149, 0.0 ], [ 78.511779383061949, 12.707698062258645, 0.0 ], [ 78.520013507544789, 12.712013424525948, 0.0 ], [ 78.520240763190159, 12.718684570560391, 0.0 ], [ 78.492685767757891, 12.735642312775987, 0.0 ], [ 78.493165070831111, 12.747149267733674, 0.0 ], [ 78.5138295274283, 12.734469146925207, 0.0 ], [ 78.51392117212481, 12.725271622138994, 0.0 ], [ 78.520923814646238, 12.736130916797281, 0.0 ], [ 78.525071556566189, 12.715418843076822, 0.0 ], [ 78.544280197339489, 12.710937799798026, 0.0 ], [ 78.529608391218261, 12.71021841755296, 0.0 ], [ 78.534905306608806, 12.691124640417099, 0.0 ], [ 78.555875564116377, 12.700157272269548, 0.0 ], [ 78.561585878795952, 12.710011799834191, 0.0 ], [ 78.554419713930784, 12.719275251505522, 0.0 ], [ 78.563857419411377, 12.737623229924582, 0.0 ], [ 78.555316123157567, 12.739275164245781, 0.0 ], [ 78.563195682028265, 12.75132026818398, 0.0 ], [ 78.55562811598206, 12.755785069349955, 0.0 ], [ 78.592521023123197, 12.782675628430585, 0.0 ], [ 78.600387823185002, 12.818422787864368, 0.0 ], [ 78.607757664606595, 12.821902619826641, 0.0 ], [ 78.6029045507007, 12.844737098772157, 0.0 ], [ 78.653947628870583, 12.86532475172822, 0.0 ], [ 78.712068211891022, 12.859802730218192, 0.0 ], [ 78.716276566710576, 12.850181668383781, 0.0 ], [ 78.718688835386175, 12.864700880136633, 0.0 ], [ 78.730408279933954, 12.865650546026391, 0.0 ], [ 78.734139066403088, 12.830443062912039, 0.0 ], [ 78.749171667623671, 12.81770753148024, 0.0 ], [ 78.782583464026246, 12.847294343706077, 0.0 ], [ 78.810886657806989, 12.854096496974336, 0.0 ], [ 78.859611482430523, 12.882467093916482, 0.0 ], [ 78.856501505004502, 12.870289667938538, 0.0 ] ] ] ] } },
{ "type": "Feature", "properties": { "name": "TIRUPPUR" }, "geometry": { "type": "Polygon", "coordinates": [ [ [ 77.234102771318007, 11.351273978540817, 0.0 ], [ 77.221525439381253, 11.340208257589506, 0.0 ], [ 77.234544472877047, 11.331105019746728, 0.0 ], [ 77.236521578934685, 11.314063320851364, 0.0 ], [ 77.226455758221604, 11.317556311066888, 0.0 ], [ 77.21810270511935, 11.305865160754069, 0.0 ], [ 77.204318090883703, 11.309941529361327, 0.0 ], [ 77.203431747411472, 11.299974798112, 0.0 ], [ 77.241533374624098, 11.305138738682803, 0.0 ], [ 77.238329187836669, 11.322384259647066, 0.0 ], [ 77.248979278514028, 11.329564667906805, 0.0 ], [ 77.253884515867711, 11.310772227572713, 0.0 ], [ 77.287710244007513, 11.333188878009661, 0.0 ], [ 77.288939728002006, 11.343746291296828, 0.0 ], [ 77.286317183477522, 11.292370840000665, 0.0 ], [ 77.314376076946544, 11.281967936906108, 0.0 ], [ 77.295591505914587, 11.272761596126063, 0.0 ], [ 77.33132800889571, 11.25678312613266, 0.0 ], [ 77.3487220469665, 11.285918336490843, 0.0 ], [ 77.333775001957875, 11.315073484522804, 0.0 ], [ 77.366080972201189, 11.317132553925818, 0.0 ], [ 77.363182408974538, 11.341497642992515, 0.0 ], [ 77.378614937024622, 11.339410140409388, 0.0 ], [ 77.386764303815198, 11.322065111097386, 0.0 ], [ 77.417536046814462, 11.31032204256255, 0.0 ], [ 77.425740098317107, 11.319655025027055, 0.0 ], [ 77.44396837269619, 11.30566724158821, 0.0 ], [ 77.448218437050826, 11.311453732591456, 0.0 ], [ 77.449537325558637, 11.306065824865406, 0.0 ], [ 77.454541745177323, 11.306804556523218, 0.0 ], [ 77.452608163998107, 11.31316124459142, 0.0 ], [ 77.469088243766137, 11.270087420559561, 0.0 ], [ 77.465258550255641, 11.252279494972262, 0.0 ], [ 77.500232112798543, 11.226780048697657, 0.0 ], [ 77.494481469741231, 11.222462145782179, 0.0 ], [ 77.501990019299939, 11.219258125113161, 0.0 ], [ 77.499041061779451, 11.205627414174689, 0.0 ], [ 77.510736002290884, 11.198457762219904, 0.0 ], [ 77.516863739953934, 11.205633445495524, 0.0 ], [ 77.512322586299987, 11.183025868753127, 0.0 ], [ 77.487940262901802, 11.178978810583116, 0.0 ], [ 77.476332875330726, 11.184931255944257, 0.0 ], [ 77.469728592936775, 11.164848174633621, 0.0 ], [ 77.485135157279913, 11.160828986369639, 0.0 ], [ 77.483209067784415, 11.140018859982353, 0.0 ], [ 77.498943795614451, 11.146557952380721, 0.0 ], [ 77.503252173730331, 11.106908717059714, 0.0 ], [ 77.556208150311932, 11.108221034554017, 0.0 ], [ 77.584225310729707, 11.121425851408036, 0.0 ], [ 77.598712734226666, 11.111627981677973, 0.0 ], [ 77.61355008998315, 11.125456622636776, 0.0 ], [ 77.632389407046247, 11.125479808204185, 0.0 ], [ 77.654464031124377, 11.116203502144208, 0.0 ], [ 77.661369417085155, 11.10377682509916, 0.0 ], [ 77.707019446319492, 11.091537241659017, 0.0 ], [ 77.713363462723663, 11.078173819594355, 0.0 ], [ 77.730139886189377, 11.076654575379042, 0.0 ], [ 77.737172358777087, 11.085710741762016, 0.0 ], [ 77.776569290604542, 11.05833467328541, 0.0 ], [ 77.78236463180194, 11.038967414319428, 0.0 ], [ 77.791906819905975, 11.033089576743231, 0.0 ], [ 77.78970128054408, 11.018786906522646, 0.0 ], [ 77.781298540019407, 10.998438161251586, 0.0 ], [ 77.750206598763043, 10.976521106717581, 0.0 ], [ 77.753171228385781, 10.965605962994832, 0.0 ], [ 77.76999355028498, 10.961765889084361, 0.0 ], [ 77.760836917867692, 10.901579537527462, 0.0 ], [ 77.771670281622519, 10.893492343346768, 0.0 ], [ 77.774939170316671, 10.871249189304613, 0.0 ], [ 77.784020881219391, 10.873123631595888, 0.0 ], [ 77.788910168067204, 10.886084819347612, 0.0 ], [ 77.796407171842702, 10.865949129042521, 0.0 ], [ 77.820719429910653, 10.857718995473729, 0.0 ], [ 77.836193225172366, 10.835350746288167, 0.0 ], [ 77.856416750297157, 10.849347974296659, 0.0 ], [ 77.866861392056009, 10.844100613342983, 0.0 ], [ 77.873428185303126, 10.833912111941139, 0.0 ], [ 77.87143594087685, 10.79539448424768, 0.0 ], [ 77.881375546753588, 10.788844741204169, 0.0 ], [ 77.891406460217809, 10.792546756625779, 0.0 ], [ 77.892992519695639, 10.780495538391293, 0.0 ], [ 77.892027660693216, 10.773805494260468, 0.0 ], [ 77.871121363554892, 10.771730601604455, 0.0 ], [ 77.835898925597604, 10.786789008683614, 0.0 ], [ 77.827845876673891, 10.797546042462995, 0.0 ], [ 77.798545859713983, 10.805752879933099, 0.0 ], [ 77.793635308766184, 10.790296564618732, 0.0 ], [ 77.777962833731351, 10.789835115941084, 0.0 ], [ 77.771090406796489, 10.76715430255363, 0.0 ], [ 77.797015517146974, 10.752430802857051, 0.0 ], [ 77.812803667839773, 10.758446782298602, 0.0 ], [ 77.825755707451378, 10.7526950472802, 0.0 ], [ 77.824620029240975, 10.715075744151811, 0.0 ], [ 77.810006379870629, 10.699039040724976, 0.0 ], [ 77.808031787846943, 10.680771874726307, 0.0 ], [ 77.788789441964909, 10.68523730220911, 0.0 ], [ 77.766191323745915, 10.679068467643724, 0.0 ], [ 77.753550025939589, 10.668024827546178, 0.0 ], [ 77.753000605926758, 10.648899007474844, 0.0 ], [ 77.73029428119149, 10.630361153535777, 0.0 ], [ 77.72054767953594, 10.631231961366185, 0.0 ], [ 77.72305914350494, 10.640764726072575, 0.0 ], [ 77.714107334540984, 10.641526593491493, 0.0 ], [ 77.698474269415584, 10.662427820984785, 0.0 ], [ 77.708703298783291, 10.686320039141757, 0.0 ], [ 77.702032246675884, 10.733703761044866, 0.0 ], [ 77.693594270688735, 10.735228894072289, 0.0 ], [ 77.66469826229293, 10.716274920076753, 0.0 ], [ 77.655695049540554, 10.673355100313589, 0.0 ], [ 77.63678805586423, 10.66874062620891, 0.0 ], [ 77.586007206064238, 10.683468970682023, 0.0 ], [ 77.58007109167778, 10.679083398626297, 0.0 ], [ 77.571464988510783, 10.657876819147006, 0.0 ], [ 77.54919612355144, 10.638967545909752, 0.0 ], [ 77.542839120245262, 10.609764254130646, 0.0 ], [ 77.508264823395677, 10.606986032708855, 0.0 ], [ 77.507288914895355, 10.613386489775205, 0.0 ], [ 77.516135250035504, 10.612951347843204, 0.0 ], [ 77.504649423598551, 10.642559796704706, 0.0 ], [ 77.482508873888904, 10.650003587354291, 0.0 ], [ 77.401684370208244, 10.613363297567288, 0.0 ], [ 77.367961492768828, 10.546660798907638, 0.0 ], [ 77.378021269682804, 10.525916999056342, 0.0 ], [ 77.405666622172603, 10.522123691532135, 0.0 ], [ 77.401700158775199, 10.498824288089455, 0.0 ], [ 77.378542461152847, 10.493920189415245, 0.0 ], [ 77.385082838197249, 10.448973780068247, 0.0 ], [ 77.357147594306042, 10.444845617573051, 0.0 ], [ 77.332261428872869, 10.454561532970898, 0.0 ], [ 77.322946008906882, 10.448529664427342, 0.0 ], [ 77.327154542065045, 10.43469343649633, 0.0 ], [ 77.319975856290839, 10.433955304969327, 0.0 ], [ 77.315672564381174, 10.355656069835764, 0.0 ], [ 77.33664221713552, 10.35413636368823, 0.0 ], [ 77.326544674032888, 10.321121943221893, 0.0 ], [ 77.347419400063515, 10.290128185879935, 0.0 ], [ 77.348097901856846, 10.26339871552495, 0.0 ], [ 77.32535783808963, 10.270189727426601, 0.0 ], [ 77.310538507909939, 10.246330146985379, 0.0 ], [ 77.29678103385497, 10.252693760449803, 0.0 ], [ 77.288088162101417, 10.23186337663218, 0.0 ], [ 77.269260649921094, 10.23704359525286, 0.0 ], [ 77.259723054165406, 10.230274146836187, 0.0 ], [ 77.257190303069123, 10.259392422469849, 0.0 ], [ 77.262925961042569, 10.26333191713845, 0.0 ], [ 77.227747140781418, 10.315416050312189, 0.0 ], [ 77.235645924822634, 10.35225130715888, 0.0 ], [ 77.176623197236822, 10.358441163352706, 0.0 ], [ 77.120387907101417, 10.317959243099438, 0.0 ], [ 77.095528031662028, 10.308995431124702, 0.0 ], [ 77.088364099862673, 10.324593155733915, 0.0 ], [ 77.081201930523221, 10.321970227727887, 0.0 ], [ 77.078181782978731, 10.33736185508155, 0.0 ], [ 77.089958308820115, 10.350866204483765, 0.0 ], [ 77.087050823119284, 10.377436944803522, 0.0 ], [ 77.044797242771864, 10.414825631766664, 0.0 ], [ 77.041798344989758, 10.426383506753428, 0.0 ], [ 77.07320074670173, 10.459493901760768, 0.0 ], [ 77.058545062810239, 10.479055147620031, 0.0 ], [ 77.078267231393852, 10.502232228760811, 0.0 ], [ 77.072713823980564, 10.545129681710034, 0.0 ], [ 77.085408609289132, 10.578243675434765, 0.0 ], [ 77.102198082038896, 10.585993630101546, 0.0 ], [ 77.157984062901619, 10.584222132554364, 0.0 ], [ 77.17066913661013, 10.599703178657604, 0.0 ], [ 77.181143925774535, 10.643852103374732, 0.0 ], [ 77.152295515545873, 10.650586052669642, 0.0 ], [ 77.145116673535213, 10.659930008051472, 0.0 ], [ 77.134149150258352, 10.750129104266723, 0.0 ], [ 77.15276007794013, 10.765674790589129, 0.0 ], [ 77.16122467205075, 10.793207364379438, 0.0 ], [ 77.171796282778999, 10.802170022738098, 0.0 ], [ 77.215291226641611, 10.803463304075969, 0.0 ], [ 77.214385728534566, 10.785563110454968, 0.0 ], [ 77.254134634788329, 10.776391098947661, 0.0 ], [ 77.283872365519898, 10.786627027245927, 0.0 ], [ 77.275913869358973, 10.791382579031964, 0.0 ], [ 77.278197551760684, 10.802743802181086, 0.0 ], [ 77.299029608666942, 10.814595133403687, 0.0 ], [ 77.288398302521571, 10.84809223426076, 0.0 ], [ 77.257786862359652, 10.869833369897634, 0.0 ], [ 77.248071278664071, 10.904652953560817, 0.0 ], [ 77.21099169578342, 10.902268956625395, 0.0 ], [ 77.198930483746494, 10.920230845557155, 0.0 ], [ 77.181842384990645, 10.920573104958669, 0.0 ], [ 77.17365771565423, 10.939455526398937, 0.0 ], [ 77.169942558821489, 10.968711157430267, 0.0 ], [ 77.153777815158861, 10.99830680393581, 0.0 ], [ 77.174015508847816, 11.012060331138096, 0.0 ], [ 77.177969030315978, 11.028924408479437, 0.0 ], [ 77.166156554076053, 11.064902942476451, 0.0 ], [ 77.234107377260017, 11.103390902114629, 0.0 ], [ 77.264570507287516, 11.110630008116569, 0.0 ], [ 77.242212067768392, 11.138026476032547, 0.0 ], [ 77.235699241960745, 11.139809705693667, 0.0 ], [ 77.225052241753602, 11.12495528220362, 0.0 ], [ 77.213518457745877, 11.126739517381418, 0.0 ], [ 77.212253649816716, 11.137940941349306, 0.0 ], [ 77.189575668892559, 11.150462644693457, 0.0 ], [ 77.183943432788354, 11.139493073524967, 0.0 ], [ 77.173163630820383, 11.138183917148636, 0.0 ], [ 77.182308586222845, 11.161945213629176, 0.0 ], [ 77.160981839379829, 11.167996035690987, 0.0 ], [ 77.15887421471507, 11.197386628553447, 0.0 ], [ 77.145025508386993, 11.207173780450718, 0.0 ], [ 77.159496499748016, 11.243261923031918, 0.0 ], [ 77.165897994634406, 11.244278338273416, 0.0 ], [ 77.170083681047345, 11.283278954237606, 0.0 ], [ 77.153442783292817, 11.278240372633633, 0.0 ], [ 77.143842911801485, 11.287294997242531, 0.0 ], [ 77.139153470155549, 11.279725391555129, 0.0 ], [ 77.13874820282436, 11.28608492894114, 0.0 ], [ 77.117115716184884, 11.294622029854539, 0.0 ], [ 77.126336477218757, 11.307980478454969, 0.0 ], [ 77.150567060873314, 11.306279323643228, 0.0 ], [ 77.147082571070911, 11.336217154734795, 0.0 ], [ 77.15903772212107, 11.332287726352726, 0.0 ], [ 77.167679019075578, 11.31722563592418, 0.0 ], [ 77.182499732911282, 11.313842423556098, 0.0 ], [ 77.174514792895707, 11.33253001812494, 0.0 ], [ 77.178730308134391, 11.342057833477478, 0.0 ], [ 77.196602706925745, 11.338673434904671, 0.0 ], [ 77.21812112457097, 11.352178611174047, 0.0 ], [ 77.234102771318007, 11.351273978540817, 0.0 ] ] ] } },
{ "type": "Feature", "properties": { "name": "NAGAPATTINAM" }, "geometry": { "type": "MultiPolygon", "coordinates": [ [ [ [ 79.757413794287757, 10.89541700941259, 0.0 ], [ 79.756948551895036, 10.89547199584173, 0.0 ], [ 79.757445300443578, 10.895750496975166, 0.0 ], [ 79.757413794287757, 10.89541700941259, 0.0 ] ] ], [ [ [ 79.77162831838254, 10.89922176988655, 0.0 ], [ 79.771292592192907, 10.898935566357581, 0.0 ], [ 79.771258580642794, 10.899205265343763, 0.0 ], [ 79.77162831838254, 10.89922176988655, 0.0 ] ] ], [ [ [ 79.759065274007966, 10.900594338740277, 0.0 ], [ 79.7587766954057, 10.900355538216354, 0.0 ], [ 79.758765561758878, 10.900565609294327, 0.0 ], [ 79.759065274007966, 10.900594338740277, 0.0 ] ] ], [ [ [ 79.771221136550096, 10.900840631234088, 0.0 ], [ 79.771797995259575, 10.900067425315436, 0.0 ], [ 79.771650201134037, 10.900061144306937, 0.0 ], [ 79.771221136550096, 10.900840631234088, 0.0 ] ] ], [ [ [ 79.758526224888385, 10.900388057878189, 0.0 ], [ 79.758313428427499, 10.900361553908578, 0.0 ], [ 79.758658655405128, 10.900983987024143, 0.0 ], [ 79.758526224888385, 10.900388057878189, 0.0 ] ] ], [ [ [ 79.766356801278178, 10.900579478266966, 0.0 ], [ 79.770278965014228, 10.900657345673643, 0.0 ], [ 79.767061693295801, 10.898586224012989, 0.0 ], [ 79.766356801278178, 10.900579478266966, 0.0 ] ] ], [ [ [ 79.770612830349023, 10.902798316240288, 0.0 ], [ 79.770139342981636, 10.902285021656828, 0.0 ], [ 79.770108290430088, 10.902849120996828, 0.0 ], [ 79.770612830349023, 10.902798316240288, 0.0 ] ] ], [ [ [ 79.769274364436697, 10.903917863895058, 0.0 ], [ 79.769518291261221, 10.903717521123498, 0.0 ], [ 79.769201109883369, 10.903743458192006, 0.0 ], [ 79.769274364436697, 10.903917863895058, 0.0 ] ] ], [ [ [ 79.761534454157768, 10.90504956283918, 0.0 ], [ 79.76182657464841, 10.904526233202139, 0.0 ], [ 79.761396210437681, 10.904779803011827, 0.0 ], [ 79.761534454157768, 10.90504956283918, 0.0 ] ] ], [ [ [ 79.765320206128337, 10.909004805009781, 0.0 ], [ 79.768024868396964, 10.902205842977565, 0.0 ], [ 79.766019297929731, 10.901015487936952, 0.0 ], [ 79.762624083948793, 10.901685603616814, 0.0 ], [ 79.765320206128337, 10.909004805009781, 0.0 ] ] ], [ [ [ 79.715720180295349, 10.930865765681229, 0.0 ], [ 79.743007986701173, 10.924274095324817, 0.0 ], [ 79.74348794714075, 10.914078029870753, 0.0 ], [ 79.763325577405098, 10.913920152638621, 0.0 ], [ 79.757379144009661, 10.908171273331849, 0.0 ], [ 79.757305961437879, 10.896396669820696, 0.0 ], [ 79.761318123438471, 10.901926350042373, 0.0 ], [ 79.764067034296417, 10.899965846939438, 0.0 ], [ 79.762593224784894, 10.897892216161036, 0.0 ], [ 79.758838105370828, 10.897134915587962, 0.0 ], [ 79.755695936083654, 10.894555269959104, 0.0 ], [ 79.757177796865363, 10.889793642625639, 0.0 ], [ 79.777279911701669, 10.896577983640489, 0.0 ], [ 79.777276810863327, 10.909127456441375, 0.0 ], [ 79.790147731014144, 10.908646079152811, 0.0 ], [ 79.794365543179538, 10.89823350577629, 0.0 ], [ 79.782869753375977, 10.894531476736574, 0.0 ], [ 79.784093061301817, 10.888795264945198, 0.0 ], [ 79.79038124767257, 10.895215948225514, 0.0 ], [ 79.794876585080146, 10.887396717863682, 0.0 ], [ 79.804160357055267, 10.891514176295768, 0.0 ], [ 79.828585914431628, 10.8835968385816, 0.0 ], [ 79.811158052361378, 10.881225256180658, 0.0 ], [ 79.8250231572014, 10.865046569370046, 0.0 ], [ 79.811922556429906, 10.859768921582628, 0.0 ], [ 79.807744622554011, 10.865242226198408, 0.0 ], [ 79.808400343829561, 10.855084692890962, 0.0 ], [ 79.820927678128896, 10.845062579724628, 0.0 ], [ 79.827876604898805, 10.850130814225139, 0.0 ], [ 79.830949678265, 10.82782586094341, 0.0 ], [ 79.852496606440369, 10.827209231382263, 0.0 ], [ 79.853297343602534, 10.679417214579553, 0.0 ], [ 79.841017599172147, 10.676297437669289, 0.0 ], [ 79.853336229631324, 10.676480180099963, 0.0 ], [ 79.85850132131597, 10.472288555392362, 0.0 ], [ 79.881598298389392, 10.321722936411396, 0.0 ], [ 79.876130012733299, 10.295065756352811, 0.0 ], [ 79.858365359607788, 10.281923931366808, 0.0 ], [ 79.81675702319852, 10.275838023856519, 0.0 ], [ 79.813317281094982, 10.288743294243062, 0.0 ], [ 79.813927188314707, 10.27561593511437, 0.0 ], [ 79.779718247102423, 10.272555565576955, 0.0 ], [ 79.787461290936022, 10.281291479689289, 0.0 ], [ 79.783385126746523, 10.296058594204995, 0.0 ], [ 79.779392305622324, 10.292228500934744, 0.0 ], [ 79.760712832828432, 10.307040002581457, 0.0 ], [ 79.762887936990026, 10.313021399566205, 0.0 ], [ 79.751219362695338, 10.314743647771802, 0.0 ], [ 79.748732785128979, 10.300720204645772, 0.0 ], [ 79.773499829165459, 10.290951836891958, 0.0 ], [ 79.777828595891478, 10.27248712818313, 0.0 ], [ 79.711804471873791, 10.27935578169941, 0.0 ], [ 79.720931134477695, 10.288001077771483, 0.0 ], [ 79.638802219632694, 10.342263003084978, 0.0 ], [ 79.637136393783877, 10.378675117720359, 0.0 ], [ 79.627419922257246, 10.396173707009616, 0.0 ], [ 79.630830563063455, 10.44554136034307, 0.0 ], [ 79.658852700112988, 10.446665865660187, 0.0 ], [ 79.663560457416452, 10.440264488223725, 0.0 ], [ 79.690200122065605, 10.449898442027823, 0.0 ], [ 79.677234542935992, 10.480684483939761, 0.0 ], [ 79.699436945904523, 10.48339278095005, 0.0 ], [ 79.688354770933088, 10.510359418475382, 0.0 ], [ 79.700327081868878, 10.506050458863252, 0.0 ], [ 79.726733015555766, 10.536131422938666, 0.0 ], [ 79.7103479765846, 10.55368415203724, 0.0 ], [ 79.699756244248491, 10.549039483981742, 0.0 ], [ 79.67574679267338, 10.561632919462697, 0.0 ], [ 79.659610569836829, 10.559220821999046, 0.0 ], [ 79.668859050072271, 10.575520359840818, 0.0 ], [ 79.679745920570682, 10.572662099069014, 0.0 ], [ 79.687167382963693, 10.583550450089623, 0.0 ], [ 79.669257704015976, 10.585153262707363, 0.0 ], [ 79.667372716826236, 10.602638326298688, 0.0 ], [ 79.65555773136991, 10.61349730656352, 0.0 ], [ 79.672660964051545, 10.61640217765515, 0.0 ], [ 79.673626250330344, 10.624425704615552, 0.0 ], [ 79.649418230613335, 10.642839446454337, 0.0 ], [ 79.654171775653793, 10.65725005900161, 0.0 ], [ 79.666701566795041, 10.650397436214755, 0.0 ], [ 79.677856762821705, 10.681087787249814, 0.0 ], [ 79.652333292592701, 10.706820257478121, 0.0 ], [ 79.655770907798015, 10.713175649403745, 0.0 ], [ 79.668893034141803, 10.708111589900314, 0.0 ], [ 79.687154430022105, 10.715883960170952, 0.0 ], [ 79.681278351902876, 10.728749796273023, 0.0 ], [ 79.698240524692906, 10.745485473817116, 0.0 ], [ 79.694900147951856, 10.762846180802372, 0.0 ], [ 79.703681538024867, 10.78339785199908, 0.0 ], [ 79.731885207432015, 10.802164926858772, 0.0 ], [ 79.731576747005434, 10.810020775057572, 0.0 ], [ 79.723648153944708, 10.807626706812341, 0.0 ], [ 79.728390943614656, 10.82832746051038, 0.0 ], [ 79.686051521662208, 10.829725068705999, 0.0 ], [ 79.686556866743672, 10.816142396054351, 0.0 ], [ 79.658964146158624, 10.817422023247255, 0.0 ], [ 79.657175698167833, 10.805760318834601, 0.0 ], [ 79.631174590840146, 10.818527401951837, 0.0 ], [ 79.652837815379073, 10.82458149797673, 0.0 ], [ 79.648179036945606, 10.835094792763577, 0.0 ], [ 79.655001584909655, 10.843963406706186, 0.0 ], [ 79.642033999051705, 10.857061591724388, 0.0 ], [ 79.650959980188375, 10.856357078124445, 0.0 ], [ 79.646227685606704, 10.874359963573502, 0.0 ], [ 79.655643602844634, 10.875716466013156, 0.0 ], [ 79.652552738254442, 10.886148490049706, 0.0 ], [ 79.667645753281022, 10.901019626021368, 0.0 ], [ 79.668566371545865, 10.914321954408178, 0.0 ], [ 79.678889189139795, 10.915383931267945, 0.0 ], [ 79.684777496320578, 10.928342446645981, 0.0 ], [ 79.690616870690477, 10.920296482560161, 0.0 ], [ 79.706380428993171, 10.925815322558597, 0.0 ], [ 79.714403085950536, 10.913708121789352, 0.0 ], [ 79.715720180295349, 10.930865765681229, 0.0 ] ], [ [ 79.738881936580285, 10.92038379730055, 0.0 ], [ 79.73944706594898, 10.919995048128451, 0.0 ], [ 79.738896987593037, 10.921460366379105, 0.0 ], [ 79.738881936580285, 10.92038379730055, 0.0 ] ], [ [ 79.810730036723101, 10.880157734134251, 0.0 ], [ 79.806203524718498, 10.879684622760205, 0.0 ], [ 79.809507166338037, 10.877397387199938, 0.0 ], [ 79.810730036723101, 10.880157734134251, 0.0 ] ] ] ] } },
{ "type": "Feature", "properties": { "name": "THOOTHUKUDI" }, "geometry": { "type": "MultiPolygon", "coordinates": [ [ [ [ 78.205250242404105, 8.841780615172556, 0.0 ], [ 78.215787276706379, 8.842005242782419, 0.0 ], [ 78.219216431638017, 8.83389990798025, 0.0 ], [ 78.205250242404105, 8.841780615172556, 0.0 ] ] ], [ [ [ 78.221809576481178, 8.872036799890113, 0.0 ], [ 78.2273990919456, 8.870817288010235, 0.0 ], [ 78.226783659583361, 8.866320278905405, 0.0 ], [ 78.221809576481178, 8.872036799890113, 0.0 ] ] ], [ [ [ 78.27022859058367, 8.943166863169699, 0.0 ], [ 78.271306125923118, 8.939611003239728, 0.0 ], [ 78.269551101552153, 8.939142239383576, 0.0 ], [ 78.27022859058367, 8.943166863169699, 0.0 ] ] ], [ [ [ 78.25521815060641, 8.954573931663734, 0.0 ], [ 78.250570966884922, 8.952854864066996, 0.0 ], [ 78.251886462429297, 8.956394270236439, 0.0 ], [ 78.25521815060641, 8.954573931663734, 0.0 ] ] ], [ [ [ 78.080283412986091, 9.357825380296877, 0.0 ], [ 78.168494138041936, 9.368822069089012, 0.0 ], [ 78.174749558356567, 9.338722522145067, 0.0 ], [ 78.208806515368849, 9.327211725987109, 0.0 ], [ 78.217925545837119, 9.299931725342528, 0.0 ], [ 78.280544338957199, 9.289939872367395, 0.0 ], [ 78.26935484606382, 9.202098724290794, 0.0 ], [ 78.296120567165133, 9.20508086570117, 0.0 ], [ 78.273946065588419, 9.141485910392637, 0.0 ], [ 78.356376392261211, 9.118056855270911, 0.0 ], [ 78.356800929448795, 9.098613032963947, 0.0 ], [ 78.365401866529709, 9.103147840842048, 0.0 ], [ 78.384887331780845, 9.094722331572925, 0.0 ], [ 78.21504443336201, 8.96603792640253, 0.0 ], [ 78.186641952382558, 8.923590914271971, 0.0 ], [ 78.166927625476475, 8.872887245218948, 0.0 ], [ 78.166576429784271, 8.811743632135725, 0.0 ], [ 78.158080826682777, 8.79696493471746, 0.0 ], [ 78.161809131338458, 8.777736505239806, 0.0 ], [ 78.187055545083552, 8.764139952190567, 0.0 ], [ 78.196556659878837, 8.769271377237008, 0.0 ], [ 78.192481763288853, 8.786814198511788, 0.0 ], [ 78.199134489438777, 8.787475300096373, 0.0 ], [ 78.198252720495233, 8.761080146210389, 0.0 ], [ 78.191576965076081, 8.747920098278657, 0.0 ], [ 78.162993751368205, 8.741345521424721, 0.0 ], [ 78.125638635017467, 8.665088376868308, 0.0 ], [ 78.131435723171066, 8.662913943710118, 0.0 ], [ 78.127293287560562, 8.615037682333885, 0.0 ], [ 78.137972621044042, 8.585963799695714, 0.0 ], [ 78.121900069097094, 8.515695110155001, 0.0 ], [ 78.130589430114597, 8.496909021579418, 0.0 ], [ 78.063889737603958, 8.417985279146002, 0.0 ], [ 78.056896389796393, 8.379411279677367, 0.0 ], [ 78.067484188350534, 8.373355161875837, 0.0 ], [ 77.971748571769993, 8.333260975622485, 0.0 ], [ 77.970117033113468, 8.340757807272245, 0.0 ], [ 77.966956189379204, 8.33378267977611, 0.0 ], [ 77.89270275645373, 8.322063756333081, 0.0 ], [ 77.889457550952898, 8.342069040343132, 0.0 ], [ 77.872262237442158, 8.350238267557526, 0.0 ], [ 77.858730780488429, 8.340517501982005, 0.0 ], [ 77.860368554174698, 8.356304758669992, 0.0 ], [ 77.846691104691871, 8.354418492350323, 0.0 ], [ 77.841283605299196, 8.363084592432228, 0.0 ], [ 77.853245120929529, 8.366969143865841, 0.0 ], [ 77.854860592106675, 8.375685681820485, 0.0 ], [ 77.835588511683184, 8.382311471275443, 0.0 ], [ 77.857116136122286, 8.384763949386628, 0.0 ], [ 77.859862068106722, 8.396297008884655, 0.0 ], [ 77.85159424413817, 8.402680050292258, 0.0 ], [ 77.848141806106071, 8.423756279469535, 0.0 ], [ 77.83210431780094, 8.432321678914846, 0.0 ], [ 77.840483714343861, 8.45138296134156, 0.0 ], [ 77.832900116676768, 8.456996988656703, 0.0 ], [ 77.843605554378371, 8.47120755442748, 0.0 ], [ 77.83939463016452, 8.484353979293264, 0.0 ], [ 77.826751608115501, 8.489931043510484, 0.0 ], [ 77.825812256994254, 8.515492484710505, 0.0 ], [ 77.807266561856636, 8.531716584901092, 0.0 ], [ 77.820290293846284, 8.540548861700207, 0.0 ], [ 77.812127819758786, 8.57036110377366, 0.0 ], [ 77.797022179681591, 8.565425498897371, 0.0 ], [ 77.803133385992851, 8.576124137809693, 0.0 ], [ 77.781075002355493, 8.583470884507793, 0.0 ], [ 77.78682493096025, 8.620696130917981, 0.0 ], [ 77.805651402314439, 8.611910713856465, 0.0 ], [ 77.81893494864444, 8.631051640205854, 0.0 ], [ 77.81912243610509, 8.650253600002969, 0.0 ], [ 77.806107424068387, 8.647280903058666, 0.0 ], [ 77.82432023757643, 8.674823038223938, 0.0 ], [ 77.82427824101282, 8.681839573192901, 0.0 ], [ 77.810298048899995, 8.683289188855104, 0.0 ], [ 77.828086781158646, 8.734403835089701, 0.0 ], [ 77.818080547771331, 8.775937027120056, 0.0 ], [ 77.843901194987126, 8.786686773237173, 0.0 ], [ 77.851662062041044, 8.802139794731687, 0.0 ], [ 77.831328652990194, 8.833430773700506, 0.0 ], [ 77.818205924227527, 8.837574293404487, 0.0 ], [ 77.807723160572891, 8.866492109701312, 0.0 ], [ 77.812167683702299, 8.871949602184998, 0.0 ], [ 77.761955828715585, 8.886832648021151, 0.0 ], [ 77.759991890366436, 8.927623316362082, 0.0 ], [ 77.745122415102969, 8.933054245967773, 0.0 ], [ 77.736345309320157, 8.92389757672959, 0.0 ], [ 77.695106300160958, 8.927428356170845, 0.0 ], [ 77.675986841692605, 8.989311767609385, 0.0 ], [ 77.690565655341928, 8.993948167011352, 0.0 ], [ 77.703038389750091, 8.968864714894689, 0.0 ], [ 77.719884040090861, 8.966618889420134, 0.0 ], [ 77.729227524386133, 8.983058696014172, 0.0 ], [ 77.726848304617903, 8.996657848786974, 0.0 ], [ 77.722014205620539, 9.002540316548545, 0.0 ], [ 77.689123227074163, 8.999748273292997, 0.0 ], [ 77.688261445441455, 9.014662536570174, 0.0 ], [ 77.696675222799371, 9.020334804949778, 0.0 ], [ 77.693953166824912, 9.031971821994375, 0.0 ], [ 77.71363384269597, 9.045557501006602, 0.0 ], [ 77.701749159823763, 9.063046342784137, 0.0 ], [ 77.704234385674923, 9.073425539675018, 0.0 ], [ 77.739155169902361, 9.072969591706091, 0.0 ], [ 77.744860668896081, 9.07985763523345, 0.0 ], [ 77.7399792096097, 9.10678471208297, 0.0 ], [ 77.67991942257342, 9.105820769334541, 0.0 ], [ 77.674105315652724, 9.138063540626575, 0.0 ], [ 77.696526621702006, 9.133923910815286, 0.0 ], [ 77.700480846665641, 9.140184478579082, 0.0 ], [ 77.690111937238228, 9.15887499999234, 0.0 ], [ 77.704639137976699, 9.165622013803706, 0.0 ], [ 77.705844682096838, 9.188388258675495, 0.0 ], [ 77.734496002715744, 9.196306249928666, 0.0 ], [ 77.732869195972853, 9.219877900090829, 0.0 ], [ 77.744751285783238, 9.226022645728067, 0.0 ], [ 77.737758640768931, 9.260333761439973, 0.0 ], [ 77.74569267377413, 9.267740797221824, 0.0 ], [ 77.75847106287253, 9.266604005985435, 0.0 ], [ 77.77026743029954, 9.235892168087011, 0.0 ], [ 77.789658372841913, 9.251510245622312, 0.0 ], [ 77.773503308556627, 9.276441532611742, 0.0 ], [ 77.796662980378215, 9.273012169999049, 0.0 ], [ 77.796448706801456, 9.256190516329434, 0.0 ], [ 77.807504608075774, 9.245210215190774, 0.0 ], [ 77.880210293276463, 9.245177627617885, 0.0 ], [ 77.886362294164812, 9.232600936293279, 0.0 ], [ 77.874873198885538, 9.226420983003601, 0.0 ], [ 77.878226930639954, 9.207881461666963, 0.0 ], [ 77.915166795784728, 9.200574620092805, 0.0 ], [ 77.932108715312708, 9.222855548240021, 0.0 ], [ 77.944807458330416, 9.219973876860834, 0.0 ], [ 77.947807838642532, 9.23059709517123, 0.0 ], [ 77.95614375327898, 9.230568393005573, 0.0 ], [ 77.956830009080733, 9.248596951066732, 0.0 ], [ 77.983905612786614, 9.251498045866823, 0.0 ], [ 77.987709886256752, 9.268220269638929, 0.0 ], [ 78.008444759683229, 9.273789862849771, 0.0 ], [ 78.010598849773004, 9.308288209030382, 0.0 ], [ 78.049793957678389, 9.306572652618994, 0.0 ], [ 78.033952798594143, 9.333710921062762, 0.0 ], [ 78.050021428438086, 9.345080173764192, 0.0 ], [ 78.053490823323102, 9.360546359165044, 0.0 ], [ 78.080283412986091, 9.357825380296877, 0.0 ] ] ] ] } },
{ "type": "Feature", "properties": { "name": "TIRUNELVELI" }, "geometry": { "type": "Polygon", "coordinates": [ [ [ 77.690658430902047, 9.067799173757559, 0.0 ], [ 77.71363384269597, 9.045557501006602, 0.0 ], [ 77.693953166824912, 9.031971821994375, 0.0 ], [ 77.689123227074163, 8.999748273292997, 0.0 ], [ 77.722364366985033, 9.002490460902029, 0.0 ], [ 77.729329189208173, 8.989586737397467, 0.0 ], [ 77.719884040090861, 8.966618889420134, 0.0 ], [ 77.703038389750091, 8.968864714894689, 0.0 ], [ 77.690565655341928, 8.993948167011352, 0.0 ], [ 77.675986841692605, 8.989311767609385, 0.0 ], [ 77.695106300160958, 8.927428356170845, 0.0 ], [ 77.736345309320157, 8.92389757672959, 0.0 ], [ 77.745122415102969, 8.933054245967773, 0.0 ], [ 77.759991890366436, 8.927623316362082, 0.0 ], [ 77.761955828715585, 8.886832648021151, 0.0 ], [ 77.812167683702299, 8.871949602184998, 0.0 ], [ 77.807723160572891, 8.866492109701312, 0.0 ], [ 77.818205924227527, 8.837574293404487, 0.0 ], [ 77.831328652990194, 8.833430773700506, 0.0 ], [ 77.851662062041044, 8.802139794731687, 0.0 ], [ 77.843901194987126, 8.786686773237173, 0.0 ], [ 77.818080547771331, 8.775937027120056, 0.0 ], [ 77.828086781158646, 8.734403835089701, 0.0 ], [ 77.810298048899995, 8.683289188855104, 0.0 ], [ 77.82427824101282, 8.681839573192901, 0.0 ], [ 77.82432023757643, 8.674823038223938, 0.0 ], [ 77.806107424068387, 8.647280903058666, 0.0 ], [ 77.81912243610509, 8.650253600002969, 0.0 ], [ 77.81893494864444, 8.631051640205854, 0.0 ], [ 77.805651402314439, 8.611910713856465, 0.0 ], [ 77.78682493096025, 8.620696130917981, 0.0 ], [ 77.781075002355493, 8.583470884507793, 0.0 ], [ 77.803133385992851, 8.576124137809693, 0.0 ], [ 77.797022179681591, 8.565425498897371, 0.0 ], [ 77.812127819758786, 8.57036110377366, 0.0 ], [ 77.820290293846284, 8.540548861700207, 0.0 ], [ 77.807266561856636, 8.531716584901092, 0.0 ], [ 77.825812256994254, 8.515492484710505, 0.0 ], [ 77.826751608115501, 8.489931043510484, 0.0 ], [ 77.83939463016452, 8.484353979293264, 0.0 ], [ 77.843605554378371, 8.47120755442748, 0.0 ], [ 77.832900116676768, 8.456996988656703, 0.0 ], [ 77.840483714343861, 8.45138296134156, 0.0 ], [ 77.83210431780094, 8.432321678914846, 0.0 ], [ 77.848141806106071, 8.423756279469535, 0.0 ], [ 77.85159424413817, 8.402680050292258, 0.0 ], [ 77.859862068106722, 8.396297008884655, 0.0 ], [ 77.857116136122286, 8.384763949386628, 0.0 ], [ 77.843678096072011, 8.386543969878312, 0.0 ], [ 77.835030702251316, 8.378269638927817, 0.0 ], [ 77.854860592106675, 8.375685681820485, 0.0 ], [ 77.853245120929529, 8.366969143865841, 0.0 ], [ 77.841283605299196, 8.363084592432228, 0.0 ], [ 77.846691104691871, 8.354418492350323, 0.0 ], [ 77.860368554174698, 8.356304758669992, 0.0 ], [ 77.858730780488429, 8.340517501982005, 0.0 ], [ 77.872262237442158, 8.350238267557526, 0.0 ], [ 77.889457550952898, 8.342069040343132, 0.0 ], [ 77.89270275645373, 8.322063756333081, 0.0 ], [ 77.973611664596532, 8.33797215023694, 0.0 ], [ 77.952694080489735, 8.313890550017273, 0.0 ], [ 77.888144675746105, 8.273298000237183, 0.0 ], [ 77.802924535821205, 8.240165762804011, 0.0 ], [ 77.783773557887415, 8.221643463993283, 0.0 ], [ 77.781310246458858, 8.201040720741364, 0.0 ], [ 77.745606118888276, 8.177367794134829, 0.0 ], [ 77.588619598743989, 8.142107006311161, 0.0 ], [ 77.583770992402705, 8.154580250261239, 0.0 ], [ 77.546229297403187, 8.158082049117239, 0.0 ], [ 77.537669294240118, 8.169387085407028, 0.0 ], [ 77.546918826167541, 8.17936703624248, 0.0 ], [ 77.541744713390642, 8.185247681132209, 0.0 ], [ 77.552910319406948, 8.191751289069339, 0.0 ], [ 77.545526728869362, 8.195588037175652, 0.0 ], [ 77.54976278935915, 8.205593897208368, 0.0 ], [ 77.543768389143963, 8.205488600917583, 0.0 ], [ 77.549882235092042, 8.220020380804952, 0.0 ], [ 77.540610848786216, 8.221465026337089, 0.0 ], [ 77.545303427531721, 8.240237205490148, 0.0 ], [ 77.576725241440656, 8.244248586010368, 0.0 ], [ 77.558431452268564, 8.269662159089957, 0.0 ], [ 77.563059706553545, 8.27559449015968, 0.0 ], [ 77.553655406593293, 8.276885665083281, 0.0 ], [ 77.564261857227649, 8.278560473970678, 0.0 ], [ 77.530933291618211, 8.318654150086678, 0.0 ], [ 77.532717359953779, 8.335305241731648, 0.0 ], [ 77.542045581757009, 8.335266890538231, 0.0 ], [ 77.533730422468125, 8.367481144134372, 0.0 ], [ 77.541690243448045, 8.378808075462064, 0.0 ], [ 77.537984195997709, 8.385362529571097, 0.0 ], [ 77.531449346365903, 8.392906320000849, 0.0 ], [ 77.519757591067361, 8.382224588744217, 0.0 ], [ 77.507321500408636, 8.386990395889734, 0.0 ], [ 77.491482895856592, 8.379095291870597, 0.0 ], [ 77.489303996587097, 8.388396029101322, 0.0 ], [ 77.473161812359152, 8.397408299469603, 0.0 ], [ 77.472936360671156, 8.416303990127318, 0.0 ], [ 77.461599690231353, 8.428456551294149, 0.0 ], [ 77.472256591580646, 8.455267551625957, 0.0 ], [ 77.466313973439952, 8.468782442782574, 0.0 ], [ 77.445139324565289, 8.47481023823407, 0.0 ], [ 77.449528334366661, 8.48720258826874, 0.0 ], [ 77.438674731398436, 8.507159812910317, 0.0 ], [ 77.389108766980712, 8.524038234438986, 0.0 ], [ 77.37443318411367, 8.518063399330401, 0.0 ], [ 77.350810833271936, 8.546440320988426, 0.0 ], [ 77.267721400142747, 8.579240014750367, 0.0 ], [ 77.245238304962825, 8.603435232169407, 0.0 ], [ 77.244084202701572, 8.621820759626367, 0.0 ], [ 77.20069269281457, 8.66907637007791, 0.0 ], [ 77.206716738173782, 8.684195526389981, 0.0 ], [ 77.180787816799338, 8.718321946228425, 0.0 ], [ 77.169767225182071, 8.747427486090771, 0.0 ], [ 77.192463851735354, 8.744440972723016, 0.0 ], [ 77.197328561666694, 8.768898273993626, 0.0 ], [ 77.217953595726613, 8.768236273295582, 0.0 ], [ 77.213065433220095, 8.778615917756749, 0.0 ], [ 77.229708877302897, 8.784587518339732, 0.0 ], [ 77.231984379572296, 8.807726253577675, 0.0 ], [ 77.247078946084727, 8.814836330254323, 0.0 ], [ 77.262757770086779, 8.841992211130057, 0.0 ], [ 77.255487982803317, 8.862420093634201, 0.0 ], [ 77.261766385928681, 8.881358694867028, 0.0 ], [ 77.318979459347062, 8.875423360357766, 0.0 ], [ 77.314157521636744, 8.864559857341657, 0.0 ], [ 77.324122238092997, 8.858092063862891, 0.0 ], [ 77.309712983262727, 8.858813178254131, 0.0 ], [ 77.307296186016572, 8.851113829921534, 0.0 ], [ 77.322939991031362, 8.828403778912321, 0.0 ], [ 77.321232992572106, 8.814696445979299, 0.0 ], [ 77.317734587562683, 8.806843285348258, 0.0 ], [ 77.307013194590454, 8.807497036138596, 0.0 ], [ 77.303625725372072, 8.791768504138567, 0.0 ], [ 77.330874196160138, 8.763761628091823, 0.0 ], [ 77.351019248130413, 8.762068099468886, 0.0 ], [ 77.361530599022714, 8.73983724276459, 0.0 ], [ 77.370481223231806, 8.751126638798317, 0.0 ], [ 77.400445667246231, 8.740428794086867, 0.0 ], [ 77.398914815052308, 8.747879223765281, 0.0 ], [ 77.416696191924899, 8.749889424333631, 0.0 ], [ 77.419805920238545, 8.75952087042603, 0.0 ], [ 77.444400411363148, 8.742159222297339, 0.0 ], [ 77.458987888018854, 8.746894073135808, 0.0 ], [ 77.445959903017055, 8.765720192296362, 0.0 ], [ 77.461503124902052, 8.772864807030645, 0.0 ], [ 77.455897831192956, 8.7862657111205, 0.0 ], [ 77.462815542167903, 8.790061845879391, 0.0 ], [ 77.462843294788399, 8.813931897793907, 0.0 ], [ 77.50636470669707, 8.795113874512989, 0.0 ], [ 77.511013998658001, 8.808799981974389, 0.0 ], [ 77.519974288043429, 8.801225864598585, 0.0 ], [ 77.513469108666769, 8.791992338570074, 0.0 ], [ 77.520143864472004, 8.781781839494181, 0.0 ], [ 77.537665551039211, 8.790023667731127, 0.0 ], [ 77.568365004654979, 8.788710198168292, 0.0 ], [ 77.569983516307914, 8.811373540425517, 0.0 ], [ 77.585311525982405, 8.826633672898009, 0.0 ], [ 77.594347348433473, 8.868131551117401, 0.0 ], [ 77.572525993382897, 8.881894464234943, 0.0 ], [ 77.56375794368364, 8.877887474907416, 0.0 ], [ 77.570835558740171, 8.905167381742555, 0.0 ], [ 77.560933198685504, 8.910088756792984, 0.0 ], [ 77.592933356837577, 8.910740179251434, 0.0 ], [ 77.593234237882697, 8.944732245799553, 0.0 ], [ 77.614107597490971, 8.942365046282331, 0.0 ], [ 77.617054186967536, 8.933947431406107, 0.0 ], [ 77.621459347529665, 8.942559715778218, 0.0 ], [ 77.609660597021957, 8.950683101940173, 0.0 ], [ 77.612677648329353, 8.982130044107691, 0.0 ], [ 77.595393996437977, 8.985681905138643, 0.0 ], [ 77.604793241529649, 9.014615621342578, 0.0 ], [ 77.621173119098401, 9.015398636952924, 0.0 ], [ 77.625225163847915, 9.058716122761902, 0.0 ], [ 77.661477606599405, 9.064462460505961, 0.0 ], [ 77.664769366648386, 9.055334674234855, 0.0 ], [ 77.673528550615032, 9.054890614842597, 0.0 ], [ 77.674470939602912, 9.061798151483833, 0.0 ], [ 77.677341115044243, 9.064085251822716, 0.0 ], [ 77.690658430902047, 9.067799173757559, 0.0 ] ] ] } },
{ "type": "Feature", "properties": { "name": "TENKASI" }, "geometry": { "type": "Polygon", "coordinates": [ [ [ 77.339374885886585, 9.420136715980922, 0.0 ], [ 77.389082924594135, 9.392238381210134, 0.0 ], [ 77.419747713183199, 9.399270795003048, 0.0 ], [ 77.433986276713625, 9.390883161097699, 0.0 ], [ 77.450511483274553, 9.369940537690393, 0.0 ], [ 77.438498533199336, 9.368098150429976, 0.0 ], [ 77.441395848987185, 9.354273367898474, 0.0 ], [ 77.468040083998048, 9.346655174309699, 0.0 ], [ 77.459052853787796, 9.336268600029053, 0.0 ], [ 77.464777041175211, 9.329138178062376, 0.0 ], [ 77.471512992785549, 9.328390663638087, 0.0 ], [ 77.474724958239563, 9.340749479615685, 0.0 ], [ 77.522129672705162, 9.334963945052904, 0.0 ], [ 77.52758271601968, 9.348948199979139, 0.0 ], [ 77.519073007822641, 9.356748300792303, 0.0 ], [ 77.529322618781748, 9.360345346392942, 0.0 ], [ 77.533050628575779, 9.376087515858316, 0.0 ], [ 77.554701515632217, 9.370283947686159, 0.0 ], [ 77.549827985010936, 9.363171722184481, 0.0 ], [ 77.560372180057158, 9.353459097779266, 0.0 ], [ 77.574860364177965, 9.354126353928262, 0.0 ], [ 77.573023413015491, 9.343027692090182, 0.0 ], [ 77.589567923076885, 9.347568904155029, 0.0 ], [ 77.585631576938383, 9.308617875539372, 0.0 ], [ 77.655108360230997, 9.283467221993531, 0.0 ], [ 77.712100413800556, 9.291424798061065, 0.0 ], [ 77.721941284801915, 9.280111668778552, 0.0 ], [ 77.741530991069666, 9.274988816399251, 0.0 ], [ 77.744719249709092, 9.225556969852919, 0.0 ], [ 77.732869195972853, 9.219877900090829, 0.0 ], [ 77.734778241016045, 9.196911951439789, 0.0 ], [ 77.705844682096838, 9.188388258675495, 0.0 ], [ 77.704639137976699, 9.165622013803706, 0.0 ], [ 77.690111937238228, 9.15887499999234, 0.0 ], [ 77.700516838254359, 9.138077808348342, 0.0 ], [ 77.688324712879634, 9.132808576756943, 0.0 ], [ 77.674105315652724, 9.138063540626575, 0.0 ], [ 77.673157913373799, 9.126485958087992, 0.0 ], [ 77.686286857822282, 9.102257509019978, 0.0 ], [ 77.7399792096097, 9.10678471208297, 0.0 ], [ 77.743700203998529, 9.077651769218315, 0.0 ], [ 77.707104744983567, 9.0755949713005, 0.0 ], [ 77.701749159823763, 9.063046342784137, 0.0 ], [ 77.689253430185332, 9.070028169710831, 0.0 ], [ 77.673528550615032, 9.054890614842597, 0.0 ], [ 77.664769366648386, 9.055334674234855, 0.0 ], [ 77.661477606599405, 9.064462460505961, 0.0 ], [ 77.624768654015156, 9.058243942162301, 0.0 ], [ 77.621173119098401, 9.015398636952924, 0.0 ], [ 77.604793241529649, 9.014615621342578, 0.0 ], [ 77.595393996437977, 8.985681905138643, 0.0 ], [ 77.612677648329353, 8.982130044107691, 0.0 ], [ 77.609660597021957, 8.950683101940173, 0.0 ], [ 77.621418241655221, 8.948644814169413, 0.0 ], [ 77.618336241592246, 8.934092185279766, 0.0 ], [ 77.614107597490971, 8.942365046282331, 0.0 ], [ 77.593234237882697, 8.944732245799553, 0.0 ], [ 77.592933356837577, 8.910740179251434, 0.0 ], [ 77.560933198685504, 8.910088756792984, 0.0 ], [ 77.570835558740171, 8.905167381742555, 0.0 ], [ 77.56375794368364, 8.877887474907416, 0.0 ], [ 77.572525993382897, 8.881894464234943, 0.0 ], [ 77.594347348433473, 8.868131551117401, 0.0 ], [ 77.585311525982405, 8.826633672898009, 0.0 ], [ 77.569983516307914, 8.811373540425517, 0.0 ], [ 77.569387400537934, 8.789673385090904, 0.0 ], [ 77.537665551039211, 8.790023667731127, 0.0 ], [ 77.520143864472004, 8.781781839494181, 0.0 ], [ 77.513469108666769, 8.791992338570074, 0.0 ], [ 77.519974288043429, 8.801225864598585, 0.0 ], [ 77.511013998658001, 8.808799981974389, 0.0 ], [ 77.50636470669707, 8.795113874512989, 0.0 ], [ 77.462843294788399, 8.813931897793907, 0.0 ], [ 77.462815542167903, 8.790061845879391, 0.0 ], [ 77.455897831192956, 8.7862657111205, 0.0 ], [ 77.461503124902052, 8.772864807030645, 0.0 ], [ 77.445959903017055, 8.765720192296362, 0.0 ], [ 77.458987888018854, 8.746894073135808, 0.0 ], [ 77.447090504016728, 8.742235570273971, 0.0 ], [ 77.419805920238545, 8.75952087042603, 0.0 ], [ 77.416696191924899, 8.749889424333631, 0.0 ], [ 77.398914815052308, 8.747879223765281, 0.0 ], [ 77.400445667246231, 8.740428794086867, 0.0 ], [ 77.370481223231806, 8.751126638798317, 0.0 ], [ 77.361530599022714, 8.73983724276459, 0.0 ], [ 77.349096907109825, 8.763605055793489, 0.0 ], [ 77.330874196160138, 8.763761628091823, 0.0 ], [ 77.303625725372072, 8.791768504138567, 0.0 ], [ 77.307013194590454, 8.807497036138596, 0.0 ], [ 77.317734587562683, 8.806843285348258, 0.0 ], [ 77.321232992572106, 8.814696445979299, 0.0 ], [ 77.322939991031362, 8.828403778912321, 0.0 ], [ 77.307296186016572, 8.851113829921534, 0.0 ], [ 77.309712983262727, 8.858813178254131, 0.0 ], [ 77.324122238092997, 8.858092063862891, 0.0 ], [ 77.314157521636744, 8.864559857341657, 0.0 ], [ 77.318979459347062, 8.875423360357766, 0.0 ], [ 77.238996750849722, 8.884323535018948, 0.0 ], [ 77.238546032435067, 8.89773977612413, 0.0 ], [ 77.221232460307405, 8.903947981269235, 0.0 ], [ 77.21823964921029, 8.918687879789797, 0.0 ], [ 77.192795590480316, 8.926195977051407, 0.0 ], [ 77.196288147261299, 8.954583135116501, 0.0 ], [ 77.185553528983874, 8.970183860611124, 0.0 ], [ 77.178202292546445, 8.969099865749659, 0.0 ], [ 77.173566827118051, 8.99122584257246, 0.0 ], [ 77.161674334731813, 8.995041788078103, 0.0 ], [ 77.146555345791882, 9.02181524291926, 0.0 ], [ 77.161098978646905, 9.029441077990249, 0.0 ], [ 77.167467039570212, 9.045299483948742, 0.0 ], [ 77.197455747960092, 9.046972727280899, 0.0 ], [ 77.212406957304708, 9.100482392391164, 0.0 ], [ 77.247283970258252, 9.124601680981474, 0.0 ], [ 77.266814390882246, 9.152460789615544, 0.0 ], [ 77.265159441981623, 9.181260479469193, 0.0 ], [ 77.251426081282546, 9.188635883562092, 0.0 ], [ 77.281712428127818, 9.21657005588485, 0.0 ], [ 77.2741066812913, 9.235822952606892, 0.0 ], [ 77.281753345536202, 9.272318368720313, 0.0 ], [ 77.288528844502252, 9.274173718366994, 0.0 ], [ 77.282987344426687, 9.301332728796949, 0.0 ], [ 77.29953742591475, 9.310911975024174, 0.0 ], [ 77.299972745500199, 9.336653035051267, 0.0 ], [ 77.325288319703603, 9.3371147051215, 0.0 ], [ 77.343596459062169, 9.400836610641869, 0.0 ], [ 77.336493010009249, 9.413358100130605, 0.0 ], [ 77.339374885886585, 9.420136715980922, 0.0 ] ] ] } },
{ "type": "Feature", "properties": { "name": "VIRUDHUNAGAR" }, "geometry": { "type": "Polygon", "coordinates": [ [ [ 78.104538167438406, 9.7864317282213, 0.0 ], [ 78.13701033090193, 9.761741385062196, 0.0 ], [ 78.133911709290004, 9.748093172167305, 0.0 ], [ 78.146051408159835, 9.742907766215554, 0.0 ], [ 78.163012955736022, 9.757530460259213, 0.0 ], [ 78.172213349448214, 9.748127084696069, 0.0 ], [ 78.173290728956701, 9.760163685965855, 0.0 ], [ 78.204288416337945, 9.763587526670506, 0.0 ], [ 78.210226315308972, 9.782532045566969, 0.0 ], [ 78.237823055729621, 9.757367561693362, 0.0 ], [ 78.276886792645954, 9.740598853370926, 0.0 ], [ 78.280134574673085, 9.729899621534583, 0.0 ], [ 78.271946325376462, 9.729124001987646, 0.0 ], [ 78.277853042997847, 9.696084705708799, 0.0 ], [ 78.271243312209535, 9.691806095914414, 0.0 ], [ 78.291659991038571, 9.674642835841002, 0.0 ], [ 78.302292638571899, 9.678971767730035, 0.0 ], [ 78.295514019962198, 9.693458680354754, 0.0 ], [ 78.324829573810192, 9.742662802160025, 0.0 ], [ 78.328231865914844, 9.725557441893841, 0.0 ], [ 78.321012843187376, 9.707170785486134, 0.0 ], [ 78.342777666674664, 9.680909214908432, 0.0 ], [ 78.33925873279226, 9.658111341654473, 0.0 ], [ 78.349736266635801, 9.666014510965441, 0.0 ], [ 78.356063095765663, 9.651547475133839, 0.0 ], [ 78.388461260176598, 9.653611570800713, 0.0 ], [ 78.399903145848057, 9.612025856074276, 0.0 ], [ 78.409009522853225, 9.619565726562387, 0.0 ], [ 78.422528247796052, 9.607887568069794, 0.0 ], [ 78.427339503839065, 9.61625922659892, 0.0 ], [ 78.428868643399554, 9.605567798235802, 0.0 ], [ 78.412200158608243, 9.588042985896827, 0.0 ], [ 78.397784292338756, 9.595191036700772, 0.0 ], [ 78.393871193728359, 9.581358013450199, 0.0 ], [ 78.36843334021016, 9.570481127737709, 0.0 ], [ 78.375283587854852, 9.566005912376294, 0.0 ], [ 78.372378515780454, 9.543176421130067, 0.0 ], [ 78.387371059349206, 9.536097203227879, 0.0 ], [ 78.382261402181527, 9.515948648351726, 0.0 ], [ 78.374861523373909, 9.507427133336268, 0.0 ], [ 78.347324436648336, 9.511398959913345, 0.0 ], [ 78.339539363739021, 9.495915304888014, 0.0 ], [ 78.328487781046192, 9.495203954090115, 0.0 ], [ 78.330071289735713, 9.472831418782347, 0.0 ], [ 78.34685055261474, 9.471301017375048, 0.0 ], [ 78.35190564120883, 9.460980756272553, 0.0 ], [ 78.339356174224918, 9.468456646592486, 0.0 ], [ 78.330377960096385, 9.462818114687641, 0.0 ], [ 78.311034911621647, 9.467941088149963, 0.0 ], [ 78.308696221304118, 9.460481466997502, 0.0 ], [ 78.299384691102318, 9.46146486112394, 0.0 ], [ 78.30117868930995, 9.442161921295726, 0.0 ], [ 78.218621263129137, 9.447401293901862, 0.0 ], [ 78.21504390540295, 9.433455852336625, 0.0 ], [ 78.222522743910119, 9.410122763671085, 0.0 ], [ 78.243194510362827, 9.406676695688406, 0.0 ], [ 78.243036291297614, 9.381062530261801, 0.0 ], [ 78.25523321066791, 9.373641683074741, 0.0 ], [ 78.263199280730376, 9.386627898041672, 0.0 ], [ 78.291476346551917, 9.391016951292988, 0.0 ], [ 78.295047715182321, 9.381678088096027, 0.0 ], [ 78.30418781939558, 9.384257052028461, 0.0 ], [ 78.308150206316441, 9.374818743988122, 0.0 ], [ 78.301155531995747, 9.367150028973551, 0.0 ], [ 78.308252479980041, 9.365022350563793, 0.0 ], [ 78.310482541766575, 9.345154371043458, 0.0 ], [ 78.295376203053706, 9.342619311658277, 0.0 ], [ 78.297819979666897, 9.325974588946874, 0.0 ], [ 78.304802342750008, 9.323507880672228, 0.0 ], [ 78.311404007501565, 9.335028127269453, 0.0 ], [ 78.324358085174822, 9.332394897868426, 0.0 ], [ 78.333102932440269, 9.354064051192065, 0.0 ], [ 78.356093626065942, 9.357891131689552, 0.0 ], [ 78.362657852797426, 9.349193732321547, 0.0 ], [ 78.36093885784004, 9.325066593494888, 0.0 ], [ 78.328622737801041, 9.275285314860941, 0.0 ], [ 78.217925545837119, 9.299931725342528, 0.0 ], [ 78.208806515368849, 9.327211725987109, 0.0 ], [ 78.171263436801965, 9.342276187243467, 0.0 ], [ 78.1683894512378, 9.368903452238882, 0.0 ], [ 78.148911748740517, 9.371974378601818, 0.0 ], [ 78.080283412986091, 9.357825380296877, 0.0 ], [ 78.056958874283083, 9.362549755947242, 0.0 ], [ 78.050021428438086, 9.345080173764192, 0.0 ], [ 78.033952798594143, 9.333710921062762, 0.0 ], [ 78.049793957678389, 9.306572652618994, 0.0 ], [ 78.010598849773004, 9.308288209030382, 0.0 ], [ 78.008444759683229, 9.273789862849771, 0.0 ], [ 77.987709886256752, 9.268220269638929, 0.0 ], [ 77.983905612786614, 9.251498045866823, 0.0 ], [ 77.956830009080733, 9.248596951066732, 0.0 ], [ 77.955711396115021, 9.230120926311265, 0.0 ], [ 77.947807838642532, 9.23059709517123, 0.0 ], [ 77.944807458330416, 9.219973876860834, 0.0 ], [ 77.932108715312708, 9.222855548240021, 0.0 ], [ 77.919630319884845, 9.202368942677294, 0.0 ], [ 77.909188334037097, 9.2000552036027, 0.0 ], [ 77.878226930639954, 9.207881461666963, 0.0 ], [ 77.874873198885538, 9.226420983003601, 0.0 ], [ 77.886362294164812, 9.232600936293279, 0.0 ], [ 77.880210293276463, 9.245177627617885, 0.0 ], [ 77.807504608075774, 9.245210215190774, 0.0 ], [ 77.796448706801456, 9.256190516329434, 0.0 ], [ 77.796662980378215, 9.273012169999049, 0.0 ], [ 77.773503308556627, 9.276441532611742, 0.0 ], [ 77.789658372841913, 9.251510245622312, 0.0 ], [ 77.77026743029954, 9.235892168087011, 0.0 ], [ 77.75847106287253, 9.266604005985435, 0.0 ], [ 77.741600579906375, 9.26436054968725, 0.0 ], [ 77.739184498186489, 9.280545524835315, 0.0 ], [ 77.721941284801915, 9.280111668778552, 0.0 ], [ 77.712100413800556, 9.291424798061065, 0.0 ], [ 77.655709052474421, 9.283363189455512, 0.0 ], [ 77.585631576938383, 9.308617875539372, 0.0 ], [ 77.591457302857222, 9.34387569265661, 0.0 ], [ 77.573023413015491, 9.343027692090182, 0.0 ], [ 77.574860364177965, 9.354126353928262, 0.0 ], [ 77.560372180057158, 9.353459097779266, 0.0 ], [ 77.549827985010936, 9.363171722184481, 0.0 ], [ 77.554701515632217, 9.370283947686159, 0.0 ], [ 77.530856535159941, 9.375906054582748, 0.0 ], [ 77.529322618781748, 9.360345346392942, 0.0 ], [ 77.519073007822641, 9.356748300792303, 0.0 ], [ 77.52758271601968, 9.348948199979139, 0.0 ], [ 77.522129672705162, 9.334963945052904, 0.0 ], [ 77.474724958239563, 9.340749479615685, 0.0 ], [ 77.471512992785549, 9.328390663638087, 0.0 ], [ 77.464777041175211, 9.329138178062376, 0.0 ], [ 77.459052853787796, 9.336268600029053, 0.0 ], [ 77.468040083998048, 9.346655174309699, 0.0 ], [ 77.441395848987185, 9.354273367898474, 0.0 ], [ 77.438498533199336, 9.368098150429976, 0.0 ], [ 77.450511483274553, 9.369940537690393, 0.0 ], [ 77.433986276713625, 9.390883161097699, 0.0 ], [ 77.419747713183199, 9.399270795003048, 0.0 ], [ 77.389082924594135, 9.392238381210134, 0.0 ], [ 77.339374885886585, 9.420136715980922, 0.0 ], [ 77.361998188319816, 9.457242971942041, 0.0 ], [ 77.377196535416786, 9.45277717922731, 0.0 ], [ 77.39261336426901, 9.459350174376736, 0.0 ], [ 77.39147079094684, 9.468685416620744, 0.0 ], [ 77.401716013132798, 9.476899140139734, 0.0 ], [ 77.399308187723463, 9.496568778899205, 0.0 ], [ 77.412396415993797, 9.508977437036696, 0.0 ], [ 77.400415772882269, 9.517856805911974, 0.0 ], [ 77.403484867727158, 9.526380270860681, 0.0 ], [ 77.427869733425837, 9.546517606675033, 0.0 ], [ 77.455891291233229, 9.541585433230448, 0.0 ], [ 77.474984828738386, 9.549971266819822, 0.0 ], [ 77.475421077001315, 9.56308106543535, 0.0 ], [ 77.498297976781728, 9.575411094400762, 0.0 ], [ 77.499844534992363, 9.596301009305462, 0.0 ], [ 77.51405094431486, 9.61081746366224, 0.0 ], [ 77.528168657204787, 9.65047254281445, 0.0 ], [ 77.543937484985548, 9.661742394326335, 0.0 ], [ 77.54330408984174, 9.64518771334741, 0.0 ], [ 77.551891639176262, 9.644367138165356, 0.0 ], [ 77.576118741011911, 9.668914454982348, 0.0 ], [ 77.585968923053329, 9.666850053178569, 0.0 ], [ 77.608231477533565, 9.696566493017054, 0.0 ], [ 77.644003316622204, 9.706449371967109, 0.0 ], [ 77.65090056667907, 9.683122670383723, 0.0 ], [ 77.668418255025372, 9.677239986359851, 0.0 ], [ 77.677726957561589, 9.68276314799874, 0.0 ], [ 77.681220601731923, 9.676673322770494, 0.0 ], [ 77.693698799409219, 9.697407484806858, 0.0 ], [ 77.707749007939142, 9.69095379113889, 0.0 ], [ 77.709939310079761, 9.705419332646859, 0.0 ], [ 77.760001446070945, 9.682737094185256, 0.0 ], [ 77.77632575464699, 9.64043409464389, 0.0 ], [ 77.790967655017567, 9.639109209001328, 0.0 ], [ 77.794718880003813, 9.648739190237956, 0.0 ], [ 77.841853383362434, 9.635344364198321, 0.0 ], [ 77.848935707148073, 9.650367256196001, 0.0 ], [ 77.891412712424426, 9.642344732883448, 0.0 ], [ 77.900687062092871, 9.626467983319602, 0.0 ], [ 77.91061412978982, 9.638216449467965, 0.0 ], [ 77.921597376534251, 9.637862788212342, 0.0 ], [ 77.92316109462368, 9.647554852814851, 0.0 ], [ 77.952554585242922, 9.649593518209073, 0.0 ], [ 77.975272879599018, 9.629602496501125, 0.0 ], [ 77.996335955327112, 9.640106771372665, 0.0 ], [ 78.000694296651943, 9.65034976968593, 0.0 ], [ 78.01457023203956, 9.639460168791455, 0.0 ], [ 78.040553387261269, 9.678503773401358, 0.0 ], [ 78.061494700224586, 9.67061126333839, 0.0 ], [ 78.059273337298862, 9.661759353822646, 0.0 ], [ 78.081847267398402, 9.663187532569355, 0.0 ], [ 78.080032018177718, 9.676527563680308, 0.0 ], [ 78.087835509208816, 9.683409119549111, 0.0 ], [ 78.076292570785768, 9.696797395256032, 0.0 ], [ 78.079940379881606, 9.708289489798247, 0.0 ], [ 78.068017720102944, 9.72339081616008, 0.0 ], [ 78.07131455963011, 9.735615142295654, 0.0 ], [ 78.061415825782177, 9.741539706160392, 0.0 ], [ 78.067109685789433, 9.752946408820943, 0.0 ], [ 78.101054701600987, 9.755130802687965, 0.0 ], [ 78.104302735950128, 9.768227279561973, 0.0 ], [ 78.088063706385256, 9.779382377002324, 0.0 ], [ 78.104538167438406, 9.7864317282213, 0.0 ] ] ] } },
{ "type": "Feature", "properties": { "name": "MADURAI" }, "geometry": { "type": "Polygon", "coordinates": [ [ [ 78.375235760773947, 10.310201437185727, 0.0 ], [ 78.390637421597887, 10.302236396991855, 0.0 ], [ 78.385743907566848, 10.289303416334562, 0.0 ], [ 78.381298058600493, 10.2938555296838, 0.0 ], [ 78.386702213419269, 10.270340104718976, 0.0 ], [ 78.406228697312514, 10.275668926139947, 0.0 ], [ 78.424220787631157, 10.270681074306665, 0.0 ], [ 78.425081860171872, 10.258570606289341, 0.0 ], [ 78.410604288193781, 10.257107493385591, 0.0 ], [ 78.392411339144516, 10.241632879395604, 0.0 ], [ 78.412535451138311, 10.213089390406074, 0.0 ], [ 78.394622439197306, 10.17405606903001, 0.0 ], [ 78.413032549180357, 10.160656161047562, 0.0 ], [ 78.401692881351238, 10.13856987933532, 0.0 ], [ 78.425339103566344, 10.133319384609042, 0.0 ], [ 78.425885172908536, 10.122027004907924, 0.0 ], [ 78.432675631949948, 10.135099335866228, 0.0 ], [ 78.451574156603684, 10.118966818058254, 0.0 ], [ 78.473568984019877, 10.121908851697217, 0.0 ], [ 78.456364440006993, 10.099184036229808, 0.0 ], [ 78.461868433170721, 10.071607686222828, 0.0 ], [ 78.454186656079017, 10.070162884136817, 0.0 ], [ 78.452893358123333, 10.058925134046573, 0.0 ], [ 78.437399013362864, 10.061097882121125, 0.0 ], [ 78.427732340904072, 10.053003093479854, 0.0 ], [ 78.430713038155872, 10.036032599335572, 0.0 ], [ 78.443487953284418, 10.034344308485835, 0.0 ], [ 78.44448494125389, 10.024408001340499, 0.0 ], [ 78.456095334129401, 10.018058885786433, 0.0 ], [ 78.456480036363274, 9.992149600810837, 0.0 ], [ 78.447672815463861, 9.986234037532967, 0.0 ], [ 78.456556829510845, 9.968502602692093, 0.0 ], [ 78.388894817806616, 9.95222759815775, 0.0 ], [ 78.372032305071585, 9.96234448235063, 0.0 ], [ 78.370346220170575, 9.934642383084796, 0.0 ], [ 78.345309032794674, 9.939979307299684, 0.0 ], [ 78.317110431703824, 9.92620983753598, 0.0 ], [ 78.309610033988918, 9.865252921369571, 0.0 ], [ 78.294535796128031, 9.861429435162574, 0.0 ], [ 78.287335285367845, 9.870183803387308, 0.0 ], [ 78.250271881472344, 9.873665574257796, 0.0 ], [ 78.266990237289889, 9.856217898167992, 0.0 ], [ 78.258437747521953, 9.83416344293399, 0.0 ], [ 78.239218080523784, 9.84530607797045, 0.0 ], [ 78.248677250423754, 9.860184691380264, 0.0 ], [ 78.2251600125403, 9.860992077296219, 0.0 ], [ 78.208734269256496, 9.875471084928547, 0.0 ], [ 78.181025143142804, 9.86778659608755, 0.0 ], [ 78.151284965046528, 9.874715003613117, 0.0 ], [ 78.150841539687164, 9.85222061592307, 0.0 ], [ 78.125008881525872, 9.854644042266143, 0.0 ], [ 78.132380020184769, 9.833216635785396, 0.0 ], [ 78.127835817211391, 9.814135138164659, 0.0 ], [ 78.142316181391664, 9.812263575856051, 0.0 ], [ 78.151733648379277, 9.827705467699614, 0.0 ], [ 78.169068440350742, 9.830927235939875, 0.0 ], [ 78.193445439614166, 9.806625699230363, 0.0 ], [ 78.175870764457954, 9.772204020110527, 0.0 ], [ 78.159938480577082, 9.774569830933137, 0.0 ], [ 78.172273292297646, 9.796950196771308, 0.0 ], [ 78.140880404804491, 9.809175984987899, 0.0 ], [ 78.145537779640648, 9.789221960324884, 0.0 ], [ 78.13701033090193, 9.761741385062196, 0.0 ], [ 78.104538167438406, 9.7864317282213, 0.0 ], [ 78.087981722098306, 9.778934790416633, 0.0 ], [ 78.104302735950128, 9.768227279561973, 0.0 ], [ 78.101054701600987, 9.755130802687965, 0.0 ], [ 78.067109685789433, 9.752946408820943, 0.0 ], [ 78.061415825782177, 9.741539706160392, 0.0 ], [ 78.07131455963011, 9.735615142295654, 0.0 ], [ 78.068017720102944, 9.72339081616008, 0.0 ], [ 78.079940379881606, 9.708289489798247, 0.0 ], [ 78.076292570785768, 9.696797395256032, 0.0 ], [ 78.087835509208816, 9.683409119549111, 0.0 ], [ 78.078143722040863, 9.660854311114889, 0.0 ], [ 78.059273337298862, 9.661759353822646, 0.0 ], [ 78.061494700224586, 9.67061126333839, 0.0 ], [ 78.040553387261269, 9.678503773401358, 0.0 ], [ 78.01457023203956, 9.639460168791455, 0.0 ], [ 78.000694296651943, 9.65034976968593, 0.0 ], [ 77.996335955327112, 9.640106771372665, 0.0 ], [ 77.975272879599018, 9.629602496501125, 0.0 ], [ 77.963985380673819, 9.63316759955679, 0.0 ], [ 77.962293775512777, 9.646182892249195, 0.0 ], [ 77.934427444622443, 9.649126577182995, 0.0 ], [ 77.900687062092871, 9.626467983319602, 0.0 ], [ 77.891412712424426, 9.642344732883448, 0.0 ], [ 77.848935707148073, 9.650367256196001, 0.0 ], [ 77.841853383362434, 9.635344364198321, 0.0 ], [ 77.794718880003813, 9.648739190237956, 0.0 ], [ 77.790967655017567, 9.639109209001328, 0.0 ], [ 77.77632575464699, 9.64043409464389, 0.0 ], [ 77.760001446070945, 9.682737094185256, 0.0 ], [ 77.725792227077079, 9.692748678554096, 0.0 ], [ 77.710062315843388, 9.705387643138362, 0.0 ], [ 77.707749007939142, 9.69095379113889, 0.0 ], [ 77.693698799409219, 9.697407484806858, 0.0 ], [ 77.681220601731923, 9.676673322770494, 0.0 ], [ 77.677726957561589, 9.68276314799874, 0.0 ], [ 77.656645574626125, 9.679777083155937, 0.0 ], [ 77.644003316622204, 9.706449371967109, 0.0 ], [ 77.628762047274392, 9.704668371508827, 0.0 ], [ 77.605534232233879, 9.695119671824505, 0.0 ], [ 77.585968923053329, 9.666850053178569, 0.0 ], [ 77.576118741011911, 9.668914454982348, 0.0 ], [ 77.551891639176262, 9.644367138165356, 0.0 ], [ 77.54330408984174, 9.64518771334741, 0.0 ], [ 77.547441701155108, 9.658610552748206, 0.0 ], [ 77.537341170445487, 9.65977419377001, 0.0 ], [ 77.499844534992363, 9.596301009305462, 0.0 ], [ 77.498297976781728, 9.575411094400762, 0.0 ], [ 77.475421077001315, 9.56308106543535, 0.0 ], [ 77.46414776887147, 9.578964844343483, 0.0 ], [ 77.470140174913354, 9.590391625287053, 0.0 ], [ 77.506273989031001, 9.638476430430767, 0.0 ], [ 77.50363189239043, 9.650197479024335, 0.0 ], [ 77.535345908333667, 9.675044322076573, 0.0 ], [ 77.566312366478158, 9.747779422744815, 0.0 ], [ 77.612065885909942, 9.799147653268417, 0.0 ], [ 77.625642416875309, 9.835046246252201, 0.0 ], [ 77.617341797159497, 9.838947239178916, 0.0 ], [ 77.618475881224555, 9.858421958294672, 0.0 ], [ 77.644847904025539, 9.888262401204138, 0.0 ], [ 77.654118145457304, 9.918563327438639, 0.0 ], [ 77.667421776703023, 9.913268600080938, 0.0 ], [ 77.679046049974119, 9.932845807435287, 0.0 ], [ 77.673195094553364, 9.96180525403213, 0.0 ], [ 77.692366359606453, 9.969112091166165, 0.0 ], [ 77.697920998432949, 10.017310757628813, 0.0 ], [ 77.712553719387941, 10.025860402183255, 0.0 ], [ 77.717231133159231, 10.018052249419014, 0.0 ], [ 77.763552678173653, 10.055913465138111, 0.0 ], [ 77.7805494710217, 10.050937524663237, 0.0 ], [ 77.805559036677238, 10.067602441239435, 0.0 ], [ 77.860637576444702, 10.075132967223213, 0.0 ], [ 77.874842502894509, 10.061594636150355, 0.0 ], [ 77.891012781701235, 10.078117164127018, 0.0 ], [ 77.919554782738984, 10.071917806662844, 0.0 ], [ 77.92541492908488, 10.091008173333067, 0.0 ], [ 77.946473343291188, 10.083626211845896, 0.0 ], [ 77.946702811103762, 10.090610376859035, 0.0 ], [ 77.931293204079125, 10.090305536058656, 0.0 ], [ 77.933554890723244, 10.113617497957662, 0.0 ], [ 77.962210480395157, 10.137308347106718, 0.0 ], [ 77.972706853747994, 10.131162273347044, 0.0 ], [ 77.984073275167063, 10.13660615062463, 0.0 ], [ 77.997143949575047, 10.160741307921629, 0.0 ], [ 78.013742570098486, 10.163361581840233, 0.0 ], [ 78.020031800868296, 10.184524242642555, 0.0 ], [ 78.070754128267495, 10.188104489119715, 0.0 ], [ 78.091535337564764, 10.181996091365319, 0.0 ], [ 78.103644707298116, 10.192331214128835, 0.0 ], [ 78.130626800161679, 10.187504645671464, 0.0 ], [ 78.146122819920663, 10.179385565592659, 0.0 ], [ 78.161224132013743, 10.15454450226154, 0.0 ], [ 78.165386767354548, 10.123858986038261, 0.0 ], [ 78.156302230063972, 10.107260418086037, 0.0 ], [ 78.174690383158406, 10.098321552055825, 0.0 ], [ 78.170159802381562, 10.092454503366728, 0.0 ], [ 78.20398241555985, 10.079348492733448, 0.0 ], [ 78.202857569412771, 10.066912757562656, 0.0 ], [ 78.260379138921948, 10.085924574413225, 0.0 ], [ 78.261284402822866, 10.102428998756475, 0.0 ], [ 78.27339213756936, 10.114823973378433, 0.0 ], [ 78.270499235352204, 10.129442258664943, 0.0 ], [ 78.28083280534473, 10.129581253838767, 0.0 ], [ 78.284257760751416, 10.148581983306139, 0.0 ], [ 78.281368408302356, 10.166902639721751, 0.0 ], [ 78.261860761049547, 10.159043913370251, 0.0 ], [ 78.269684032989701, 10.151321209612711, 0.0 ], [ 78.259817925657728, 10.154179751681495, 0.0 ], [ 78.260932705739862, 10.164043294338187, 0.0 ], [ 78.272218245592825, 10.171940047932297, 0.0 ], [ 78.268945161660469, 10.182358398557032, 0.0 ], [ 78.291423463930514, 10.203946466276559, 0.0 ], [ 78.313467913204278, 10.208838638555568, 0.0 ], [ 78.309029546413456, 10.214744533010816, 0.0 ], [ 78.320193309885255, 10.214097215650295, 0.0 ], [ 78.328688146316935, 10.22835182234912, 0.0 ], [ 78.321584044305425, 10.243435411870063, 0.0 ], [ 78.331974250995088, 10.254930322911413, 0.0 ], [ 78.325515649449287, 10.283313301957898, 0.0 ], [ 78.339892912570107, 10.288749133932429, 0.0 ], [ 78.338713894605704, 10.298300692917493, 0.0 ], [ 78.32937917901242, 10.298430374669826, 0.0 ], [ 78.350226047373852, 10.299373383542015, 0.0 ], [ 78.363258587917784, 10.293705852672897, 0.0 ], [ 78.374797799551501, 10.300269998208996, 0.0 ], [ 78.375235760773947, 10.310201437185727, 0.0 ] ] ] } },
{ "type": "Feature", "properties": { "name": "SIVAGANGA" }, "geometry": { "type": "Polygon", "coordinates": [ [ [ 78.446307629318085, 10.408108060961688, 0.0 ], [ 78.490358862217946, 10.395827893288299, 0.0 ], [ 78.492022751477506, 10.387961778028217, 0.0 ], [ 78.507741298638507, 10.388971187087813, 0.0 ], [ 78.497744590668901, 10.352112718148119, 0.0 ], [ 78.509453673482071, 10.346962185714947, 0.0 ], [ 78.521411750679974, 10.32627937813926, 0.0 ], [ 78.514549390054682, 10.267646807152694, 0.0 ], [ 78.452746843977678, 10.267041730149007, 0.0 ], [ 78.447753729970927, 10.245423785144705, 0.0 ], [ 78.457592458333892, 10.240566630762276, 0.0 ], [ 78.485746060888658, 10.252068117610403, 0.0 ], [ 78.478929120193428, 10.242812192114544, 0.0 ], [ 78.487743825184609, 10.23440596899648, 0.0 ], [ 78.472734091929524, 10.219863590430609, 0.0 ], [ 78.470520650920506, 10.202903286457468, 0.0 ], [ 78.487816245915184, 10.190521130198004, 0.0 ], [ 78.516154783431219, 10.190470501724233, 0.0 ], [ 78.51894699273366, 10.236642316413279, 0.0 ], [ 78.527593173123208, 10.238545353637688, 0.0 ], [ 78.538454086245309, 10.2576606222617, 0.0 ], [ 78.553465404397286, 10.249485681795818, 0.0 ], [ 78.570628550116382, 10.256770112215648, 0.0 ], [ 78.576838499601791, 10.266254585741462, 0.0 ], [ 78.569453963555006, 10.281069120633385, 0.0 ], [ 78.577927785142435, 10.287234915141024, 0.0 ], [ 78.611571730397429, 10.270367499898009, 0.0 ], [ 78.636224031192739, 10.269232144628822, 0.0 ], [ 78.651674764286852, 10.25428358387599, 0.0 ], [ 78.641380630964392, 10.241039463901927, 0.0 ], [ 78.650611442404553, 10.236593078908232, 0.0 ], [ 78.652020551928317, 10.219647490088342, 0.0 ], [ 78.673230923061567, 10.20469937217838, 0.0 ], [ 78.664213146057904, 10.17895456869293, 0.0 ], [ 78.6703762937059, 10.176015510681987, 0.0 ], [ 78.668042902342805, 10.154286929390103, 0.0 ], [ 78.67831054841389, 10.146968758126921, 0.0 ], [ 78.69133431495176, 10.147751349076657, 0.0 ], [ 78.708515397022836, 10.175602103976464, 0.0 ], [ 78.73731969128788, 10.158562602666185, 0.0 ], [ 78.767187512180953, 10.163433964698401, 0.0 ], [ 78.768885902716519, 10.199060500024924, 0.0 ], [ 78.809897413995614, 10.212999849996214, 0.0 ], [ 78.823234659619132, 10.198103052494412, 0.0 ], [ 78.81361754364157, 10.16661597231198, 0.0 ], [ 78.829548337751731, 10.15452208182394, 0.0 ], [ 78.833050253024155, 10.139238822373335, 0.0 ], [ 78.848384754174774, 10.137468760721172, 0.0 ], [ 78.847893257184055, 10.126067994286089, 0.0 ], [ 78.862273410518924, 10.126444418327663, 0.0 ], [ 78.881868146343407, 10.154530960615217, 0.0 ], [ 78.896532171396103, 10.147252678561472, 0.0 ], [ 78.900064073823387, 10.156673235277619, 0.0 ], [ 78.913522815201958, 10.144611569345971, 0.0 ], [ 78.913489288201532, 10.12776365486036, 0.0 ], [ 78.947866050799604, 10.10556751163119, 0.0 ], [ 78.967688681941723, 10.126646645168412, 0.0 ], [ 78.986975008556669, 10.089365049551564, 0.0 ], [ 78.973369854360058, 10.081810752628302, 0.0 ], [ 78.960121563978376, 10.095271677305686, 0.0 ], [ 78.93422507421181, 10.071905634764175, 0.0 ], [ 78.944403934773717, 10.059436309227801, 0.0 ], [ 78.924633675111068, 10.047044100811132, 0.0 ], [ 78.932039495360257, 10.037387238980628, 0.0 ], [ 78.930226526359647, 10.021764544144208, 0.0 ], [ 78.964857468795813, 10.007491029603809, 0.0 ], [ 78.973958634303713, 9.991458157758183, 0.0 ], [ 78.993834191738031, 9.995927476310994, 0.0 ], [ 79.013789698441911, 9.981722773650553, 0.0 ], [ 79.002887397873181, 9.978780334949841, 0.0 ], [ 78.996388466895581, 9.966017179705945, 0.0 ], [ 79.003306744819909, 9.956213956370192, 0.0 ], [ 78.988693965242817, 9.951483114738874, 0.0 ], [ 78.989688903732656, 9.940140801563663, 0.0 ], [ 78.963941302305017, 9.942851336338643, 0.0 ], [ 78.962938086310899, 9.923865177230086, 0.0 ], [ 78.943956047650218, 9.916848690217456, 0.0 ], [ 78.935542193119645, 9.933969504341242, 0.0 ], [ 78.929691155002345, 9.925955400044218, 0.0 ], [ 78.91599019772319, 9.927114325373008, 0.0 ], [ 78.893206050683276, 9.911519849757147, 0.0 ], [ 78.901589628997513, 9.894404607248942, 0.0 ], [ 78.892074555354029, 9.879012391068747, 0.0 ], [ 78.873985079331305, 9.883433505249046, 0.0 ], [ 78.872490097616364, 9.875526963755721, 0.0 ], [ 78.880308327602634, 9.872918739605229, 0.0 ], [ 78.8660826039727, 9.834140797051202, 0.0 ], [ 78.874027777009957, 9.824724767140028, 0.0 ], [ 78.864114834034126, 9.811637186801777, 0.0 ], [ 78.87208678384448, 9.80293090301285, 0.0 ], [ 78.866476891219648, 9.789323645716994, 0.0 ], [ 78.887487186211146, 9.786358571857731, 0.0 ], [ 78.893274896428252, 9.77286892631296, 0.0 ], [ 78.882255997238502, 9.744565926084777, 0.0 ], [ 78.855312875725105, 9.765255259393031, 0.0 ], [ 78.851127222805687, 9.747041689216266, 0.0 ], [ 78.823083016026374, 9.749763796163815, 0.0 ], [ 78.816636063023836, 9.743890274876483, 0.0 ], [ 78.826339828139083, 9.731794958678952, 0.0 ], [ 78.815326095021575, 9.731553323756994, 0.0 ], [ 78.805380556107735, 9.759506330814915, 0.0 ], [ 78.821653960308041, 9.760861297608002, 0.0 ], [ 78.826437539745513, 9.769446835496019, 0.0 ], [ 78.820379850004841, 9.774784555621121, 0.0 ], [ 78.831225466444437, 9.780839456648671, 0.0 ], [ 78.828297559742722, 9.792945160443608, 0.0 ], [ 78.81455907085882, 9.779810339028504, 0.0 ], [ 78.796020043830907, 9.794891281320309, 0.0 ], [ 78.80014743935277, 9.783875668972621, 0.0 ], [ 78.789720484499867, 9.781698495973952, 0.0 ], [ 78.7803705974422, 9.760444499638064, 0.0 ], [ 78.782182865479669, 9.795402810965429, 0.0 ], [ 78.774182456922432, 9.786788612725839, 0.0 ], [ 78.737558439940486, 9.780808740191867, 0.0 ], [ 78.744314897060733, 9.760292154652959, 0.0 ], [ 78.733481928101597, 9.758360686660239, 0.0 ], [ 78.732790033282541, 9.749027970076785, 0.0 ], [ 78.742850117678415, 9.743478113707475, 0.0 ], [ 78.744920764391921, 9.707624497301349, 0.0 ], [ 78.755163923107744, 9.717146907928484, 0.0 ], [ 78.778060018878293, 9.719550668297648, 0.0 ], [ 78.794298907620373, 9.705577510857033, 0.0 ], [ 78.795252394463475, 9.66616252012054, 0.0 ], [ 78.785465578410893, 9.652652256616987, 0.0 ], [ 78.794799757391118, 9.637402042561346, 0.0 ], [ 78.78778064792607, 9.634068542964599, 0.0 ], [ 78.802698299070187, 9.621098106604576, 0.0 ], [ 78.818664015638106, 9.624464861578868, 0.0 ], [ 78.826824266233928, 9.614317436107642, 0.0 ], [ 78.821274118957987, 9.599746445443458, 0.0 ], [ 78.782220633723227, 9.59588559499109, 0.0 ], [ 78.77386018114764, 9.5883155267563, 0.0 ], [ 78.753826074080266, 9.59332198248414, 0.0 ], [ 78.746738964928468, 9.585295769657126, 0.0 ], [ 78.701001147680728, 9.593544297433926, 0.0 ], [ 78.684436687175364, 9.605585608460881, 0.0 ], [ 78.678946248441022, 9.593850773173138, 0.0 ], [ 78.693783180397162, 9.576764967299805, 0.0 ], [ 78.654228121057471, 9.543199180183995, 0.0 ], [ 78.661805845243393, 9.536119285143375, 0.0 ], [ 78.657514713232871, 9.520139049550824, 0.0 ], [ 78.616828968628809, 9.536174270263119, 0.0 ], [ 78.616832489254719, 9.558085924823091, 0.0 ], [ 78.597571393956827, 9.560905379168853, 0.0 ], [ 78.587126380957969, 9.572341378460628, 0.0 ], [ 78.575789264250474, 9.576064692885454, 0.0 ], [ 78.571372903410932, 9.566724270441979, 0.0 ], [ 78.520102668993616, 9.578889934232592, 0.0 ], [ 78.494255025414603, 9.59978015982, 0.0 ], [ 78.502990823857985, 9.610929637728688, 0.0 ], [ 78.477118154341611, 9.613198005073466, 0.0 ], [ 78.461481013710511, 9.636447002538373, 0.0 ], [ 78.455741507581294, 9.616878327936691, 0.0 ], [ 78.440162311522485, 9.61527648493351, 0.0 ], [ 78.439113638626836, 9.60925059960528, 0.0 ], [ 78.42946126233943, 9.608827068252387, 0.0 ], [ 78.426173530432038, 9.617190650473344, 0.0 ], [ 78.423389204767091, 9.608154224375113, 0.0 ], [ 78.416451827561559, 9.60886472323528, 0.0 ], [ 78.409009522853225, 9.619565726562387, 0.0 ], [ 78.400048969112191, 9.611903758123052, 0.0 ], [ 78.389672683694144, 9.631442276453745, 0.0 ], [ 78.389736823074031, 9.652856556582087, 0.0 ], [ 78.356063095765663, 9.651547475133839, 0.0 ], [ 78.349736266635801, 9.666014510965441, 0.0 ], [ 78.33925873279226, 9.658111341654473, 0.0 ], [ 78.342777666674664, 9.680909214908432, 0.0 ], [ 78.321012843187376, 9.707170785486134, 0.0 ], [ 78.328231865914844, 9.725557441893841, 0.0 ], [ 78.324829573810192, 9.742662802160025, 0.0 ], [ 78.295514019962198, 9.693458680354754, 0.0 ], [ 78.302292638571899, 9.678971767730035, 0.0 ], [ 78.291659991038571, 9.674642835841002, 0.0 ], [ 78.271243312209535, 9.691806095914414, 0.0 ], [ 78.277853042997847, 9.696084705708799, 0.0 ], [ 78.271946325376462, 9.729124001987646, 0.0 ], [ 78.280134574673085, 9.729899621534583, 0.0 ], [ 78.276886792645954, 9.740598853370926, 0.0 ], [ 78.237823055729621, 9.757367561693362, 0.0 ], [ 78.210226315308972, 9.782532045566969, 0.0 ], [ 78.204288416337945, 9.763587526670506, 0.0 ], [ 78.173290728956701, 9.760163685965855, 0.0 ], [ 78.172213349448214, 9.748127084696069, 0.0 ], [ 78.163012955736022, 9.757530460259213, 0.0 ], [ 78.146051408159835, 9.742907766215554, 0.0 ], [ 78.133911709290004, 9.748093172167305, 0.0 ], [ 78.145537779640648, 9.789221960324884, 0.0 ], [ 78.140880404804491, 9.809175984987899, 0.0 ], [ 78.172273292297646, 9.796950196771308, 0.0 ], [ 78.159938480577082, 9.774569830933137, 0.0 ], [ 78.175433272288146, 9.772100035963385, 0.0 ], [ 78.193445439614166, 9.806625699230363, 0.0 ], [ 78.169068440350742, 9.830927235939875, 0.0 ], [ 78.151733648379277, 9.827705467699614, 0.0 ], [ 78.142316181391664, 9.812263575856051, 0.0 ], [ 78.127835817211391, 9.814135138164659, 0.0 ], [ 78.132380020184769, 9.833216635785396, 0.0 ], [ 78.125008881525872, 9.854644042266143, 0.0 ], [ 78.150841539687164, 9.85222061592307, 0.0 ], [ 78.151284965046528, 9.874715003613117, 0.0 ], [ 78.181025143142804, 9.86778659608755, 0.0 ], [ 78.208734269256496, 9.875471084928547, 0.0 ], [ 78.2251600125403, 9.860992077296219, 0.0 ], [ 78.248677250423754, 9.860184691380264, 0.0 ], [ 78.239218080523784, 9.84530607797045, 0.0 ], [ 78.258437747521953, 9.83416344293399, 0.0 ], [ 78.266990237289889, 9.856217898167992, 0.0 ], [ 78.250271881472344, 9.873665574257796, 0.0 ], [ 78.287335285367845, 9.870183803387308, 0.0 ], [ 78.294535796128031, 9.861429435162574, 0.0 ], [ 78.309610033988918, 9.865252921369571, 0.0 ], [ 78.317110431703824, 9.92620983753598, 0.0 ], [ 78.345309032794674, 9.939979307299684, 0.0 ], [ 78.370346220170575, 9.934642383084796, 0.0 ], [ 78.372032305071585, 9.96234448235063, 0.0 ], [ 78.388894817806616, 9.95222759815775, 0.0 ], [ 78.456556829510845, 9.968502602692093, 0.0 ], [ 78.447672815463861, 9.986234037532967, 0.0 ], [ 78.456480036363274, 9.992149600810837, 0.0 ], [ 78.456095334129401, 10.018058885786433, 0.0 ], [ 78.44448494125389, 10.024408001340499, 0.0 ], [ 78.443487953284418, 10.034344308485835, 0.0 ], [ 78.430713038155872, 10.036032599335572, 0.0 ], [ 78.427732340904072, 10.053003093479854, 0.0 ], [ 78.437399013362864, 10.061097882121125, 0.0 ], [ 78.452893358123333, 10.058925134046573, 0.0 ], [ 78.454186656079017, 10.070162884136817, 0.0 ], [ 78.461868433170721, 10.071607686222828, 0.0 ], [ 78.456364440006993, 10.099184036229808, 0.0 ], [ 78.473568984019877, 10.121908851697217, 0.0 ], [ 78.451574156603684, 10.118966818058254, 0.0 ], [ 78.432675631949948, 10.135099335866228, 0.0 ], [ 78.425885172908536, 10.122027004907924, 0.0 ], [ 78.425339103566344, 10.133319384609042, 0.0 ], [ 78.401692881351238, 10.13856987933532, 0.0 ], [ 78.413032549180357, 10.160656161047562, 0.0 ], [ 78.394622439197306, 10.17405606903001, 0.0 ], [ 78.412535451138311, 10.213089390406074, 0.0 ], [ 78.392411339144516, 10.241632879395604, 0.0 ], [ 78.410604288193781, 10.257107493385591, 0.0 ], [ 78.425081860171872, 10.258570606289341, 0.0 ], [ 78.424220787631157, 10.270681074306665, 0.0 ], [ 78.406228697312514, 10.275668926139947, 0.0 ], [ 78.386702213419269, 10.270340104718976, 0.0 ], [ 78.381298058600493, 10.2938555296838, 0.0 ], [ 78.385743907566848, 10.289303416334562, 0.0 ], [ 78.390637421597887, 10.302236396991855, 0.0 ], [ 78.37867310643972, 10.310084021731255, 0.0 ], [ 78.392034789357595, 10.317818413312104, 0.0 ], [ 78.404256933065867, 10.343602430259509, 0.0 ], [ 78.392163571475109, 10.354302903927179, 0.0 ], [ 78.436633031373006, 10.362729218436733, 0.0 ], [ 78.448939904440309, 10.374904965425266, 0.0 ], [ 78.43859537928904, 10.383672005317823, 0.0 ], [ 78.446307629318085, 10.408108060961688, 0.0 ] ], [ [ 78.437800018623207, 10.326104373029308, 0.0 ], [ 78.42719191220074, 10.3160672639788, 0.0 ], [ 78.426240375772025, 10.286524982993697, 0.0 ], [ 78.448894647276234, 10.289034589192989, 0.0 ], [ 78.453325151942508, 10.302278578601907, 0.0 ], [ 78.448084915616349, 10.324904567912208, 0.0 ], [ 78.437800018623207, 10.326104373029308, 0.0 ] ] ] } },
{ "type": "Feature", "properties": { "name": "RAMANATHAPURAM" }, "geometry": { "type": "MultiPolygon", "coordinates": [ [ [ [ 78.495546422675744, 9.09065970283117, 0.0 ], [ 78.487222327220522, 9.088709408683664, 0.0 ], [ 78.489939244014636, 9.093432753131905, 0.0 ], [ 78.495546422675744, 9.09065970283117, 0.0 ] ] ], [ [ [ 78.539088301500399, 9.103765338517814, 0.0 ], [ 78.535083199027227, 9.102767870395507, 0.0 ], [ 78.539134869059765, 9.106045398236883, 0.0 ], [ 78.539088301500399, 9.103765338517814, 0.0 ] ] ], [ [ [ 78.579342698116946, 9.112824415931158, 0.0 ], [ 78.587974406828749, 9.106998521614329, 0.0 ], [ 78.570954954298671, 9.101131516403235, 0.0 ], [ 78.579342698116946, 9.112824415931158, 0.0 ] ] ], [ [ [ 79.489292481182503, 9.119036838966135, 0.0 ], [ 79.491877812169292, 9.124026926470206, 0.0 ], [ 79.49651322006531, 9.124825536346396, 0.0 ], [ 79.496585448611938, 9.123166455983236, 0.0 ], [ 79.489292481182503, 9.119036838966135, 0.0 ] ] ], [ [ [ 79.488299163946465, 9.128227788332143, 0.0 ], [ 79.48831229628577, 9.126523491733858, 0.0 ], [ 79.487120761848772, 9.127333075343325, 0.0 ], [ 79.488299163946465, 9.128227788332143, 0.0 ] ] ], [ [ [ 79.4806260010416, 9.130558331076976, 0.0 ], [ 79.481630776035388, 9.128686455757098, 0.0 ], [ 79.479734160479737, 9.129699582225618, 0.0 ], [ 79.4806260010416, 9.130558331076976, 0.0 ] ] ], [ [ [ 79.482869722713033, 9.134296236192691, 0.0 ], [ 79.482282188606561, 9.131837213122523, 0.0 ], [ 79.481513770590055, 9.132886170522795, 0.0 ], [ 79.482869722713033, 9.134296236192691, 0.0 ] ] ], [ [ [ 79.472881675402562, 9.13918602985725, 0.0 ], [ 79.473467773597235, 9.136609079631857, 0.0 ], [ 79.469806625620421, 9.139403791410425, 0.0 ], [ 79.472881675402562, 9.13918602985725, 0.0 ] ] ], [ [ [ 79.467414883279758, 9.143378191782922, 0.0 ], [ 79.467509654009675, 9.140511971440628, 0.0 ], [ 79.46511760631202, 9.143320019760617, 0.0 ], [ 79.467414883279758, 9.143378191782922, 0.0 ] ] ], [ [ [ 79.454705338933678, 9.145320587426339, 0.0 ], [ 79.453781543060771, 9.143896763298821, 0.0 ], [ 79.454127602635211, 9.145628094194072, 0.0 ], [ 79.454705338933678, 9.145320587426339, 0.0 ] ] ], [ [ [ 79.455752072704698, 9.147634976829965, 0.0 ], [ 79.456184051663755, 9.146558918215698, 0.0 ], [ 79.455055996954712, 9.147074526786454, 0.0 ], [ 79.455752072704698, 9.147634976829965, 0.0 ] ] ], [ [ [ 79.452354382056427, 9.149778515397777, 0.0 ], [ 79.452662983284853, 9.146424088403677, 0.0 ], [ 79.450093128002621, 9.147952628338274, 0.0 ], [ 79.452354382056427, 9.149778515397777, 0.0 ] ] ], [ [ [ 79.445785968614032, 9.15205836202801, 0.0 ], [ 79.444534969960372, 9.1523433930456, 0.0 ], [ 79.445517921325205, 9.153767203535709, 0.0 ], [ 79.445785968614032, 9.15205836202801, 0.0 ] ] ], [ [ [ 79.443575946842842, 9.156642772672253, 0.0 ], [ 79.447669691389621, 9.153934028370559, 0.0 ], [ 79.447287236823655, 9.152654764338349, 0.0 ], [ 79.443575946842842, 9.156642772672253, 0.0 ] ] ], [ [ [ 78.753721695838451, 9.154137884779146, 0.0 ], [ 78.754213779667424, 9.15323313380124, 0.0 ], [ 78.752892926118747, 9.153271147780174, 0.0 ], [ 78.753721695838451, 9.154137884779146, 0.0 ] ] ], [ [ [ 78.731101463186846, 9.155879682967944, 0.0 ], [ 78.730972724591737, 9.152118491534017, 0.0 ], [ 78.728034131322161, 9.152800598886399, 0.0 ], [ 78.731101463186846, 9.155879682967944, 0.0 ] ] ], [ [ [ 78.697003685292728, 9.152589692300625, 0.0 ], [ 78.69384185110755, 9.152857015389952, 0.0 ], [ 78.696522130293999, 9.155810522888299, 0.0 ], [ 78.697003685292728, 9.152589692300625, 0.0 ] ] ], [ [ [ 78.752550258352983, 9.156196493437779, 0.0 ], [ 78.750880025067389, 9.156355747226623, 0.0 ], [ 78.751864456240796, 9.157030856981226, 0.0 ], [ 78.752550258352983, 9.156196493437779, 0.0 ] ] ], [ [ [ 78.698882998156364, 9.158301196810188, 0.0 ], [ 78.698068589279629, 9.158523356682341, 0.0 ], [ 78.698836062341883, 9.158686109760087, 0.0 ], [ 78.698882998156364, 9.158301196810188, 0.0 ] ] ], [ [ [ 78.819560171727801, 9.165229311368975, 0.0 ], [ 78.818646253282751, 9.160701107082504, 0.0 ], [ 78.816923399051248, 9.160365272695323, 0.0 ], [ 78.819560171727801, 9.165229311368975, 0.0 ] ] ], [ [ [ 78.829040617659388, 9.170506711220179, 0.0 ], [ 78.823961990369057, 9.166451631775118, 0.0 ], [ 78.828521396575368, 9.173688040045173, 0.0 ], [ 78.829040617659388, 9.170506711220179, 0.0 ] ] ], [ [ [ 78.970046099052354, 9.182915524149053, 0.0 ], [ 78.969039438031047, 9.182832541970365, 0.0 ], [ 78.969383014293797, 9.183933947234211, 0.0 ], [ 78.970046099052354, 9.182915524149053, 0.0 ] ] ], [ [ [ 78.910407287163508, 9.186462253271293, 0.0 ], [ 78.910132098984718, 9.185988392633432, 0.0 ], [ 78.910120416496596, 9.186565770123465, 0.0 ], [ 78.910407287163508, 9.186462253271293, 0.0 ] ] ], [ [ [ 78.966845169031686, 9.187356201037183, 0.0 ], [ 78.971115331625825, 9.184971637015531, 0.0 ], [ 78.967413113301035, 9.182918995107695, 0.0 ], [ 78.966845169031686, 9.187356201037183, 0.0 ] ] ], [ [ [ 78.943354199247196, 9.187732787132298, 0.0 ], [ 78.930782965828044, 9.18151777406729, 0.0 ], [ 78.92353872020928, 9.183318054688604, 0.0 ], [ 78.8972644928959, 9.179674299557197, 0.0 ], [ 78.943354199247196, 9.187732787132298, 0.0 ] ] ], [ [ [ 78.703081291397666, 9.185484525152358, 0.0 ], [ 78.701897818972114, 9.185822480230494, 0.0 ], [ 78.701911233830344, 9.185993714800075, 0.0 ], [ 78.703081291397666, 9.185484525152358, 0.0 ] ] ], [ [ [ 79.068898651770539, 9.210539148596826, 0.0 ], [ 79.09102609976371, 9.195932581170894, 0.0 ], [ 79.056768358574047, 9.198019958982895, 0.0 ], [ 79.068898651770539, 9.210539148596826, 0.0 ] ] ], [ [ [ 79.14153391739579, 9.214253828856959, 0.0 ], [ 79.139533774853689, 9.212638811078774, 0.0 ], [ 79.138874944841319, 9.213347347549551, 0.0 ], [ 79.14153391739579, 9.214253828856959, 0.0 ] ] ], [ [ [ 79.123824256058015, 9.214683677559279, 0.0 ], [ 79.122860021660088, 9.214534429657411, 0.0 ], [ 79.122700305043281, 9.214674458796928, 0.0 ], [ 79.123824256058015, 9.214683677559279, 0.0 ] ] ], [ [ [ 79.134112724760911, 9.215982818242892, 0.0 ], [ 79.129124757772487, 9.214585045084565, 0.0 ], [ 79.132985774130219, 9.216164565880254, 0.0 ], [ 79.134112724760911, 9.215982818242892, 0.0 ] ] ], [ [ [ 79.123626755557609, 9.217317200707699, 0.0 ], [ 79.122144971162996, 9.217157310197736, 0.0 ], [ 79.123401209003461, 9.218016299833595, 0.0 ], [ 79.123626755557609, 9.217317200707699, 0.0 ] ] ], [ [ [ 79.232745729012066, 9.243084051068983, 0.0 ], [ 79.238460564612922, 9.241888937435487, 0.0 ], [ 79.238633262379508, 9.241206243661985, 0.0 ], [ 79.232745729012066, 9.243084051068983, 0.0 ] ] ], [ [ [ 79.180422502189998, 9.249627231204112, 0.0 ], [ 79.217740628180721, 9.250422893922112, 0.0 ], [ 79.20226729860056, 9.241490778867661, 0.0 ], [ 79.223646182747032, 9.24715065500563, 0.0 ], [ 79.20383677244638, 9.239722836982205, 0.0 ], [ 79.19933005066116, 9.230202836848573, 0.0 ], [ 79.179310516331029, 9.238198739134248, 0.0 ], [ 79.180422502189998, 9.249627231204112, 0.0 ] ] ], [ [ [ 78.994759312850263, 9.940378720682965, 0.0 ], [ 79.006049747430254, 9.91425525898463, 0.0 ], [ 79.031127734174987, 9.893207044919071, 0.0 ], [ 79.045151112125112, 9.859207270364124, 0.0 ], [ 79.069472594860756, 9.84999076350161, 0.0 ], [ 79.10298999921865, 9.855198623457126, 0.0 ], [ 79.108679922615366, 9.84225665624616, 0.0 ], [ 79.098820233593443, 9.843322652100968, 0.0 ], [ 79.104819421705884, 9.83794371432637, 0.0 ], [ 79.094969054788564, 9.838223018211098, 0.0 ], [ 79.094245257639827, 9.830040674990489, 0.0 ], [ 79.089663813760225, 9.834076997917849, 0.0 ], [ 79.084955134031333, 9.83465047199647, 0.0 ], [ 79.093903476764439, 9.829362544614053, 0.0 ], [ 79.078479101549021, 9.799976558325641, 0.0 ], [ 79.075824406300612, 9.812208843999349, 0.0 ], [ 79.076961428963031, 9.799709593851684, 0.0 ], [ 79.058618192648595, 9.772451371629259, 0.0 ], [ 79.032313866390723, 9.755302464175445, 0.0 ], [ 79.031291842876087, 9.759352617622909, 0.0 ], [ 79.029873914603769, 9.761463311216241, 0.0 ], [ 79.015911778818548, 9.732318979194716, 0.0 ], [ 79.015972753818943, 9.740392802002548, 0.0 ], [ 79.013150441469364, 9.744840091640112, 0.0 ], [ 79.015000712302665, 9.731491394033009, 0.0 ], [ 79.00449315885065, 9.718603862426976, 0.0 ], [ 79.004495538015945, 9.724290787355109, 0.0 ], [ 79.00385273796654, 9.725090691835012, 0.0 ], [ 79.003232935757097, 9.72532552846406, 0.0 ], [ 78.980362889160645, 9.689557173299745, 0.0 ], [ 78.959814830068197, 9.630934333935713, 0.0 ], [ 78.9336402721339, 9.606175053378438, 0.0 ], [ 78.92013850348566, 9.559225252297544, 0.0 ], [ 78.915226351919173, 9.499031152941992, 0.0 ], [ 78.898340927558451, 9.4898959799119, 0.0 ], [ 78.911765750749638, 9.445759725969603, 0.0 ], [ 78.980469339123132, 9.361242279027868, 0.0 ], [ 79.071119269641699, 9.295035562328788, 0.0 ], [ 79.211186737422977, 9.283265804660026, 0.0 ], [ 79.221114282276545, 9.291337676967704, 0.0 ], [ 79.265928445855494, 9.292744172973807, 0.0 ], [ 79.281509739658816, 9.312748585360847, 0.0 ], [ 79.309915388742496, 9.327646844315632, 0.0 ], [ 79.327243675692287, 9.321266769634915, 0.0 ], [ 79.335046340704409, 9.30932874789052, 0.0 ], [ 79.314717149607716, 9.281188349600376, 0.0 ], [ 79.324003782466178, 9.263577299197561, 0.0 ], [ 79.416437584146635, 9.187098900701235, 0.0 ], [ 79.435842970586208, 9.164171887641611, 0.0 ], [ 79.435496290873289, 9.157793143703177, 0.0 ], [ 79.41818817492603, 9.176027360768918, 0.0 ], [ 79.310866194337436, 9.241477451214545, 0.0 ], [ 79.257361897095976, 9.259179368843865, 0.0 ], [ 79.219908434162619, 9.257305320452891, 0.0 ], [ 79.218469399048772, 9.270755076866687, 0.0 ], [ 79.205027283574239, 9.273479530600477, 0.0 ], [ 79.209198061284553, 9.282403164942389, 0.0 ], [ 79.188656112066028, 9.282482796483118, 0.0 ], [ 79.089200773992047, 9.261531772880049, 0.0 ], [ 78.97935338982029, 9.274869744307644, 0.0 ], [ 78.926522918772463, 9.267714594713633, 0.0 ], [ 78.895696335249625, 9.251537233929778, 0.0 ], [ 78.861099010140947, 9.25540191484183, 0.0 ], [ 78.732602795336106, 9.211889350887903, 0.0 ], [ 78.716534289965495, 9.200031004686918, 0.0 ], [ 78.717255198915794, 9.189542662793242, 0.0 ], [ 78.678866109969945, 9.196014170479373, 0.0 ], [ 78.649337928360282, 9.187621608338024, 0.0 ], [ 78.642308385400582, 9.169755807190324, 0.0 ], [ 78.657648199069499, 9.158123155658913, 0.0 ], [ 78.605391738951369, 9.148014448261435, 0.0 ], [ 78.578249758918588, 9.130999665908362, 0.0 ], [ 78.536857226105326, 9.138495394017994, 0.0 ], [ 78.467536352372974, 9.127989486855352, 0.0 ], [ 78.415286849148572, 9.114598111692485, 0.0 ], [ 78.384887331780845, 9.094722331572925, 0.0 ], [ 78.365401866529709, 9.103147840842048, 0.0 ], [ 78.356800929448795, 9.098613032963947, 0.0 ], [ 78.356376392261211, 9.118056855270911, 0.0 ], [ 78.273946065588419, 9.141485910392637, 0.0 ], [ 78.296120567165133, 9.20508086570117, 0.0 ], [ 78.26935484606382, 9.202098724290794, 0.0 ], [ 78.280973795581815, 9.284194203223615, 0.0 ], [ 78.328622737801041, 9.275285314860941, 0.0 ], [ 78.346764138205288, 9.297873238029917, 0.0 ], [ 78.346130361671797, 9.309405485571524, 0.0 ], [ 78.353330382030208, 9.308637671563067, 0.0 ], [ 78.36487963945774, 9.339465249013523, 0.0 ], [ 78.356093626065942, 9.357891131689552, 0.0 ], [ 78.333102932440269, 9.354064051192065, 0.0 ], [ 78.324358085174822, 9.332394897868426, 0.0 ], [ 78.311404007501565, 9.335028127269453, 0.0 ], [ 78.304802342750008, 9.323507880672228, 0.0 ], [ 78.297819979666897, 9.325974588946874, 0.0 ], [ 78.295376203053706, 9.342619311658277, 0.0 ], [ 78.310482541766575, 9.345154371043458, 0.0 ], [ 78.308252479980041, 9.365022350563793, 0.0 ], [ 78.301155531995747, 9.367150028973551, 0.0 ], [ 78.308150206316441, 9.374818743988122, 0.0 ], [ 78.30418781939558, 9.384257052028461, 0.0 ], [ 78.295047715182321, 9.381678088096027, 0.0 ], [ 78.291476346551917, 9.391016951292988, 0.0 ], [ 78.263199280730376, 9.386627898041672, 0.0 ], [ 78.25523321066791, 9.373641683074741, 0.0 ], [ 78.243036291297614, 9.381062530261801, 0.0 ], [ 78.243194510362827, 9.406676695688406, 0.0 ], [ 78.222522743910119, 9.410122763671085, 0.0 ], [ 78.21504390540295, 9.433455852336625, 0.0 ], [ 78.218621263129137, 9.447401293901862, 0.0 ], [ 78.30117868930995, 9.442161921295726, 0.0 ], [ 78.299384691102318, 9.46146486112394, 0.0 ], [ 78.308696221304118, 9.460481466997502, 0.0 ], [ 78.311034911621647, 9.467941088149963, 0.0 ], [ 78.330377960096385, 9.462818114687641, 0.0 ], [ 78.339356174224918, 9.468456646592486, 0.0 ], [ 78.35190564120883, 9.460980756272553, 0.0 ], [ 78.34685055261474, 9.471301017375048, 0.0 ], [ 78.330071321744512, 9.472831377146608, 0.0 ], [ 78.327009101143418, 9.487514016943726, 0.0 ], [ 78.347324436648336, 9.511398959913345, 0.0 ], [ 78.374861523373909, 9.507427133336268, 0.0 ], [ 78.382261402181527, 9.515948648351726, 0.0 ], [ 78.387371059349206, 9.536097203227879, 0.0 ], [ 78.372378515780454, 9.543176421130067, 0.0 ], [ 78.375283587854852, 9.566005912376294, 0.0 ], [ 78.36843334021016, 9.570481127737709, 0.0 ], [ 78.393871193728359, 9.581358013450199, 0.0 ], [ 78.397784292338756, 9.595191036700772, 0.0 ], [ 78.411831204942615, 9.587857663296679, 0.0 ], [ 78.42946126233943, 9.608827068252387, 0.0 ], [ 78.454884943901149, 9.616064810214285, 0.0 ], [ 78.461175863950842, 9.636447021138832, 0.0 ], [ 78.477118154341611, 9.613198005073466, 0.0 ], [ 78.502990823857985, 9.610929637728688, 0.0 ], [ 78.494255025414603, 9.59978015982, 0.0 ], [ 78.520102668993616, 9.578889934232592, 0.0 ], [ 78.571372903410932, 9.566724270441979, 0.0 ], [ 78.575789264250474, 9.576064692885454, 0.0 ], [ 78.587126380957969, 9.572341378460628, 0.0 ], [ 78.597571393956827, 9.560905379168853, 0.0 ], [ 78.616832489254719, 9.558085924823091, 0.0 ], [ 78.616828968628809, 9.536174270263119, 0.0 ], [ 78.655574726146753, 9.520053284669178, 0.0 ], [ 78.661805845243393, 9.536119285143375, 0.0 ], [ 78.654228121057471, 9.543199180183995, 0.0 ], [ 78.693783180397162, 9.576764967299805, 0.0 ], [ 78.678946248441022, 9.593850773173138, 0.0 ], [ 78.684436687175364, 9.605585608460881, 0.0 ], [ 78.701001147680728, 9.593544297433926, 0.0 ], [ 78.746738964928468, 9.585295769657126, 0.0 ], [ 78.753826074080266, 9.59332198248414, 0.0 ], [ 78.77386018114764, 9.5883155267563, 0.0 ], [ 78.782220633723227, 9.59588559499109, 0.0 ], [ 78.821274118957987, 9.599746445443458, 0.0 ], [ 78.826646058825617, 9.617942985950762, 0.0 ], [ 78.807530340748002, 9.626198518433018, 0.0 ], [ 78.802698299070187, 9.621098106604576, 0.0 ], [ 78.78778064792607, 9.634068542964599, 0.0 ], [ 78.794799757391118, 9.637402042561346, 0.0 ], [ 78.785465578410893, 9.652652256616987, 0.0 ], [ 78.795252394463475, 9.66616252012054, 0.0 ], [ 78.794298907620373, 9.705577510857033, 0.0 ], [ 78.778060018878293, 9.719550668297648, 0.0 ], [ 78.755163923107744, 9.717146907928484, 0.0 ], [ 78.744920764391921, 9.707624497301349, 0.0 ], [ 78.742850117678415, 9.743478113707475, 0.0 ], [ 78.732790033282541, 9.749027970076785, 0.0 ], [ 78.733481928101597, 9.758360686660239, 0.0 ], [ 78.744314897060733, 9.760292154652959, 0.0 ], [ 78.737366932806268, 9.78050591771196, 0.0 ], [ 78.774182456922432, 9.786788612725839, 0.0 ], [ 78.782182865479669, 9.795402810965429, 0.0 ], [ 78.7803705974422, 9.760444499638064, 0.0 ], [ 78.789720484499867, 9.781698495973952, 0.0 ], [ 78.80014743935277, 9.783875668972621, 0.0 ], [ 78.796020043830907, 9.794891281320309, 0.0 ], [ 78.81455907085882, 9.779810339028504, 0.0 ], [ 78.828297559742722, 9.792945160443608, 0.0 ], [ 78.831225466444437, 9.780839456648671, 0.0 ], [ 78.820379850004841, 9.774784555621121, 0.0 ], [ 78.826437539745513, 9.769446835496019, 0.0 ], [ 78.821653960308041, 9.760861297608002, 0.0 ], [ 78.805380556107735, 9.759506330814915, 0.0 ], [ 78.815326095021575, 9.731553323756994, 0.0 ], [ 78.826339828139083, 9.731794958678952, 0.0 ], [ 78.816636063023836, 9.743890274876483, 0.0 ], [ 78.823083016026374, 9.749763796163815, 0.0 ], [ 78.851127222805687, 9.747041689216266, 0.0 ], [ 78.855312875725105, 9.765255259393031, 0.0 ], [ 78.882255997238502, 9.744565926084777, 0.0 ], [ 78.893274896428252, 9.77286892631296, 0.0 ], [ 78.887487186211146, 9.786358571857731, 0.0 ], [ 78.866476891219648, 9.789323645716994, 0.0 ], [ 78.87208678384448, 9.80293090301285, 0.0 ], [ 78.864114834034126, 9.811637186801777, 0.0 ], [ 78.874027777009957, 9.824724767140028, 0.0 ], [ 78.8660826039727, 9.834140797051202, 0.0 ], [ 78.880308327602634, 9.872918739605229, 0.0 ], [ 78.872490097616364, 9.875526963755721, 0.0 ], [ 78.873985079331305, 9.883433505249046, 0.0 ], [ 78.892074555354029, 9.879012391068747, 0.0 ], [ 78.901589628997513, 9.894404607248942, 0.0 ], [ 78.893206050683276, 9.911519849757147, 0.0 ], [ 78.91599019772319, 9.927114325373008, 0.0 ], [ 78.929691155002345, 9.925955400044218, 0.0 ], [ 78.935542193119645, 9.933969504341242, 0.0 ], [ 78.943956047650218, 9.916848690217456, 0.0 ], [ 78.962938086310899, 9.923865177230086, 0.0 ], [ 78.963941302305017, 9.942851336338643, 0.0 ], [ 78.994759312850263, 9.940378720682965, 0.0 ] ] ] ] } },
{ "type": "Feature", "properties": { "name": "THENI" }, "geometry": { "type": "Polygon", "coordinates": [ [ [ 77.622489307318347, 10.218705470372385, 0.0 ], [ 77.664430032685033, 10.188783032561613, 0.0 ], [ 77.681488893313173, 10.201483503431504, 0.0 ], [ 77.693211227701156, 10.196911372071584, 0.0 ], [ 77.706540158254924, 10.21585845149491, 0.0 ], [ 77.710028964990286, 10.206301390900984, 0.0 ], [ 77.701274023976339, 10.195164939016454, 0.0 ], [ 77.712242424634411, 10.170014988816609, 0.0 ], [ 77.729281433768506, 10.159066320320528, 0.0 ], [ 77.723925657772526, 10.14617087090785, 0.0 ], [ 77.729451048735257, 10.131382711821644, 0.0 ], [ 77.707866161645029, 10.128902090758238, 0.0 ], [ 77.692111077530086, 10.145364457885396, 0.0 ], [ 77.676379394667634, 10.144630067003281, 0.0 ], [ 77.675478269828076, 10.126611431297357, 0.0 ], [ 77.668629852379425, 10.122367464600764, 0.0 ], [ 77.702536349993082, 10.102738560492337, 0.0 ], [ 77.696935773126583, 10.086669293353713, 0.0 ], [ 77.708899576159865, 10.08024315438831, 0.0 ], [ 77.712595585933286, 10.047884354890854, 0.0 ], [ 77.706308229724328, 10.038220878897363, 0.0 ], [ 77.712553719387941, 10.025860402183255, 0.0 ], [ 77.697920998432949, 10.017310757628813, 0.0 ], [ 77.691901079861111, 9.968099509655246, 0.0 ], [ 77.673195094553364, 9.96180525403213, 0.0 ], [ 77.679046049974119, 9.932845807435287, 0.0 ], [ 77.668607261531378, 9.914326338628735, 0.0 ], [ 77.654118145457304, 9.918563327438639, 0.0 ], [ 77.644847904025539, 9.888262401204138, 0.0 ], [ 77.620007401316997, 9.862174097110353, 0.0 ], [ 77.617036295519966, 9.840393767337135, 0.0 ], [ 77.625642416875309, 9.835046246252201, 0.0 ], [ 77.612065885909942, 9.799147653268417, 0.0 ], [ 77.566312366478158, 9.747779422744815, 0.0 ], [ 77.535345908333667, 9.675044322076573, 0.0 ], [ 77.50363189239043, 9.650197479024335, 0.0 ], [ 77.506273989031001, 9.638476430430767, 0.0 ], [ 77.464325629271343, 9.579832774022503, 0.0 ], [ 77.477294478130915, 9.552194768001991, 0.0 ], [ 77.455891291233229, 9.541585433230448, 0.0 ], [ 77.427869733425837, 9.546517606675033, 0.0 ], [ 77.385178374376238, 9.519231526134803, 0.0 ], [ 77.36561838115648, 9.534999141378064, 0.0 ], [ 77.365084541066793, 9.552729164131575, 0.0 ], [ 77.350263201085113, 9.567081123250416, 0.0 ], [ 77.359890817118441, 9.577380015968647, 0.0 ], [ 77.357475511329582, 9.594431709144926, 0.0 ], [ 77.36614355679275, 9.595955752097037, 0.0 ], [ 77.36112810173644, 9.60226174757239, 0.0 ], [ 77.354586911545127, 9.604069557435835, 0.0 ], [ 77.339490822881501, 9.573313942378482, 0.0 ], [ 77.325361165296755, 9.58003404084856, 0.0 ], [ 77.329899252928499, 9.598994455355468, 0.0 ], [ 77.317818743003286, 9.602504872702136, 0.0 ], [ 77.26971372245994, 9.572769119017948, 0.0 ], [ 77.25306707912209, 9.582966368013413, 0.0 ], [ 77.234301796015302, 9.581545289732381, 0.0 ], [ 77.208957291212471, 9.613443529097779, 0.0 ], [ 77.188679376631981, 9.606100974387141, 0.0 ], [ 77.167202819369237, 9.61170570037436, 0.0 ], [ 77.179985570209425, 9.656868935006132, 0.0 ], [ 77.206716161930558, 9.694656359593427, 0.0 ], [ 77.203459302190041, 9.721907874108949, 0.0 ], [ 77.223908364767468, 9.730373356996909, 0.0 ], [ 77.220233814569895, 9.745039081141003, 0.0 ], [ 77.232399726381288, 9.768573654838162, 0.0 ], [ 77.222663455554439, 9.787791771583313, 0.0 ], [ 77.246666027403137, 9.797886555582046, 0.0 ], [ 77.241153659049729, 9.815634559876628, 0.0 ], [ 77.221777820430063, 9.822451409317003, 0.0 ], [ 77.222935279992939, 9.844879723083205, 0.0 ], [ 77.237184028874339, 9.85138075382754, 0.0 ], [ 77.236307480523777, 9.859603935108938, 0.0 ], [ 77.221329240002902, 9.863133288260716, 0.0 ], [ 77.212450056239732, 9.876884814608584, 0.0 ], [ 77.220746462124069, 9.884483201267631, 0.0 ], [ 77.218252564136392, 9.90429442041269, 0.0 ], [ 77.230062244996759, 9.912467290771911, 0.0 ], [ 77.24654236116686, 9.951396481919673, 0.0 ], [ 77.261012304666622, 9.952486853476193, 0.0 ], [ 77.272854758978028, 9.964194674976733, 0.0 ], [ 77.260910675600527, 9.992678966970141, 0.0 ], [ 77.266131275608871, 10.001889738145653, 0.0 ], [ 77.253193598806035, 10.012812329391856, 0.0 ], [ 77.261899708150352, 10.029725211940633, 0.0 ], [ 77.203282394127569, 10.088807004122614, 0.0 ], [ 77.207891946602629, 10.117701960324732, 0.0 ], [ 77.244595060808038, 10.130948432462803, 0.0 ], [ 77.283039632569498, 10.117773819504214, 0.0 ], [ 77.302483384188506, 10.136001263302116, 0.0 ], [ 77.323722842360738, 10.12756603913858, 0.0 ], [ 77.329290803638301, 10.142679001630595, 0.0 ], [ 77.341468922911019, 10.136022108147012, 0.0 ], [ 77.360324209845174, 10.15103201587571, 0.0 ], [ 77.372077859737956, 10.139306430564153, 0.0 ], [ 77.395433757712951, 10.162794886897846, 0.0 ], [ 77.408747546020905, 10.158449940029362, 0.0 ], [ 77.411429256008134, 10.145019340427138, 0.0 ], [ 77.427579264946786, 10.136080494704641, 0.0 ], [ 77.465645907680099, 10.128767987981066, 0.0 ], [ 77.468044633908463, 10.142252033359986, 0.0 ], [ 77.482634460537142, 10.153933401695815, 0.0 ], [ 77.487751748554572, 10.14774325058649, 0.0 ], [ 77.50001386030408, 10.160965541148155, 0.0 ], [ 77.511803903338532, 10.16089784558719, 0.0 ], [ 77.53805903598176, 10.187712952403263, 0.0 ], [ 77.54622838014555, 10.182846689694562, 0.0 ], [ 77.548184843251363, 10.203994083303069, 0.0 ], [ 77.566818781218529, 10.1953733112286, 0.0 ], [ 77.569746647059262, 10.181269917638504, 0.0 ], [ 77.589046032943557, 10.196760258492365, 0.0 ], [ 77.598318895726095, 10.194311288179273, 0.0 ], [ 77.603004741357168, 10.199962334423311, 0.0 ], [ 77.595780316048277, 10.205793039584414, 0.0 ], [ 77.622489307318347, 10.218705470372385, 0.0 ] ] ] } },
{ "type": "Feature", "properties": { "name": "DINDIGUL" }, "geometry": { "type": "Polygon", "coordinates": [ [ [ 78.175210610755869, 10.832185843307437, 0.0 ], [ 78.179854836842637, 10.822819166209355, 0.0 ], [ 78.186637606328091, 10.833033898934623, 0.0 ], [ 78.180819410949468, 10.821191680013007, 0.0 ], [ 78.186059024069436, 10.819323888327974, 0.0 ], [ 78.169888550935383, 10.798984899804488, 0.0 ], [ 78.168249025365498, 10.775886272727805, 0.0 ], [ 78.151637274073323, 10.740510237368273, 0.0 ], [ 78.154666445682778, 10.720050970429712, 0.0 ], [ 78.145070434803017, 10.676705942351981, 0.0 ], [ 78.145535384062441, 10.64958837149158, 0.0 ], [ 78.163065255810878, 10.648850333889774, 0.0 ], [ 78.165392101897595, 10.613740417332032, 0.0 ], [ 78.136166617961379, 10.596777164329769, 0.0 ], [ 78.132712409822162, 10.575088419213355, 0.0 ], [ 78.139167798563321, 10.562630184045874, 0.0 ], [ 78.160964293409876, 10.562493377089647, 0.0 ], [ 78.170041024018886, 10.554202003859928, 0.0 ], [ 78.188754205653254, 10.559131031654562, 0.0 ], [ 78.200017368064408, 10.54668869906409, 0.0 ], [ 78.17336478368712, 10.503726867910569, 0.0 ], [ 78.191725952850518, 10.500909787040522, 0.0 ], [ 78.2065369909362, 10.473996738174995, 0.0 ], [ 78.218870973434747, 10.466200480403433, 0.0 ], [ 78.246370308896857, 10.467945807726085, 0.0 ], [ 78.315093284318394, 10.439460820603637, 0.0 ], [ 78.306815854783764, 10.41215563263537, 0.0 ], [ 78.287827498859599, 10.402115240802599, 0.0 ], [ 78.277203736902194, 10.383189374739796, 0.0 ], [ 78.279339472371461, 10.372639431557978, 0.0 ], [ 78.317838445269913, 10.348722772013891, 0.0 ], [ 78.337801687263379, 10.32549564783822, 0.0 ], [ 78.329406700681432, 10.297783955863736, 0.0 ], [ 78.338713894605704, 10.298300692917493, 0.0 ], [ 78.339892912570107, 10.288749133932429, 0.0 ], [ 78.325989962979975, 10.285144214272171, 0.0 ], [ 78.331974250995088, 10.254930322911413, 0.0 ], [ 78.321747594750761, 10.247725371586782, 0.0 ], [ 78.328688146316935, 10.22835182234912, 0.0 ], [ 78.320193309885255, 10.214097215650295, 0.0 ], [ 78.309029546413456, 10.214744533010816, 0.0 ], [ 78.313467913204278, 10.208838638555568, 0.0 ], [ 78.291423463930514, 10.203946466276559, 0.0 ], [ 78.268945161660469, 10.182358398557032, 0.0 ], [ 78.272218245592825, 10.171940047932297, 0.0 ], [ 78.2596697478198, 10.161447984345598, 0.0 ], [ 78.259817925657728, 10.154179751681495, 0.0 ], [ 78.269684032989701, 10.151321209612711, 0.0 ], [ 78.261860761049547, 10.159043913370251, 0.0 ], [ 78.281368408302356, 10.166902639721751, 0.0 ], [ 78.284257760751416, 10.148581983306139, 0.0 ], [ 78.28083280534473, 10.129581253838767, 0.0 ], [ 78.270499235352204, 10.129442258664943, 0.0 ], [ 78.27339213756936, 10.114823973378433, 0.0 ], [ 78.261284402822866, 10.102428998756475, 0.0 ], [ 78.260379138921948, 10.085924574413225, 0.0 ], [ 78.202857569412771, 10.066912757562656, 0.0 ], [ 78.20398241555985, 10.079348492733448, 0.0 ], [ 78.170159802381562, 10.092454503366728, 0.0 ], [ 78.174690383158406, 10.098321552055825, 0.0 ], [ 78.156302230063972, 10.107260418086037, 0.0 ], [ 78.165386767354548, 10.123858986038261, 0.0 ], [ 78.161224132013743, 10.15454450226154, 0.0 ], [ 78.146122819920663, 10.179385565592659, 0.0 ], [ 78.130626800161679, 10.187504645671464, 0.0 ], [ 78.103644707298116, 10.192331214128835, 0.0 ], [ 78.091535337564764, 10.181996091365319, 0.0 ], [ 78.070754128267495, 10.188104489119715, 0.0 ], [ 78.020031800868296, 10.184524242642555, 0.0 ], [ 78.013742570098486, 10.163361581840233, 0.0 ], [ 77.997143949575047, 10.160741307921629, 0.0 ], [ 77.984073275167063, 10.13660615062463, 0.0 ], [ 77.972706853747994, 10.131162273347044, 0.0 ], [ 77.962210480395157, 10.137308347106718, 0.0 ], [ 77.933554890723244, 10.113617497957662, 0.0 ], [ 77.931293204079125, 10.090305536058656, 0.0 ], [ 77.946702811103762, 10.090610376859035, 0.0 ], [ 77.946473343291188, 10.083626211845896, 0.0 ], [ 77.92541492908488, 10.091008173333067, 0.0 ], [ 77.919554782738984, 10.071917806662844, 0.0 ], [ 77.891012781701235, 10.078117164127018, 0.0 ], [ 77.874842502894509, 10.061594636150355, 0.0 ], [ 77.863625434883559, 10.074242567417736, 0.0 ], [ 77.847600754165029, 10.075353299124361, 0.0 ], [ 77.822869914272744, 10.065540148173184, 0.0 ], [ 77.805559036677238, 10.067602441239435, 0.0 ], [ 77.7805494710217, 10.050937524663237, 0.0 ], [ 77.763552678173653, 10.055913465138111, 0.0 ], [ 77.717231133159231, 10.018052249419014, 0.0 ], [ 77.706340084784131, 10.037981347699018, 0.0 ], [ 77.712595585933286, 10.047884354890854, 0.0 ], [ 77.708543999826986, 10.081472802968754, 0.0 ], [ 77.696935773126583, 10.086669293353713, 0.0 ], [ 77.702536349993082, 10.102738560492337, 0.0 ], [ 77.668629852379425, 10.122367464600764, 0.0 ], [ 77.675478269828076, 10.126611431297357, 0.0 ], [ 77.676379394667634, 10.144630067003281, 0.0 ], [ 77.692111077530086, 10.145364457885396, 0.0 ], [ 77.707866161645029, 10.128902090758238, 0.0 ], [ 77.729451048735257, 10.131382711821644, 0.0 ], [ 77.723925657772526, 10.14617087090785, 0.0 ], [ 77.729281433768506, 10.159066320320528, 0.0 ], [ 77.712242424634411, 10.170014988816609, 0.0 ], [ 77.701274023976339, 10.195164939016454, 0.0 ], [ 77.710028964990286, 10.206301390900984, 0.0 ], [ 77.706540158254924, 10.21585845149491, 0.0 ], [ 77.693211227701156, 10.196911372071584, 0.0 ], [ 77.681488893313173, 10.201483503431504, 0.0 ], [ 77.664430032685033, 10.188783032561613, 0.0 ], [ 77.623255972587941, 10.218728148746376, 0.0 ], [ 77.595780316048277, 10.205793039584414, 0.0 ], [ 77.603004741357168, 10.199962334423311, 0.0 ], [ 77.598318895726095, 10.194311288179273, 0.0 ], [ 77.589046032943557, 10.196760258492365, 0.0 ], [ 77.569746647059262, 10.181269917638504, 0.0 ], [ 77.566818781218529, 10.1953733112286, 0.0 ], [ 77.548184843251363, 10.203994083303069, 0.0 ], [ 77.54622838014555, 10.182846689694562, 0.0 ], [ 77.53805903598176, 10.187712952403263, 0.0 ], [ 77.511803903338532, 10.16089784558719, 0.0 ], [ 77.50001386030408, 10.160965541148155, 0.0 ], [ 77.487751748554572, 10.14774325058649, 0.0 ], [ 77.482634460537142, 10.153933401695815, 0.0 ], [ 77.468044633908463, 10.142252033359986, 0.0 ], [ 77.465645907680099, 10.128767987981066, 0.0 ], [ 77.427579264946786, 10.136080494704641, 0.0 ], [ 77.411429256008134, 10.145019340427138, 0.0 ], [ 77.408747546020905, 10.158449940029362, 0.0 ], [ 77.395433757712951, 10.162794886897846, 0.0 ], [ 77.372077859737956, 10.139306430564153, 0.0 ], [ 77.360324209845174, 10.15103201587571, 0.0 ], [ 77.341468922911019, 10.136022108147012, 0.0 ], [ 77.329290803638301, 10.142679001630595, 0.0 ], [ 77.323722842360738, 10.12756603913858, 0.0 ], [ 77.302483384188506, 10.136001263302116, 0.0 ], [ 77.283039632569498, 10.117773819504214, 0.0 ], [ 77.2665925960994, 10.119341512912332, 0.0 ], [ 77.274772105778098, 10.13254646305349, 0.0 ], [ 77.27530480218023, 10.184418497812457, 0.0 ], [ 77.283117348300436, 10.208648398852654, 0.0 ], [ 77.294955629373064, 10.217898372946557, 0.0 ], [ 77.288088162101417, 10.23186337663218, 0.0 ], [ 77.29678103385497, 10.252693760449803, 0.0 ], [ 77.310538507909939, 10.246330146985379, 0.0 ], [ 77.325070311024646, 10.270076699810387, 0.0 ], [ 77.348097901856846, 10.26339871552495, 0.0 ], [ 77.351278181983147, 10.273335041823259, 0.0 ], [ 77.326544674032888, 10.321121943221893, 0.0 ], [ 77.33664221713552, 10.35413636368823, 0.0 ], [ 77.315672564381174, 10.355656069835764, 0.0 ], [ 77.319975856290839, 10.433955304969327, 0.0 ], [ 77.327154542065045, 10.43469343649633, 0.0 ], [ 77.322946008906882, 10.448529664427342, 0.0 ], [ 77.332261428872869, 10.454561532970898, 0.0 ], [ 77.357147594306042, 10.444845617573051, 0.0 ], [ 77.385082838197249, 10.448973780068247, 0.0 ], [ 77.378542461152847, 10.493920189415245, 0.0 ], [ 77.401700158775199, 10.498824288089455, 0.0 ], [ 77.405666622172603, 10.522123691532135, 0.0 ], [ 77.378021269682804, 10.525916999056342, 0.0 ], [ 77.367961492768828, 10.546660798907638, 0.0 ], [ 77.401684370208244, 10.613363297567288, 0.0 ], [ 77.482508873888904, 10.650003587354291, 0.0 ], [ 77.504649423598551, 10.642559796704706, 0.0 ], [ 77.516135250035504, 10.612951347843204, 0.0 ], [ 77.507288914895355, 10.613386489775205, 0.0 ], [ 77.508264823395677, 10.606986032708855, 0.0 ], [ 77.542839120245262, 10.609764254130646, 0.0 ], [ 77.54919612355144, 10.638967545909752, 0.0 ], [ 77.571464988510783, 10.657876819147006, 0.0 ], [ 77.58007109167778, 10.679083398626297, 0.0 ], [ 77.586007206064238, 10.683468970682023, 0.0 ], [ 77.63678805586423, 10.66874062620891, 0.0 ], [ 77.655695049540554, 10.673355100313589, 0.0 ], [ 77.66469826229293, 10.716274920076753, 0.0 ], [ 77.693594270688735, 10.735228894072289, 0.0 ], [ 77.702032246675884, 10.733703761044866, 0.0 ], [ 77.708703298783291, 10.686320039141757, 0.0 ], [ 77.698474269415584, 10.662427820984785, 0.0 ], [ 77.714107334540984, 10.641526593491493, 0.0 ], [ 77.72305914350494, 10.640764726072575, 0.0 ], [ 77.72054767953594, 10.631231961366185, 0.0 ], [ 77.746679918749862, 10.640689195892255, 0.0 ], [ 77.755682774417025, 10.671614865018242, 0.0 ], [ 77.788789441964909, 10.68523730220911, 0.0 ], [ 77.817702854712195, 10.679413424176298, 0.0 ], [ 77.812956834034836, 10.64823550373946, 0.0 ], [ 77.830681153927003, 10.632829006872688, 0.0 ], [ 77.845993164343227, 10.639006048830321, 0.0 ], [ 77.872301043005791, 10.631246493709467, 0.0 ], [ 77.876417869352153, 10.645431570449739, 0.0 ], [ 77.895912592635369, 10.645512650244189, 0.0 ], [ 77.909001354620543, 10.657038767110746, 0.0 ], [ 77.913972595843049, 10.64824171356098, 0.0 ], [ 77.977782940138439, 10.639829990691894, 0.0 ], [ 77.969850040105214, 10.672496377789873, 0.0 ], [ 78.005546050207869, 10.675464448660946, 0.0 ], [ 78.015167651392886, 10.719636378907333, 0.0 ], [ 78.008712555594585, 10.722115545050775, 0.0 ], [ 78.010592170149977, 10.731102743387712, 0.0 ], [ 77.998664009145429, 10.729879420740595, 0.0 ], [ 77.998170623568328, 10.742773848564433, 0.0 ], [ 77.931306313042981, 10.736621197987819, 0.0 ], [ 77.939211148063549, 10.768407684098216, 0.0 ], [ 77.983278559786427, 10.759464426143852, 0.0 ], [ 77.994927546909551, 10.761738656256448, 0.0 ], [ 77.998525640137004, 10.774475584358017, 0.0 ], [ 78.024634245237792, 10.771575292184256, 0.0 ], [ 78.027808117233789, 10.781457778412006, 0.0 ], [ 78.034119495838837, 10.774548256685758, 0.0 ], [ 78.055693577695465, 10.773939621652426, 0.0 ], [ 78.056921384284678, 10.763570239667775, 0.0 ], [ 78.069947743287216, 10.775719277089168, 0.0 ], [ 78.098060266544323, 10.766931656358608, 0.0 ], [ 78.096416425338106, 10.788868544944481, 0.0 ], [ 78.105065030661507, 10.805034074175058, 0.0 ], [ 78.149127013539271, 10.803868647858737, 0.0 ], [ 78.152306147005049, 10.826442893633466, 0.0 ], [ 78.175210610755869, 10.832185843307437, 0.0 ] ] ] } },
{ "type": "Feature", "properties": { "name": "NAMAKKAL" }, "geometry": { "type": "Polygon", "coordinates": [ [ [ 78.44914486020221, 11.596965570258286, 0.0 ], [ 78.448812507397733, 11.565480432069343, 0.0 ], [ 78.460633764398224, 11.561346114139011, 0.0 ], [ 78.454325839948609, 11.542345327653608, 0.0 ], [ 78.466535457020555, 11.537528139933379, 0.0 ], [ 78.461628612438716, 11.529235164588657, 0.0 ], [ 78.470245638759053, 11.529277878950303, 0.0 ], [ 78.473405283970763, 11.520046880848685, 0.0 ], [ 78.461811483609523, 11.494909822935137, 0.0 ], [ 78.457734602648301, 11.502373288386543, 0.0 ], [ 78.432920525955524, 11.495390953115551, 0.0 ], [ 78.436030523405279, 11.485862028708292, 0.0 ], [ 78.425913950421943, 11.470906675270134, 0.0 ], [ 78.437699182945224, 11.464784442644284, 0.0 ], [ 78.445401324119644, 11.439660036422257, 0.0 ], [ 78.457997182707402, 11.438816344426449, 0.0 ], [ 78.448551768227276, 11.430949116552672, 0.0 ], [ 78.444875507205182, 11.403123972366961, 0.0 ], [ 78.427023146186116, 11.384942782371729, 0.0 ], [ 78.44739465640329, 11.400158292086013, 0.0 ], [ 78.489910968389026, 11.413968299752332, 0.0 ], [ 78.479103213033909, 11.387890934069453, 0.0 ], [ 78.464605041985621, 11.377119342404706, 0.0 ], [ 78.454702911700537, 11.349291406895619, 0.0 ], [ 78.459597783324085, 11.342618428019875, 0.0 ], [ 78.446850675312277, 11.344800205404544, 0.0 ], [ 78.447260067056789, 11.332098469061254, 0.0 ], [ 78.455770374876835, 11.332186893245137, 0.0 ], [ 78.465435961864785, 11.313339754602257, 0.0 ], [ 78.438132859553832, 11.268528867958352, 0.0 ], [ 78.421923362233315, 11.211667585314911, 0.0 ], [ 78.41066814826064, 11.197489027842421, 0.0 ], [ 78.381180796886412, 11.187002121621925, 0.0 ], [ 78.387407496336579, 11.177166926003647, 0.0 ], [ 78.376876662324108, 11.17623635119131, 0.0 ], [ 78.380603321556819, 11.137439426361697, 0.0 ], [ 78.346053105286131, 11.137974965087707, 0.0 ], [ 78.34344364555237, 11.112155317131073, 0.0 ], [ 78.323976530267231, 11.097239988900538, 0.0 ], [ 78.338201192572257, 11.094864732750098, 0.0 ], [ 78.338093001066952, 11.083518985599602, 0.0 ], [ 78.36335159218045, 11.06508362418834, 0.0 ], [ 78.360099312004536, 11.046645291197821, 0.0 ], [ 78.350123743684208, 11.048294294266721, 0.0 ], [ 78.344630946920887, 11.026239364950451, 0.0 ], [ 78.328409344333352, 11.03312580822249, 0.0 ], [ 78.323874549715427, 11.057923025777868, 0.0 ], [ 78.290884390986491, 11.077180082958611, 0.0 ], [ 78.2779143228381, 11.07941791633643, 0.0 ], [ 78.265511294849844, 11.070300590764894, 0.0 ], [ 78.25172767714264, 11.090180332937399, 0.0 ], [ 78.238676707218801, 11.094503178240654, 0.0 ], [ 78.229894275077768, 11.094849694202191, 0.0 ], [ 78.236689687587969, 11.066605089814031, 0.0 ], [ 78.228920011606888, 11.054574829904038, 0.0 ], [ 78.20177557365929, 11.075479280882485, 0.0 ], [ 78.195778186660917, 11.06461401726359, 0.0 ], [ 78.183263301838451, 11.069565969078452, 0.0 ], [ 78.16331338341233, 11.049092071859436, 0.0 ], [ 78.197045894780857, 11.044055667937824, 0.0 ], [ 78.194776224193816, 11.022051627574282, 0.0 ], [ 78.170172582368437, 11.012725851950236, 0.0 ], [ 78.101741837525779, 11.07549931499608, 0.0 ], [ 78.054766350172173, 11.073963064911339, 0.0 ], [ 78.02747661019697, 11.09056661180392, 0.0 ], [ 77.995131612154395, 11.096876029689357, 0.0 ], [ 77.94744059400557, 11.065564930074576, 0.0 ], [ 77.894014388304484, 11.077374055300639, 0.0 ], [ 77.881978572798829, 11.122468077295975, 0.0 ], [ 77.884340559558154, 11.155931185308342, 0.0 ], [ 77.861455145334276, 11.185691545220221, 0.0 ], [ 77.870825302987797, 11.214752341609062, 0.0 ], [ 77.864766222310024, 11.242447247083014, 0.0 ], [ 77.840847907270714, 11.260602429211575, 0.0 ], [ 77.807697149569876, 11.267597680802353, 0.0 ], [ 77.757556752807162, 11.334307466376105, 0.0 ], [ 77.750823684586436, 11.354152454169114, 0.0 ], [ 77.717492292901227, 11.378273699785387, 0.0 ], [ 77.683737112717125, 11.419455434607215, 0.0 ], [ 77.696589930953962, 11.464428057814301, 0.0 ], [ 77.711950196799734, 11.463805008917156, 0.0 ], [ 77.708678961022656, 11.449169762218329, 0.0 ], [ 77.719379726977095, 11.453316228171223, 0.0 ], [ 77.742082069575659, 11.445787109070681, 0.0 ], [ 77.761038966760793, 11.450986956164767, 0.0 ], [ 77.76551401657818, 11.477711637415373, 0.0 ], [ 77.772738943438981, 11.482808600246747, 0.0 ], [ 77.791455836884481, 11.465588905111465, 0.0 ], [ 77.784293921185139, 11.450810283382031, 0.0 ], [ 77.795865158157625, 11.447288287190414, 0.0 ], [ 77.804346421858597, 11.4485743496548, 0.0 ], [ 77.805782466938112, 11.459065915578179, 0.0 ], [ 77.814328971719405, 11.45755381464264, 0.0 ], [ 77.815820523955111, 11.467398964434732, 0.0 ], [ 77.808217800908253, 11.468775717376149, 0.0 ], [ 77.831194607932346, 11.468947928647632, 0.0 ], [ 77.834450200387508, 11.457033440590795, 0.0 ], [ 77.820018189187905, 11.446132711356766, 0.0 ], [ 77.849895202250963, 11.434638336954604, 0.0 ], [ 77.852481540010388, 11.415107153442788, 0.0 ], [ 77.86458120674385, 11.423678258103241, 0.0 ], [ 77.876672842174386, 11.413580803579569, 0.0 ], [ 77.880145630985496, 11.423479892958433, 0.0 ], [ 77.91093982538699, 11.422226457295247, 0.0 ], [ 77.915700032933628, 11.458680695590512, 0.0 ], [ 77.924130550996821, 11.451510698128159, 0.0 ], [ 77.923261289743081, 11.460966865644599, 0.0 ], [ 77.941141627026653, 11.459797659846959, 0.0 ], [ 77.948540971090992, 11.473989229010664, 0.0 ], [ 77.971942614022254, 11.468246923411863, 0.0 ], [ 77.977737535644664, 11.530621792662245, 0.0 ], [ 78.034660238094276, 11.528626094552143, 0.0 ], [ 78.043657335787202, 11.515082261689324, 0.0 ], [ 78.054002225793354, 11.513394689717103, 0.0 ], [ 78.055090673616647, 11.522213737792093, 0.0 ], [ 78.058749913257969, 11.515665104672058, 0.0 ], [ 78.070879254303861, 11.52796700326598, 0.0 ], [ 78.078896562611689, 11.523972818369977, 0.0 ], [ 78.083126403112232, 11.554054791440251, 0.0 ], [ 78.090342805345543, 11.545417987732144, 0.0 ], [ 78.11013475736884, 11.555902300111944, 0.0 ], [ 78.119165963344841, 11.539101692584437, 0.0 ], [ 78.138747470688799, 11.544028698273603, 0.0 ], [ 78.160588529670008, 11.538811232776212, 0.0 ], [ 78.166814404607393, 11.548714050280505, 0.0 ], [ 78.201469296715572, 11.553087748065472, 0.0 ], [ 78.207362639968309, 11.564504029780178, 0.0 ], [ 78.243604326442764, 11.552708461705359, 0.0 ], [ 78.266225279579601, 11.55984208494726, 0.0 ], [ 78.277100929827952, 11.565803644151723, 0.0 ], [ 78.264329091739242, 11.566996557603687, 0.0 ], [ 78.271929576650606, 11.578674912259959, 0.0 ], [ 78.303246879106126, 11.588760360162802, 0.0 ], [ 78.319262764785108, 11.578490135354707, 0.0 ], [ 78.307269285966967, 11.564610649782075, 0.0 ], [ 78.329484935804814, 11.558490813060804, 0.0 ], [ 78.323249429871154, 11.542606035801541, 0.0 ], [ 78.310066968657992, 11.541188281980585, 0.0 ], [ 78.328481616118452, 11.531284220876667, 0.0 ], [ 78.345219399883462, 11.541606189756703, 0.0 ], [ 78.374494361912582, 11.588535921131729, 0.0 ], [ 78.382870166586201, 11.57519726819768, 0.0 ], [ 78.385854679289494, 11.586474837897697, 0.0 ], [ 78.44914486020221, 11.596965570258286, 0.0 ] ], [ [ 78.294401995747137, 11.534245646132558, 0.0 ], [ 78.306549616237973, 11.542632815603707, 0.0 ], [ 78.306613501286705, 11.548437623748006, 0.0 ], [ 78.29281716336439, 11.545721500443253, 0.0 ], [ 78.294401995747137, 11.534245646132558, 0.0 ] ] ] } },
{ "type": "Feature", "properties": { "name": "SALEM" }, "geometry": { "type": "MultiPolygon", "coordinates": [ [ [ [ 78.29281716336439, 11.545721500443253, 0.0 ], [ 78.306549616237973, 11.542632815603707, 0.0 ], [ 78.291885583761356, 11.534294597741777, 0.0 ], [ 78.29281716336439, 11.545721500443253, 0.0 ] ] ], [ [ [ 78.234865583689157, 11.979260096159312, 0.0 ], [ 78.253277407105571, 11.951061296754975, 0.0 ], [ 78.235792477857331, 11.917964712212685, 0.0 ], [ 78.257000696716602, 11.940219580950505, 0.0 ], [ 78.272755561713424, 11.937920908896148, 0.0 ], [ 78.257949700827297, 11.912363511350213, 0.0 ], [ 78.275025693384222, 11.931440160701404, 0.0 ], [ 78.290755874890792, 11.932096593711364, 0.0 ], [ 78.269020773978724, 11.90025005826991, 0.0 ], [ 78.280072944292542, 11.899567213133832, 0.0 ], [ 78.302307507855915, 11.922748247726531, 0.0 ], [ 78.324388535227229, 11.93008499367537, 0.0 ], [ 78.331504714984945, 11.922244207582924, 0.0 ], [ 78.326391361746744, 11.899584631397664, 0.0 ], [ 78.309148475271556, 11.881188954275924, 0.0 ], [ 78.358940041088232, 11.91170267442072, 0.0 ], [ 78.353131145328419, 11.894160165953258, 0.0 ], [ 78.365747906101888, 11.891837854778082, 0.0 ], [ 78.367556781311336, 11.880565180861939, 0.0 ], [ 78.348005681658492, 11.84848511610908, 0.0 ], [ 78.345585985570594, 11.824198878588442, 0.0 ], [ 78.312872163756197, 11.782685624959814, 0.0 ], [ 78.328283451806882, 11.775981266906845, 0.0 ], [ 78.38056765364712, 11.825715396818813, 0.0 ], [ 78.403146285376749, 11.873545168667253, 0.0 ], [ 78.414376824929306, 11.880143285084818, 0.0 ], [ 78.441483215749713, 11.868346226058229, 0.0 ], [ 78.433070254558615, 11.86223234722948, 0.0 ], [ 78.435078782042311, 11.854665464251683, 0.0 ], [ 78.455381515001676, 11.82635222535292, 0.0 ], [ 78.539397194913875, 11.806596879186957, 0.0 ], [ 78.595837478320405, 11.822759579340365, 0.0 ], [ 78.626821749560634, 11.869222804079429, 0.0 ], [ 78.695204639184553, 11.851230723033401, 0.0 ], [ 78.69224817441355, 11.80388440675924, 0.0 ], [ 78.665288032161016, 11.796652299740252, 0.0 ], [ 78.662248995703933, 11.779874416863514, 0.0 ], [ 78.643173197679474, 11.768336177981825, 0.0 ], [ 78.637910987059684, 11.721241235789583, 0.0 ], [ 78.652670457382783, 11.71526753962749, 0.0 ], [ 78.645874076121075, 11.660440206554188, 0.0 ], [ 78.660020658761226, 11.661626270362026, 0.0 ], [ 78.659067235839359, 11.647941558856491, 0.0 ], [ 78.678630381696181, 11.643319958174816, 0.0 ], [ 78.677869784712442, 11.671836014252481, 0.0 ], [ 78.695187789165431, 11.690031280368354, 0.0 ], [ 78.717949686344014, 11.683196872766825, 0.0 ], [ 78.780647704230191, 11.703341696160324, 0.0 ], [ 78.806079099125739, 11.686458163643364, 0.0 ], [ 78.806489460234175, 11.661344895829009, 0.0 ], [ 78.773578497455716, 11.636605186898642, 0.0 ], [ 78.786250570665885, 11.641301488648558, 0.0 ], [ 78.78984039462425, 11.628881542920039, 0.0 ], [ 78.786434293630535, 11.613485109297933, 0.0 ], [ 78.776741885618947, 11.613355178227847, 0.0 ], [ 78.775341713901952, 11.605973401598357, 0.0 ], [ 78.817625891785255, 11.590866276117163, 0.0 ], [ 78.829327966051821, 11.578153669343809, 0.0 ], [ 78.816170244268704, 11.56171144768533, 0.0 ], [ 78.81466156470637, 11.544720104123041, 0.0 ], [ 78.834720929921218, 11.539996049721562, 0.0 ], [ 78.843047255779126, 11.523019816384071, 0.0 ], [ 78.833855709666096, 11.506628565215721, 0.0 ], [ 78.810265898365813, 11.507920976960218, 0.0 ], [ 78.80973629034753, 11.481939631231466, 0.0 ], [ 78.798435238095408, 11.481882371170743, 0.0 ], [ 78.790446287922151, 11.457204701251225, 0.0 ], [ 78.819337337611259, 11.439556744798535, 0.0 ], [ 78.822785649019679, 11.427077405107854, 0.0 ], [ 78.801427410620434, 11.402211611106722, 0.0 ], [ 78.79883952865336, 11.384234321173242, 0.0 ], [ 78.78918165824274, 11.386500536362636, 0.0 ], [ 78.741348547776923, 11.449647510617199, 0.0 ], [ 78.708243885072577, 11.457003186433219, 0.0 ], [ 78.69967000563382, 11.455739662845264, 0.0 ], [ 78.688352232364636, 11.435496453318585, 0.0 ], [ 78.65133333058121, 11.422419984441062, 0.0 ], [ 78.663185730025262, 11.373786846137628, 0.0 ], [ 78.642066171694168, 11.342757508862126, 0.0 ], [ 78.604524605180401, 11.338769610247192, 0.0 ], [ 78.59313156034878, 11.32687054541203, 0.0 ], [ 78.583650894410809, 11.329787075966138, 0.0 ], [ 78.57528751290279, 11.31573523920585, 0.0 ], [ 78.552921743161775, 11.320051365904517, 0.0 ], [ 78.554951441138698, 11.351629677108546, 0.0 ], [ 78.542417757582896, 11.369458093278526, 0.0 ], [ 78.523484246298409, 11.370667636635796, 0.0 ], [ 78.51531075534578, 11.384478038424866, 0.0 ], [ 78.503468330257405, 11.380497484615594, 0.0 ], [ 78.509754617076837, 11.396700692399616, 0.0 ], [ 78.483157256452444, 11.397955849555634, 0.0 ], [ 78.489810224814818, 11.414140074659542, 0.0 ], [ 78.44739465640329, 11.400158292086013, 0.0 ], [ 78.427023146186116, 11.384942782371729, 0.0 ], [ 78.444875507205182, 11.403123972366961, 0.0 ], [ 78.448551768227276, 11.430949116552672, 0.0 ], [ 78.457997182707402, 11.438816344426449, 0.0 ], [ 78.445401324119644, 11.439660036422257, 0.0 ], [ 78.437699182945224, 11.464784442644284, 0.0 ], [ 78.425913950421943, 11.470906675270134, 0.0 ], [ 78.436030523405279, 11.485862028708292, 0.0 ], [ 78.432920525955524, 11.495390953115551, 0.0 ], [ 78.457734602648301, 11.502373288386543, 0.0 ], [ 78.461811483609523, 11.494909822935137, 0.0 ], [ 78.473405283970763, 11.520046880848685, 0.0 ], [ 78.470245638759053, 11.529277878950303, 0.0 ], [ 78.461628612438716, 11.529235164588657, 0.0 ], [ 78.466535457020555, 11.537528139933379, 0.0 ], [ 78.454325839948609, 11.542345327653608, 0.0 ], [ 78.460633764398224, 11.561346114139011, 0.0 ], [ 78.448812507397733, 11.565480432069343, 0.0 ], [ 78.4516212112391, 11.59706152666816, 0.0 ], [ 78.440361586633841, 11.598049396134741, 0.0 ], [ 78.385854679289494, 11.586474837897697, 0.0 ], [ 78.382870166586201, 11.57519726819768, 0.0 ], [ 78.374494361912582, 11.588535921131729, 0.0 ], [ 78.345219399883462, 11.541606189756703, 0.0 ], [ 78.328481616118452, 11.531284220876667, 0.0 ], [ 78.310066968657992, 11.541188281980585, 0.0 ], [ 78.323249429871154, 11.542606035801541, 0.0 ], [ 78.329484935804814, 11.558490813060804, 0.0 ], [ 78.307269285966967, 11.564610649782075, 0.0 ], [ 78.319262764785108, 11.578490135354707, 0.0 ], [ 78.303246879106126, 11.588760360162802, 0.0 ], [ 78.271929576650606, 11.578674912259959, 0.0 ], [ 78.264329091739242, 11.566996557603687, 0.0 ], [ 78.277100929827952, 11.565803644151723, 0.0 ], [ 78.266225279579601, 11.55984208494726, 0.0 ], [ 78.243604326442764, 11.552708461705359, 0.0 ], [ 78.207362639968309, 11.564504029780178, 0.0 ], [ 78.201469296715572, 11.553087748065472, 0.0 ], [ 78.166814404607393, 11.548714050280505, 0.0 ], [ 78.160588529670008, 11.538811232776212, 0.0 ], [ 78.138747470688799, 11.544028698273603, 0.0 ], [ 78.119165963344841, 11.539101692584437, 0.0 ], [ 78.11013475736884, 11.555902300111944, 0.0 ], [ 78.090342805345543, 11.545417987732144, 0.0 ], [ 78.083126403112232, 11.554054791440251, 0.0 ], [ 78.078896562611689, 11.523972818369977, 0.0 ], [ 78.070879254303861, 11.52796700326598, 0.0 ], [ 78.058749913257969, 11.515665104672058, 0.0 ], [ 78.055090673616647, 11.522213737792093, 0.0 ], [ 78.054002225793354, 11.513394689717103, 0.0 ], [ 78.043657335787202, 11.515082261689324, 0.0 ], [ 78.034660238094276, 11.528626094552143, 0.0 ], [ 77.977737535644664, 11.530621792662245, 0.0 ], [ 77.971942614022254, 11.468246923411863, 0.0 ], [ 77.948540971090992, 11.473989229010664, 0.0 ], [ 77.941141627026653, 11.459797659846959, 0.0 ], [ 77.923261289743081, 11.460966865644599, 0.0 ], [ 77.924130550996821, 11.451510698128159, 0.0 ], [ 77.915700032933628, 11.458680695590512, 0.0 ], [ 77.91093982538699, 11.422226457295247, 0.0 ], [ 77.880145630985496, 11.423479892958433, 0.0 ], [ 77.876672842174386, 11.413580803579569, 0.0 ], [ 77.86458120674385, 11.423678258103241, 0.0 ], [ 77.852481540010388, 11.415107153442788, 0.0 ], [ 77.849895202250963, 11.434638336954604, 0.0 ], [ 77.820018189187905, 11.446132711356766, 0.0 ], [ 77.834450200387508, 11.457033440590795, 0.0 ], [ 77.829769225150997, 11.469865175627335, 0.0 ], [ 77.808217800908253, 11.468775717376149, 0.0 ], [ 77.815820523955111, 11.467398964434732, 0.0 ], [ 77.814576217887094, 11.458335792612914, 0.0 ], [ 77.805782466938112, 11.459065915578179, 0.0 ], [ 77.80408073923725, 11.448443240951624, 0.0 ], [ 77.784293921185139, 11.450810283382031, 0.0 ], [ 77.791455836884481, 11.465588905111465, 0.0 ], [ 77.774049718344202, 11.482533401555227, 0.0 ], [ 77.76551401657818, 11.477711637415373, 0.0 ], [ 77.761038966760793, 11.450986956164767, 0.0 ], [ 77.73199632874902, 11.44468781821706, 0.0 ], [ 77.72082308945042, 11.453125948639402, 0.0 ], [ 77.708678961022656, 11.449169762218329, 0.0 ], [ 77.711950196799734, 11.463805008917156, 0.0 ], [ 77.696589930953962, 11.464428057814301, 0.0 ], [ 77.697604706903832, 11.473273694386284, 0.0 ], [ 77.732443304125695, 11.511661320415339, 0.0 ], [ 77.724063837090313, 11.536660247323582, 0.0 ], [ 77.746199001866586, 11.570648197615409, 0.0 ], [ 77.735897492854861, 11.601322669439865, 0.0 ], [ 77.77651772616835, 11.695704635055554, 0.0 ], [ 77.770550440360239, 11.697062875080308, 0.0 ], [ 77.745622105919892, 11.654610150722224, 0.0 ], [ 77.73421298733831, 11.657868918626045, 0.0 ], [ 77.714962196934664, 11.649286681820568, 0.0 ], [ 77.705470196755797, 11.634429022889226, 0.0 ], [ 77.695488170557695, 11.639645852639962, 0.0 ], [ 77.689632358932414, 11.663689346633486, 0.0 ], [ 77.698221326593625, 11.693472071259261, 0.0 ], [ 77.689894605311025, 11.694751367983825, 0.0 ], [ 77.690961499143484, 11.718508805088513, 0.0 ], [ 77.722181780008839, 11.795084187392906, 0.0 ], [ 77.709831920540992, 11.797596430080025, 0.0 ], [ 77.710652121907458, 11.810288352889676, 0.0 ], [ 77.691810269717777, 11.817719323350365, 0.0 ], [ 77.666029732450397, 11.82430016942625, 0.0 ], [ 77.652190374241499, 11.812703203848841, 0.0 ], [ 77.646391391892735, 11.822344709140632, 0.0 ], [ 77.66252738278142, 11.852618386380222, 0.0 ], [ 77.66179136687272, 11.878368768027684, 0.0 ], [ 77.685352412731561, 11.877212698888567, 0.0 ], [ 77.680246808690995, 11.949895086426361, 0.0 ], [ 77.691327938715588, 11.941838038677895, 0.0 ], [ 77.738364363203999, 11.939772084252454, 0.0 ], [ 77.76266677300994, 11.909907439918989, 0.0 ], [ 77.807417538606146, 11.909077520349397, 0.0 ], [ 77.847740715992202, 11.894295919904069, 0.0 ], [ 77.850052576308059, 11.904900057379836, 0.0 ], [ 77.867088966698688, 11.915744878146812, 0.0 ], [ 77.905082801251226, 11.900285964277273, 0.0 ], [ 77.970345890772009, 11.89555869699667, 0.0 ], [ 78.011297441737312, 11.92130740726259, 0.0 ], [ 78.02686234681201, 11.920450308956447, 0.0 ], [ 78.039043380231718, 11.936337756699178, 0.0 ], [ 78.073722394700283, 11.937599053984744, 0.0 ], [ 78.100596292184321, 11.955760021208755, 0.0 ], [ 78.144859160231519, 11.968250073085647, 0.0 ], [ 78.234865583689157, 11.979260096159312, 0.0 ] ] ] ] } },
{ "type": "Feature", "properties": { "name": "KALLAKURICHI" }, "geometry": { "type": "Polygon", "coordinates": [ [ [ 79.096179425369769, 12.07100485510388, 0.0 ], [ 79.090093758456121, 12.044761305077856, 0.0 ], [ 79.076873277630298, 12.044243738334933, 0.0 ], [ 79.078910049985055, 12.031502423606877, 0.0 ], [ 79.125430363318344, 12.018774698388844, 0.0 ], [ 79.147490096115831, 12.04412215262872, 0.0 ], [ 79.172629565490752, 12.030478399232578, 0.0 ], [ 79.168409917142696, 11.992197886080156, 0.0 ], [ 79.186382731871291, 11.985762709179454, 0.0 ], [ 79.184704152160521, 11.972754790229031, 0.0 ], [ 79.20897185606789, 11.974628777898662, 0.0 ], [ 79.231504979181267, 11.954457816029088, 0.0 ], [ 79.284518628214741, 11.941732177254528, 0.0 ], [ 79.282397885312719, 11.928230410363518, 0.0 ], [ 79.271198099748261, 11.928416390971456, 0.0 ], [ 79.259477571271276, 11.911466617306736, 0.0 ], [ 79.287288683065782, 11.906500207032346, 0.0 ], [ 79.280585658034155, 11.877992587650388, 0.0 ], [ 79.257358559621508, 11.876083722888698, 0.0 ], [ 79.255664917030529, 11.866044185559961, 0.0 ], [ 79.229839786208288, 11.876249509645568, 0.0 ], [ 79.241813256207351, 11.870715583011311, 0.0 ], [ 79.23621735108776, 11.854070546751814, 0.0 ], [ 79.263598190918572, 11.851993343218515, 0.0 ], [ 79.260090895297736, 11.844854784102505, 0.0 ], [ 79.267710742615819, 11.83845766316564, 0.0 ], [ 79.277903110721482, 11.854546967844577, 0.0 ], [ 79.293403739320794, 11.834308460969648, 0.0 ], [ 79.316600711401719, 11.826151586290651, 0.0 ], [ 79.335939209561602, 11.835507290298652, 0.0 ], [ 79.36704371778859, 11.834391010523699, 0.0 ], [ 79.366867036933172, 11.818384341281861, 0.0 ], [ 79.386412817179959, 11.803021146106975, 0.0 ], [ 79.399174352214487, 11.79683560242775, 0.0 ], [ 79.413697671250191, 11.803132441753121, 0.0 ], [ 79.413466383260356, 11.786453625738702, 0.0 ], [ 79.421610986738273, 11.795696030395229, 0.0 ], [ 79.431235314638627, 11.790008335460746, 0.0 ], [ 79.435750015994401, 11.767814279083241, 0.0 ], [ 79.46362322012854, 11.76780765925654, 0.0 ], [ 79.462791058896116, 11.743229058568673, 0.0 ], [ 79.428450550614002, 11.731163651344941, 0.0 ], [ 79.435861480873911, 11.723939394655705, 0.0 ], [ 79.444278808423675, 11.666008859181748, 0.0 ], [ 79.376909351319682, 11.679119208941378, 0.0 ], [ 79.361551482820374, 11.672691006272382, 0.0 ], [ 79.359841916287309, 11.659885602756633, 0.0 ], [ 79.332314066325992, 11.660962378374659, 0.0 ], [ 79.308732804818305, 11.632657362001789, 0.0 ], [ 79.296347026591974, 11.636364918827892, 0.0 ], [ 79.291464819108086, 11.647274805904335, 0.0 ], [ 79.270886738573552, 11.643728376279206, 0.0 ], [ 79.24874366600578, 11.652397499992405, 0.0 ], [ 79.235606766290402, 11.629327637270306, 0.0 ], [ 79.218887720423425, 11.638902160688572, 0.0 ], [ 79.209999900638309, 11.633715672850315, 0.0 ], [ 79.212389481206927, 11.620091596299867, 0.0 ], [ 79.183690281812446, 11.585976125825372, 0.0 ], [ 79.156487327595315, 11.598242716822677, 0.0 ], [ 79.135755433692935, 11.588950409058956, 0.0 ], [ 79.116472471443331, 11.599178977260026, 0.0 ], [ 79.112941392179394, 11.613285854725151, 0.0 ], [ 79.098219190287892, 11.6141750381558, 0.0 ], [ 79.084089674369096, 11.634318877866205, 0.0 ], [ 79.067482953316713, 11.630215954002647, 0.0 ], [ 79.065570805941519, 11.611326182866874, 0.0 ], [ 79.076974009119837, 11.607992815287451, 0.0 ], [ 79.077865585686965, 11.596891709073603, 0.0 ], [ 79.06815028401148, 11.59877006764172, 0.0 ], [ 79.055014120879619, 11.586399942339698, 0.0 ], [ 79.043181376126782, 11.587228228311488, 0.0 ], [ 79.049808045769808, 11.595619452816418, 0.0 ], [ 79.018389881009668, 11.606746218797637, 0.0 ], [ 79.01213801839603, 11.602657625396763, 0.0 ], [ 79.018867716793139, 11.592874383043917, 0.0 ], [ 79.004407118242554, 11.57462989306549, 0.0 ], [ 78.981028134804887, 11.567017611681335, 0.0 ], [ 78.974255259038259, 11.574559333384451, 0.0 ], [ 78.923799842406055, 11.567076720345174, 0.0 ], [ 78.916465090225344, 11.528394777948774, 0.0 ], [ 78.899628395865591, 11.504575370030006, 0.0 ], [ 78.877633963795631, 11.507522975683726, 0.0 ], [ 78.857943355355118, 11.523107312350652, 0.0 ], [ 78.844789090597189, 11.521980422812339, 0.0 ], [ 78.834720929921218, 11.539996049721562, 0.0 ], [ 78.816037220125452, 11.542473936446427, 0.0 ], [ 78.816170244268704, 11.56171144768533, 0.0 ], [ 78.829327966051821, 11.578153669343809, 0.0 ], [ 78.817625891785255, 11.590866276117163, 0.0 ], [ 78.775341713901952, 11.605973401598357, 0.0 ], [ 78.776741885618947, 11.613355178227847, 0.0 ], [ 78.786434293630535, 11.613485109297933, 0.0 ], [ 78.78984039462425, 11.628881542920039, 0.0 ], [ 78.786250570665885, 11.641301488648558, 0.0 ], [ 78.773578497455716, 11.636605186898642, 0.0 ], [ 78.806489460234175, 11.661344895829009, 0.0 ], [ 78.806079099125739, 11.686458163643364, 0.0 ], [ 78.780647704230191, 11.703341696160324, 0.0 ], [ 78.717949686344014, 11.683196872766825, 0.0 ], [ 78.69316693179087, 11.689346749136075, 0.0 ], [ 78.677869784712442, 11.671836014252481, 0.0 ], [ 78.680099710067836, 11.643571391567724, 0.0 ], [ 78.659067235839359, 11.647941558856491, 0.0 ], [ 78.660020658761226, 11.661626270362026, 0.0 ], [ 78.645874076121075, 11.660440206554188, 0.0 ], [ 78.652670457382783, 11.71526753962749, 0.0 ], [ 78.637910987059684, 11.721241235789583, 0.0 ], [ 78.643173197679474, 11.768336177981825, 0.0 ], [ 78.662248995703933, 11.779874416863514, 0.0 ], [ 78.665288032161016, 11.796652299740252, 0.0 ], [ 78.69224817441355, 11.80388440675924, 0.0 ], [ 78.695204639184553, 11.851230723033401, 0.0 ], [ 78.62713837957584, 11.871062437391998, 0.0 ], [ 78.636156127924508, 11.878574640375827, 0.0 ], [ 78.634554593683802, 11.888337855831507, 0.0 ], [ 78.655055382377668, 11.885358275181169, 0.0 ], [ 78.660834413607915, 11.895324244616015, 0.0 ], [ 78.689879017944619, 11.904007182321115, 0.0 ], [ 78.694723517364636, 11.894464439758172, 0.0 ], [ 78.708240719963769, 11.897936991315941, 0.0 ], [ 78.723861775176616, 11.919668867624466, 0.0 ], [ 78.704424170205854, 11.940005313249365, 0.0 ], [ 78.713327930422977, 11.950742262374895, 0.0 ], [ 78.709857483094041, 11.966617408060793, 0.0 ], [ 78.718072415367317, 11.987488116098326, 0.0 ], [ 78.736492094333812, 11.987965464159757, 0.0 ], [ 78.757512240838608, 12.011612173400971, 0.0 ], [ 78.780292205962581, 12.007688958222234, 0.0 ], [ 78.804315884031126, 12.019606716834021, 0.0 ], [ 78.834632102203571, 12.007047966901244, 0.0 ], [ 78.873704710905869, 12.026406212415489, 0.0 ], [ 78.914156682832086, 12.014512561713259, 0.0 ], [ 78.959716127054108, 12.06874715735162, 0.0 ], [ 78.981014832830525, 12.065562875521339, 0.0 ], [ 78.988473347933805, 12.055069350605669, 0.0 ], [ 78.995045584000792, 12.067632198721759, 0.0 ], [ 79.031500729194377, 12.064417154347176, 0.0 ], [ 79.022863578046383, 12.050063119001045, 0.0 ], [ 79.052491636326025, 12.036531434084932, 0.0 ], [ 79.060486627673001, 12.052208653943829, 0.0 ], [ 79.068770940048466, 12.052513493814192, 0.0 ], [ 79.063044601041966, 12.069868632945505, 0.0 ], [ 79.078824210548163, 12.071241613971132, 0.0 ], [ 79.085215268995725, 12.081050985935734, 0.0 ], [ 79.096179425369769, 12.07100485510388, 0.0 ] ] ] } },
{ "type": "Feature", "properties": { "name": "TIRUVANNAMALAI" }, "geometry": { "type": "Polygon", "coordinates": [ [ [ 79.475267293877749, 12.873533785475901, 0.0 ], [ 79.500633017572667, 12.872006276940391, 0.0 ], [ 79.51190356170116, 12.856599676269679, 0.0 ], [ 79.539175593162724, 12.862933621454372, 0.0 ], [ 79.596365128946019, 12.828887298434097, 0.0 ], [ 79.635063524928128, 12.81726959277754, 0.0 ], [ 79.64292000120453, 12.802580376715191, 0.0 ], [ 79.635334667801629, 12.786386581149911, 0.0 ], [ 79.650195041342357, 12.782489987993808, 0.0 ], [ 79.646192677909042, 12.772488132596093, 0.0 ], [ 79.654531306053357, 12.764166846527797, 0.0 ], [ 79.677453553772409, 12.790197178450963, 0.0 ], [ 79.696948292257645, 12.776254335111437, 0.0 ], [ 79.707493953006647, 12.777833449062458, 0.0 ], [ 79.709348444627281, 12.758701088494558, 0.0 ], [ 79.731113352281739, 12.755981941824436, 0.0 ], [ 79.744829458304409, 12.743864161512647, 0.0 ], [ 79.741482741293339, 12.734627343971811, 0.0 ], [ 79.713165142569892, 12.72830547693879, 0.0 ], [ 79.736462572754945, 12.719289492276282, 0.0 ], [ 79.741944400549613, 12.694867342069298, 0.0 ], [ 79.682490080245501, 12.667984129146813, 0.0 ], [ 79.646578023985128, 12.670388572489861, 0.0 ], [ 79.630315745169924, 12.631017749626956, 0.0 ], [ 79.645443126129933, 12.625200475254667, 0.0 ], [ 79.645672092437394, 12.603080811714742, 0.0 ], [ 79.665808268557612, 12.593397623361176, 0.0 ], [ 79.688362629066901, 12.60156102254923, 0.0 ], [ 79.724614829738599, 12.587390425414586, 0.0 ], [ 79.724929296245548, 12.578974617590456, 0.0 ], [ 79.715777863527379, 12.581151599389161, 0.0 ], [ 79.705651474932012, 12.569453034069891, 0.0 ], [ 79.71692846571105, 12.568084726121796, 0.0 ], [ 79.714631117138055, 12.549590590781001, 0.0 ], [ 79.753832033323221, 12.524134149614349, 0.0 ], [ 79.756150462086339, 12.51495560030391, 0.0 ], [ 79.749753063846825, 12.50285312703695, 0.0 ], [ 79.720716906685112, 12.500507148023464, 0.0 ], [ 79.747287868638608, 12.484144565237665, 0.0 ], [ 79.749464622390448, 12.456744617346516, 0.0 ], [ 79.733366500886234, 12.454084404005611, 0.0 ], [ 79.736407212309743, 12.431874169591367, 0.0 ], [ 79.717834851407247, 12.439246666595317, 0.0 ], [ 79.716723913835565, 12.431576934841269, 0.0 ], [ 79.705857131065159, 12.431385707678938, 0.0 ], [ 79.707323849218824, 12.415127509336177, 0.0 ], [ 79.691543433667746, 12.420939346290973, 0.0 ], [ 79.697755743334454, 12.402248469799831, 0.0 ], [ 79.669457106894754, 12.393806224369898, 0.0 ], [ 79.660089147937981, 12.378968659093321, 0.0 ], [ 79.667568384753508, 12.37700330576336, 0.0 ], [ 79.663673944798362, 12.368061923055382, 0.0 ], [ 79.647121956417408, 12.358865410219991, 0.0 ], [ 79.638303520161486, 12.34303281305456, 0.0 ], [ 79.62171219385985, 12.349491557759718, 0.0 ], [ 79.620985057331382, 12.374445455068814, 0.0 ], [ 79.608152603951467, 12.37805151316835, 0.0 ], [ 79.598220302931168, 12.348206119358242, 0.0 ], [ 79.529538332379403, 12.370073975118103, 0.0 ], [ 79.517927202340147, 12.353273778203338, 0.0 ], [ 79.496647880269023, 12.34493045465241, 0.0 ], [ 79.488861954211941, 12.349394709651518, 0.0 ], [ 79.49326132856531, 12.370279056413848, 0.0 ], [ 79.485888348090796, 12.374620943959941, 0.0 ], [ 79.47287327734297, 12.364962283419128, 0.0 ], [ 79.451138295062051, 12.374207189264911, 0.0 ], [ 79.448228820772343, 12.395785500936896, 0.0 ], [ 79.439127665676352, 12.38908926412426, 0.0 ], [ 79.433062366587151, 12.409958498828772, 0.0 ], [ 79.428365790430703, 12.400924222199157, 0.0 ], [ 79.420610098965611, 12.410850918912619, 0.0 ], [ 79.411251908023303, 12.406766248053549, 0.0 ], [ 79.401616063196641, 12.435707445136666, 0.0 ], [ 79.325258333924907, 12.450775874834271, 0.0 ], [ 79.30897161634708, 12.438681527109278, 0.0 ], [ 79.269486388193826, 12.447739325314307, 0.0 ], [ 79.231357564601453, 12.442787862791048, 0.0 ], [ 79.227217363855075, 12.401930324260045, 0.0 ], [ 79.242706800869968, 12.397160543257671, 0.0 ], [ 79.248508016684838, 12.38298854305091, 0.0 ], [ 79.237058015225784, 12.368489185243654, 0.0 ], [ 79.224690045215439, 12.367698244349015, 0.0 ], [ 79.239150087784552, 12.346526578413341, 0.0 ], [ 79.19816454106811, 12.342973523864616, 0.0 ], [ 79.234610738708781, 12.329868193869443, 0.0 ], [ 79.234136336191099, 12.315748424710547, 0.0 ], [ 79.251855323216688, 12.323192660495291, 0.0 ], [ 79.28933074787895, 12.317933211548381, 0.0 ], [ 79.285165730420985, 12.306410772104018, 0.0 ], [ 79.273798766942292, 12.305470859435809, 0.0 ], [ 79.280138058304601, 12.29184142608633, 0.0 ], [ 79.245049510688403, 12.273994407089461, 0.0 ], [ 79.240256724208308, 12.253869387666596, 0.0 ], [ 79.248408353243704, 12.240988943925263, 0.0 ], [ 79.225107419863136, 12.222023582624301, 0.0 ], [ 79.23594342369725, 12.212193489844248, 0.0 ], [ 79.215734933528822, 12.212313383137419, 0.0 ], [ 79.233125851005127, 12.197803210358845, 0.0 ], [ 79.234572486679866, 12.184080420428153, 0.0 ], [ 79.222318965369197, 12.183790918577577, 0.0 ], [ 79.218919062705695, 12.197821709788647, 0.0 ], [ 79.210867948761774, 12.19398670918102, 0.0 ], [ 79.210616252614557, 12.166090096082391, 0.0 ], [ 79.278581953670781, 12.123359516288325, 0.0 ], [ 79.278795053215191, 12.106749004432869, 0.0 ], [ 79.25717840721174, 12.07986927405401, 0.0 ], [ 79.237906864931063, 12.076555373045167, 0.0 ], [ 79.233619948145872, 12.059159780865574, 0.0 ], [ 79.200732471309976, 12.069886607636196, 0.0 ], [ 79.190142058672706, 12.048211475095535, 0.0 ], [ 79.176213956846723, 12.047436680635409, 0.0 ], [ 79.172629565490752, 12.030478399232578, 0.0 ], [ 79.147490096115831, 12.04412215262872, 0.0 ], [ 79.125430363318344, 12.018774698388844, 0.0 ], [ 79.078910049985055, 12.031502423606877, 0.0 ], [ 79.076873277630298, 12.044243738334933, 0.0 ], [ 79.087972609971359, 12.042433232061651, 0.0 ], [ 79.098480797416741, 12.066087501543802, 0.0 ], [ 79.086455312206965, 12.081078319312104, 0.0 ], [ 79.078824210548163, 12.071241613971132, 0.0 ], [ 79.063044601041966, 12.069868632945505, 0.0 ], [ 79.068770940048466, 12.052513493814192, 0.0 ], [ 79.060486627673001, 12.052208653943829, 0.0 ], [ 79.052491636326025, 12.036531434084932, 0.0 ], [ 79.022863578046383, 12.050063119001045, 0.0 ], [ 79.031500729194377, 12.064417154347176, 0.0 ], [ 78.995045584000792, 12.067632198721759, 0.0 ], [ 78.988473347933805, 12.055069350605669, 0.0 ], [ 78.981014832830525, 12.065562875521339, 0.0 ], [ 78.959716127054108, 12.06874715735162, 0.0 ], [ 78.914156682832086, 12.014512561713259, 0.0 ], [ 78.873704710905869, 12.026406212415489, 0.0 ], [ 78.834632102203571, 12.007047966901244, 0.0 ], [ 78.804315884031126, 12.019606716834021, 0.0 ], [ 78.780292205962581, 12.007688958222234, 0.0 ], [ 78.757512240838608, 12.011612173400971, 0.0 ], [ 78.736492094333812, 11.987965464159757, 0.0 ], [ 78.702714825382643, 11.986299069977587, 0.0 ], [ 78.697716717064893, 11.992510684041022, 0.0 ], [ 78.704012085971115, 12.030064610569509, 0.0 ], [ 78.727096651595815, 12.099370632758928, 0.0 ], [ 78.745217276748861, 12.123920391322779, 0.0 ], [ 78.737637526530449, 12.133921449008147, 0.0 ], [ 78.684111986132052, 12.105913362641875, 0.0 ], [ 78.661205778555512, 12.10247709509945, 0.0 ], [ 78.664436320829637, 12.115444262374298, 0.0 ], [ 78.65722571005891, 12.125022797276786, 0.0 ], [ 78.631350805413021, 12.127862456189773, 0.0 ], [ 78.647861946229597, 12.162163441642109, 0.0 ], [ 78.632834730633448, 12.176785745237519, 0.0 ], [ 78.642718259093257, 12.203046037611246, 0.0 ], [ 78.656676713014932, 12.197707137878863, 0.0 ], [ 78.671544052047878, 12.221181632411644, 0.0 ], [ 78.6506745382503, 12.24044755016592, 0.0 ], [ 78.648033279202807, 12.258377018701543, 0.0 ], [ 78.678436383240211, 12.271797457744116, 0.0 ], [ 78.710011139350996, 12.30413432808181, 0.0 ], [ 78.729176958960991, 12.373837391874623, 0.0 ], [ 78.750983969738499, 12.385270370945817, 0.0 ], [ 78.768711516589846, 12.422480783228639, 0.0 ], [ 78.768810860784527, 12.437454936766725, 0.0 ], [ 78.758562106520813, 12.442743128407455, 0.0 ], [ 78.777553540139877, 12.459799728468086, 0.0 ], [ 78.774705385976077, 12.485326351446083, 0.0 ], [ 78.782092819468659, 12.48435287573702, 0.0 ], [ 78.789819486054043, 12.499853923986757, 0.0 ], [ 78.798233644280131, 12.497275839291925, 0.0 ], [ 78.81771103114815, 12.52928071128839, 0.0 ], [ 78.858310286338863, 12.633359087475728, 0.0 ], [ 78.865770773642566, 12.63165562422444, 0.0 ], [ 78.896273628052114, 12.689937563619218, 0.0 ], [ 78.897271929864687, 12.679135355886235, 0.0 ], [ 78.911860337810467, 12.687301253813089, 0.0 ], [ 78.927564678784165, 12.675877643677836, 0.0 ], [ 78.94994319765533, 12.686403764898351, 0.0 ], [ 78.94793449468132, 12.67985515541867, 0.0 ], [ 78.971479722652532, 12.666863015212039, 0.0 ], [ 78.995395645394666, 12.706021717483551, 0.0 ], [ 79.023839615898439, 12.692610034041975, 0.0 ], [ 79.008600537418914, 12.658114756443663, 0.0 ], [ 79.012158851656494, 12.657267334485883, 0.0 ], [ 79.026556433070098, 12.679774316160675, 0.0 ], [ 79.023942075897352, 12.689046380096311, 0.0 ], [ 79.057072815856486, 12.718049964979972, 0.0 ], [ 79.059792290586827, 12.73843265598031, 0.0 ], [ 79.073469479543334, 12.755903270402557, 0.0 ], [ 79.077995039302849, 12.749056306221371, 0.0 ], [ 79.089764504995728, 12.758518694550531, 0.0 ], [ 79.132043881972677, 12.762404328675386, 0.0 ], [ 79.159224143644153, 12.752766890690911, 0.0 ], [ 79.161132758915087, 12.772897381900034, 0.0 ], [ 79.171708163155856, 12.760498474314144, 0.0 ], [ 79.173997083195246, 12.741501181541159, 0.0 ], [ 79.189056725470451, 12.748279080356239, 0.0 ], [ 79.207242365542669, 12.741780671381051, 0.0 ], [ 79.213895851750564, 12.760805038406211, 0.0 ], [ 79.208681501193482, 12.784729362418558, 0.0 ], [ 79.238131731208384, 12.797645240433585, 0.0 ], [ 79.240208789078054, 12.80859558981903, 0.0 ], [ 79.25232352580413, 12.808119632617732, 0.0 ], [ 79.250252076230169, 12.823901204425812, 0.0 ], [ 79.261755214099963, 12.818713590850443, 0.0 ], [ 79.262047670267208, 12.794122268239249, 0.0 ], [ 79.287810202212796, 12.779149877997902, 0.0 ], [ 79.283625743984814, 12.763379199070014, 0.0 ], [ 79.289491332970897, 12.752873036256741, 0.0 ], [ 79.343386819406859, 12.731539850992144, 0.0 ], [ 79.34781380753742, 12.712996146220307, 0.0 ], [ 79.338944277803563, 12.701225530241782, 0.0 ], [ 79.345127730090283, 12.694889836658898, 0.0 ], [ 79.357740987409457, 12.696803100798904, 0.0 ], [ 79.355644246413263, 12.718949438938465, 0.0 ], [ 79.366859510424433, 12.714182005271239, 0.0 ], [ 79.37978223911081, 12.733472472293004, 0.0 ], [ 79.395472873704975, 12.72938176331788, 0.0 ], [ 79.392378281069128, 12.713924499193711, 0.0 ], [ 79.380072379379499, 12.707768902774843, 0.0 ], [ 79.394946566491569, 12.689833204059031, 0.0 ], [ 79.35336620795718, 12.668238043755327, 0.0 ], [ 79.360569947107237, 12.667068104034287, 0.0 ], [ 79.36243525258854, 12.651750891014961, 0.0 ], [ 79.351817531675749, 12.646366920396769, 0.0 ], [ 79.382916990330358, 12.628267034167543, 0.0 ], [ 79.409907658130422, 12.656088962521299, 0.0 ], [ 79.450977446651308, 12.671181768264894, 0.0 ], [ 79.459009857303911, 12.686853907773678, 0.0 ], [ 79.454990099612615, 12.699098942209428, 0.0 ], [ 79.465463591979301, 12.700542102968305, 0.0 ], [ 79.462619202548609, 12.716963098439795, 0.0 ], [ 79.475326511377432, 12.731399323018492, 0.0 ], [ 79.45338587684158, 12.740260283752454, 0.0 ], [ 79.467525168157493, 12.756653394776334, 0.0 ], [ 79.462298493661521, 12.798529825121484, 0.0 ], [ 79.476455664684494, 12.799528447033365, 0.0 ], [ 79.477149236698367, 12.807130264851647, 0.0 ], [ 79.457360559006233, 12.810467777170198, 0.0 ], [ 79.456997633044111, 12.84419814289169, 0.0 ], [ 79.472886825231967, 12.851311552947278, 0.0 ], [ 79.475267293877749, 12.873533785475901, 0.0 ] ] ] } },
{ "type": "Feature", "properties": { "name": "PUDUKKOTTAI" }, "geometry": { "type": "MultiPolygon", "coordinates": [ [ [ [ 78.441315178933152, 10.326257452171161, 0.0 ], [ 78.453118024555891, 10.315243231991174, 0.0 ], [ 78.449104638288048, 10.289174640592085, 0.0 ], [ 78.426240375772025, 10.286524982993697, 0.0 ], [ 78.42719191220074, 10.3160672639788, 0.0 ], [ 78.441315178933152, 10.326257452171161, 0.0 ] ] ], [ [ [ 79.144036190187776, 10.436456857340445, 0.0 ], [ 79.14276046970852, 10.43650805668736, 0.0 ], [ 79.143856416394428, 10.437336052997143, 0.0 ], [ 79.144036190187776, 10.436456857340445, 0.0 ] ] ], [ [ [ 79.141487246410748, 10.437437719891795, 0.0 ], [ 79.140025216854454, 10.436056303616041, 0.0 ], [ 79.140851280181678, 10.438133732620651, 0.0 ], [ 79.141487246410748, 10.437437719891795, 0.0 ] ] ], [ [ [ 79.155201596605494, 10.439000633386488, 0.0 ], [ 79.156184084862488, 10.438456713945943, 0.0 ], [ 79.155145887628819, 10.438152809383931, 0.0 ], [ 79.155201596605494, 10.439000633386488, 0.0 ] ] ], [ [ [ 79.142457615309567, 10.442196300724543, 0.0 ], [ 79.140814337299489, 10.441185473382861, 0.0 ], [ 79.141046615886282, 10.442756605793084, 0.0 ], [ 79.142457615309567, 10.442196300724543, 0.0 ] ] ], [ [ [ 79.145561398080872, 10.444033698145473, 0.0 ], [ 79.143828938242322, 10.443716768945711, 0.0 ], [ 79.14428749011249, 10.444732188628157, 0.0 ], [ 79.145561398080872, 10.444033698145473, 0.0 ] ] ], [ [ [ 79.203317182235267, 10.466630097248379, 0.0 ], [ 79.202234685241365, 10.465273129440023, 0.0 ], [ 79.202783036767144, 10.466778305609918, 0.0 ], [ 79.203317182235267, 10.466630097248379, 0.0 ] ] ], [ [ [ 79.205064114908282, 10.467422894707717, 0.0 ], [ 79.206800385209363, 10.466975644421952, 0.0 ], [ 79.205322300183795, 10.466315421835576, 0.0 ], [ 79.205064114908282, 10.467422894707717, 0.0 ] ] ], [ [ [ 79.200134773396073, 10.470137197222201, 0.0 ], [ 79.197986342552525, 10.469352186341977, 0.0 ], [ 79.199070011827828, 10.470846948752451, 0.0 ], [ 79.200134773396073, 10.470137197222201, 0.0 ] ] ], [ [ [ 79.203814452210253, 10.471277089172744, 0.0 ], [ 79.20306964485512, 10.46897760694258, 0.0 ], [ 79.202014362292005, 10.470789629398809, 0.0 ], [ 79.203814452210253, 10.471277089172744, 0.0 ] ] ], [ [ [ 79.159142944188488, 10.477600048243595, 0.0 ], [ 79.157460090825452, 10.476548187804118, 0.0 ], [ 79.157351466038079, 10.477639365716735, 0.0 ], [ 79.159142944188488, 10.477600048243595, 0.0 ] ] ], [ [ [ 79.177933002135205, 10.479654443571988, 0.0 ], [ 79.177802005350387, 10.478504887285656, 0.0 ], [ 79.176961462042613, 10.479027285861356, 0.0 ], [ 79.177933002135205, 10.479654443571988, 0.0 ] ] ], [ [ [ 79.178096876708153, 10.481865849147983, 0.0 ], [ 79.176887206022826, 10.480790159251733, 0.0 ], [ 79.176579049220251, 10.482524968162934, 0.0 ], [ 79.178096876708153, 10.481865849147983, 0.0 ] ] ], [ [ [ 79.13917777470779, 10.489798845576754, 0.0 ], [ 79.138279784923441, 10.48920475884727, 0.0 ], [ 79.138333131238923, 10.489949102293092, 0.0 ], [ 79.13917777470779, 10.489798845576754, 0.0 ] ] ], [ [ [ 79.206392710356113, 10.490358658839906, 0.0 ], [ 79.208379133152519, 10.486582129738746, 0.0 ], [ 79.202536504590199, 10.486416086074687, 0.0 ], [ 79.206392710356113, 10.490358658839906, 0.0 ] ] ], [ [ [ 79.243675304241592, 10.490899560894672, 0.0 ], [ 79.243593785270733, 10.486052311358653, 0.0 ], [ 79.238760431870503, 10.486297205236871, 0.0 ], [ 79.243675304241592, 10.490899560894672, 0.0 ] ] ], [ [ [ 79.197925548438405, 10.491295889181213, 0.0 ], [ 79.195522711329701, 10.49205535413342, 0.0 ], [ 79.197675267921284, 10.49245102500441, 0.0 ], [ 79.197925548438405, 10.491295889181213, 0.0 ] ] ], [ [ [ 79.137292960753641, 10.490407660851181, 0.0 ], [ 79.134403637589898, 10.49022101236802, 0.0 ], [ 79.137742345658182, 10.492025910825319, 0.0 ], [ 79.137292960753641, 10.490407660851181, 0.0 ] ] ], [ [ [ 79.198873209129957, 10.495636410511642, 0.0 ], [ 79.199971275746563, 10.49233112818048, 0.0 ], [ 79.198080454727645, 10.493289562940824, 0.0 ], [ 79.198873209129957, 10.495636410511642, 0.0 ] ] ], [ [ [ 79.207289669726165, 10.494789866810226, 0.0 ], [ 79.209988201560449, 10.49371899819365, 0.0 ], [ 79.208046106176653, 10.493534027825769, 0.0 ], [ 79.207289669726165, 10.494789866810226, 0.0 ] ] ], [ [ [ 79.146878472957695, 10.495843619662155, 0.0 ], [ 79.148723768261291, 10.494964487297642, 0.0 ], [ 79.147473311986118, 10.49386823021378, 0.0 ], [ 79.146878472957695, 10.495843619662155, 0.0 ] ] ], [ [ [ 79.193423212973329, 10.499205608421452, 0.0 ], [ 79.192054581775196, 10.497711567129032, 0.0 ], [ 79.191672351011775, 10.498966772353876, 0.0 ], [ 79.193423212973329, 10.499205608421452, 0.0 ] ] ], [ [ [ 79.23930870191306, 10.496610442114894, 0.0 ], [ 79.235117835193378, 10.482218924671608, 0.0 ], [ 79.218988142201113, 10.483193786989428, 0.0 ], [ 79.218032080043116, 10.494080461951848, 0.0 ], [ 79.232383224158113, 10.50093145830019, 0.0 ], [ 79.23930870191306, 10.496610442114894, 0.0 ] ], [ [ 79.228551025774038, 10.492363365697683, 0.0 ], [ 79.231968190096609, 10.490539749981741, 0.0 ], [ 79.231631512909345, 10.493674606361694, 0.0 ], [ 79.228551025774038, 10.492363365697683, 0.0 ] ] ], [ [ [ 79.20551056283071, 10.498673445704332, 0.0 ], [ 79.210994539165569, 10.502323343013702, 0.0 ], [ 79.211580561045054, 10.49655746091095, 0.0 ], [ 79.20551056283071, 10.498673445704332, 0.0 ] ] ], [ [ [ 79.150533151681671, 10.503283338581895, 0.0 ], [ 79.149060896384043, 10.502800582587286, 0.0 ], [ 79.150104911654907, 10.503799078413792, 0.0 ], [ 79.150533151681671, 10.503283338581895, 0.0 ] ] ], [ [ [ 79.147184952114785, 10.513250690722263, 0.0 ], [ 79.14564268966042, 10.512667321713044, 0.0 ], [ 79.145390883294922, 10.513417347045355, 0.0 ], [ 79.147184952114785, 10.513250690722263, 0.0 ] ] ], [ [ [ 79.152708058416607, 10.514772222752802, 0.0 ], [ 79.151029179377232, 10.514191031843724, 0.0 ], [ 79.150946039000146, 10.514904289367987, 0.0 ], [ 79.152708058416607, 10.514772222752802, 0.0 ] ] ], [ [ [ 79.210687331663209, 10.516860176772282, 0.0 ], [ 79.215687713800179, 10.513754632145028, 0.0 ], [ 79.210510868872063, 10.515532467283856, 0.0 ], [ 79.210687331663209, 10.516860176772282, 0.0 ] ] ], [ [ [ 79.15612417590485, 10.517839284648362, 0.0 ], [ 79.154479583264603, 10.516975661372941, 0.0 ], [ 79.154500559218008, 10.51776803565215, 0.0 ], [ 79.15612417590485, 10.517839284648362, 0.0 ] ] ], [ [ [ 79.197460608237662, 10.521556643725358, 0.0 ], [ 79.196719355703564, 10.519405041787206, 0.0 ], [ 79.196594147179795, 10.521410208660408, 0.0 ], [ 79.197460608237662, 10.521556643725358, 0.0 ] ] ], [ [ [ 79.219309112863655, 10.522288269412877, 0.0 ], [ 79.223753062228198, 10.520907702003688, 0.0 ], [ 79.220293572166639, 10.515986459784182, 0.0 ], [ 79.219309112863655, 10.522288269412877, 0.0 ] ] ], [ [ [ 79.198409722675038, 10.523950117740647, 0.0 ], [ 79.198917087036307, 10.522138033824371, 0.0 ], [ 79.197311971346465, 10.522588709710758, 0.0 ], [ 79.198409722675038, 10.523950117740647, 0.0 ] ] ], [ [ [ 79.160155815937273, 10.523917964001546, 0.0 ], [ 79.158086319175681, 10.521546042301528, 0.0 ], [ 79.158265176963397, 10.523136437366352, 0.0 ], [ 79.160155815937273, 10.523917964001546, 0.0 ] ] ], [ [ [ 79.159289913740878, 10.524576867410609, 0.0 ], [ 79.158299181936144, 10.524390299438904, 0.0 ], [ 79.159063157610689, 10.524987579244678, 0.0 ], [ 79.159289913740878, 10.524576867410609, 0.0 ] ] ], [ [ [ 79.200550986667167, 10.526726716573373, 0.0 ], [ 79.20292675019293, 10.523723597061233, 0.0 ], [ 79.199871506756395, 10.522446686095536, 0.0 ], [ 79.200550986667167, 10.526726716573373, 0.0 ] ] ], [ [ [ 79.216883362446069, 10.527702255337866, 0.0 ], [ 79.217670883941366, 10.526576686369275, 0.0 ], [ 79.216327491589908, 10.526606107393071, 0.0 ], [ 79.216883362446069, 10.527702255337866, 0.0 ] ] ], [ [ [ 79.157603020783938, 10.527521378576166, 0.0 ], [ 79.155527324377232, 10.526166665217989, 0.0 ], [ 79.15462535618154, 10.52672453056206, 0.0 ], [ 79.157603020783938, 10.527521378576166, 0.0 ] ] ], [ [ [ 79.202976143653004, 10.531326377211391, 0.0 ], [ 79.214410138211989, 10.528285777269385, 0.0 ], [ 79.204688287205357, 10.51697128986086, 0.0 ], [ 79.202976143653004, 10.531326377211391, 0.0 ] ] ], [ [ [ 78.578453957968563, 10.703127512436071, 0.0 ], [ 78.575024867139263, 10.684796901228099, 0.0 ], [ 78.558375020035214, 10.698001220447461, 0.0 ], [ 78.569421155305079, 10.70905198141485, 0.0 ], [ 78.578453957968563, 10.703127512436071, 0.0 ] ] ], [ [ [ 78.687902470045316, 10.72864460912432, 0.0 ], [ 78.709117681215588, 10.733070039107922, 0.0 ], [ 78.709882829329644, 10.722062842352519, 0.0 ], [ 78.742820153637183, 10.707416094313668, 0.0 ], [ 78.746555869179844, 10.686820102963562, 0.0 ], [ 78.735805759942409, 10.671653571445109, 0.0 ], [ 78.750237932694418, 10.641772813969869, 0.0 ], [ 78.765323045665852, 10.655092573755779, 0.0 ], [ 78.79066211263806, 10.649776002158511, 0.0 ], [ 78.799710050439188, 10.6798616280025, 0.0 ], [ 78.812651094904297, 10.672418922824576, 0.0 ], [ 78.820405776537797, 10.694576385123071, 0.0 ], [ 78.872102057403993, 10.688129740091314, 0.0 ], [ 78.873458498718819, 10.705590330667414, 0.0 ], [ 78.893767475262564, 10.694200414279489, 0.0 ], [ 78.908194671606623, 10.671742472083052, 0.0 ], [ 78.91851236736025, 10.670755033672654, 0.0 ], [ 78.933460069969755, 10.683602680622581, 0.0 ], [ 78.944684236191435, 10.68065338582973, 0.0 ], [ 78.94866377221102, 10.675119666381271, 0.0 ], [ 78.937571846802342, 10.675081127905569, 0.0 ], [ 78.954809079530904, 10.668184092169367, 0.0 ], [ 78.963926588643403, 10.651461079444053, 0.0 ], [ 78.96968684202146, 10.675363137873253, 0.0 ], [ 78.987054945201479, 10.679154894160954, 0.0 ], [ 78.983299371945932, 10.696554929766958, 0.0 ], [ 78.993509951167781, 10.721679997074878, 0.0 ], [ 79.003501535820817, 10.722274619017611, 0.0 ], [ 79.010495745281432, 10.70787733069789, 0.0 ], [ 79.029239447891811, 10.704030181795208, 0.0 ], [ 79.016658205235572, 10.680122732142911, 0.0 ], [ 79.068941672633827, 10.677380728562795, 0.0 ], [ 79.069987125952366, 10.640723508781161, 0.0 ], [ 79.10079852909233, 10.629629689728368, 0.0 ], [ 79.104300010016487, 10.615206892929349, 0.0 ], [ 79.127591082280134, 10.636183234260418, 0.0 ], [ 79.143401746944235, 10.608387421894456, 0.0 ], [ 79.142792301271214, 10.586377349873139, 0.0 ], [ 79.177400130221372, 10.586930459413269, 0.0 ], [ 79.178803961118376, 10.571280434551054, 0.0 ], [ 79.190782515226871, 10.578185753004458, 0.0 ], [ 79.190567928288118, 10.559475611278744, 0.0 ], [ 79.178822647306887, 10.550545069726608, 0.0 ], [ 79.184634329384394, 10.537742223076915, 0.0 ], [ 79.16687450095867, 10.527751739052107, 0.0 ], [ 79.151652910652956, 10.53249754999641, 0.0 ], [ 79.154880625420489, 10.521788347296248, 0.0 ], [ 79.140461506025943, 10.512300501518805, 0.0 ], [ 79.139169586986696, 10.49820062894436, 0.0 ], [ 79.128801392142265, 10.495391646400069, 0.0 ], [ 79.129857601141993, 10.487855678006913, 0.0 ], [ 79.147341587826133, 10.485857833209204, 0.0 ], [ 79.157910951600897, 10.472489702174805, 0.0 ], [ 79.170887398116292, 10.48167955931088, 0.0 ], [ 79.172352089553115, 10.474348294871561, 0.0 ], [ 79.194704062405023, 10.465928189252292, 0.0 ], [ 79.16653767979723, 10.455417102909109, 0.0 ], [ 79.17605592906294, 10.448021543797466, 0.0 ], [ 79.140422754653258, 10.44949576713727, 0.0 ], [ 79.13746378940921, 10.439948708363813, 0.0 ], [ 79.125804408037979, 10.437936734154464, 0.0 ], [ 79.152693624222579, 10.400748314961174, 0.0 ], [ 79.144179722698652, 10.382936721255543, 0.0 ], [ 79.152963043117097, 10.35014460047489, 0.0 ], [ 79.114423850246041, 10.328199739710559, 0.0 ], [ 79.134933004210154, 10.319028129886416, 0.0 ], [ 79.132891298252687, 10.309124074945046, 0.0 ], [ 79.121627401059001, 10.305717797942771, 0.0 ], [ 79.126381154753389, 10.301216153461388, 0.0 ], [ 79.118649542047578, 10.288779579873371, 0.0 ], [ 79.132583030951423, 10.265050430622921, 0.0 ], [ 79.129137864897515, 10.253606753085492, 0.0 ], [ 79.117594401417847, 10.253420252906487, 0.0 ], [ 79.115985775281743, 10.233878075480622, 0.0 ], [ 79.144231955608277, 10.23634327959175, 0.0 ], [ 79.150555843313214, 10.216209659410696, 0.0 ], [ 79.183121778581864, 10.214612353443526, 0.0 ], [ 79.189307318916576, 10.200996529981776, 0.0 ], [ 79.182506437393172, 10.193290101140166, 0.0 ], [ 79.173746365325911, 10.203407272247475, 0.0 ], [ 79.150193566010657, 10.193906217554348, 0.0 ], [ 79.150443910073079, 10.185303973981506, 0.0 ], [ 79.161477183170192, 10.179883994595482, 0.0 ], [ 79.151432271646328, 10.159555987066557, 0.0 ], [ 79.196349059029487, 10.160893365884343, 0.0 ], [ 79.209208321349948, 10.147274542632534, 0.0 ], [ 79.206513862369533, 10.13678732010435, 0.0 ], [ 79.226049152291026, 10.137108639286847, 0.0 ], [ 79.233391218841049, 10.127105486979863, 0.0 ], [ 79.229352330982806, 10.107465003998136, 0.0 ], [ 79.219481472720489, 10.113055236130206, 0.0 ], [ 79.219069893669342, 10.10926712033142, 0.0 ], [ 79.228932013839881, 10.10536759726182, 0.0 ], [ 79.231439145836021, 10.082981104041071, 0.0 ], [ 79.227498213546781, 10.084415276434925, 0.0 ], [ 79.223232139713517, 10.081220441326375, 0.0 ], [ 79.230298705740552, 10.082949799624913, 0.0 ], [ 79.227203265845802, 10.07350274159406, 0.0 ], [ 79.232036374073274, 10.081751336601663, 0.0 ], [ 79.234113222967963, 10.070594000631953, 0.0 ], [ 79.248067100229576, 10.070874266271522, 0.0 ], [ 79.23928665778881, 10.057799262173363, 0.0 ], [ 79.255089523957537, 10.045430497037961, 0.0 ], [ 79.251783834600715, 10.045033748934495, 0.0 ], [ 79.249608604413112, 10.04380936410428, 0.0 ], [ 79.250529030592759, 10.042118401034005, 0.0 ], [ 79.266111756118306, 10.039233637244802, 0.0 ], [ 79.214876974308822, 10.00005135253601, 0.0 ], [ 79.150506251016907, 9.919635779181666, 0.0 ], [ 79.138870800596578, 9.920861248838134, 0.0 ], [ 79.14701344528423, 9.911435636692524, 0.0 ], [ 79.139905451070319, 9.904677604880598, 0.0 ], [ 79.139253544614931, 9.907471328120414, 0.0 ], [ 79.136682186454777, 9.90963671594411, 0.0 ], [ 79.13145739337854, 9.897069549116745, 0.0 ], [ 79.128124643764707, 9.90276995197625, 0.0 ], [ 79.126861749192543, 9.90372376964196, 0.0 ], [ 79.125503126778597, 9.90370565993736, 0.0 ], [ 79.124035647567155, 9.883561957684231, 0.0 ], [ 79.118446171735741, 9.890654537097564, 0.0 ], [ 79.111265673803359, 9.892837579737149, 0.0 ], [ 79.121628694336607, 9.880081042155526, 0.0 ], [ 79.115825357887985, 9.879547362879959, 0.0 ], [ 79.112954497985442, 9.860230776341536, 0.0 ], [ 79.12083183219444, 9.855308246864121, 0.0 ], [ 79.110183074062761, 9.85784373214956, 0.0 ], [ 79.116355617173497, 9.851393228231247, 0.0 ], [ 79.115457734141799, 9.84907412332584, 0.0 ], [ 79.090107489197536, 9.857376141186805, 0.0 ], [ 79.069472594860756, 9.84999076350161, 0.0 ], [ 79.042980722211922, 9.861168625812766, 0.0 ], [ 79.031127734174987, 9.893207044919071, 0.0 ], [ 79.006049747430254, 9.91425525898463, 0.0 ], [ 78.987982253070413, 9.950226707931357, 0.0 ], [ 79.003306744819909, 9.956213956370192, 0.0 ], [ 78.996600592834938, 9.967170144745324, 0.0 ], [ 79.002887397873181, 9.978780334949841, 0.0 ], [ 79.013922225960229, 9.980936238315737, 0.0 ], [ 79.009983422888283, 9.98986286907418, 0.0 ], [ 78.993834191738031, 9.995927476310994, 0.0 ], [ 78.973958634303713, 9.991458157758183, 0.0 ], [ 78.964857468795813, 10.007491029603809, 0.0 ], [ 78.930226526359647, 10.021764544144208, 0.0 ], [ 78.932039495360257, 10.037387238980628, 0.0 ], [ 78.924633675111068, 10.047044100811132, 0.0 ], [ 78.944403934773717, 10.059436309227801, 0.0 ], [ 78.93422507421181, 10.071905634764175, 0.0 ], [ 78.960121563978376, 10.095271677305686, 0.0 ], [ 78.973369854360058, 10.081810752628302, 0.0 ], [ 78.986975008556669, 10.089365049551564, 0.0 ], [ 78.966676114718695, 10.12763237886247, 0.0 ], [ 78.947866050799604, 10.10556751163119, 0.0 ], [ 78.913489288201532, 10.12776365486036, 0.0 ], [ 78.913522815201958, 10.144611569345971, 0.0 ], [ 78.900064073823387, 10.156673235277619, 0.0 ], [ 78.896532171396103, 10.147252678561472, 0.0 ], [ 78.881868146343407, 10.154530960615217, 0.0 ], [ 78.862273410518924, 10.126444418327663, 0.0 ], [ 78.847893257184055, 10.126067994286089, 0.0 ], [ 78.848384754174774, 10.137468760721172, 0.0 ], [ 78.833050253024155, 10.139238822373335, 0.0 ], [ 78.829548337751731, 10.15452208182394, 0.0 ], [ 78.81361754364157, 10.16661597231198, 0.0 ], [ 78.823234659619132, 10.198103052494412, 0.0 ], [ 78.809897413995614, 10.212999849996214, 0.0 ], [ 78.768885902716519, 10.199060500024924, 0.0 ], [ 78.767187512180953, 10.163433964698401, 0.0 ], [ 78.73731969128788, 10.158562602666185, 0.0 ], [ 78.708515397022836, 10.175602103976464, 0.0 ], [ 78.69133431495176, 10.147751349076657, 0.0 ], [ 78.677594359697963, 10.147218022992181, 0.0 ], [ 78.668042902342805, 10.154286929390103, 0.0 ], [ 78.6703762937059, 10.176015510681987, 0.0 ], [ 78.664213146057904, 10.17895456869293, 0.0 ], [ 78.673230923061567, 10.20469937217838, 0.0 ], [ 78.652020551928317, 10.219647490088342, 0.0 ], [ 78.650611442404553, 10.236593078908232, 0.0 ], [ 78.641380630964392, 10.241039463901927, 0.0 ], [ 78.651674764286852, 10.25428358387599, 0.0 ], [ 78.636224031192739, 10.269232144628822, 0.0 ], [ 78.611571730397429, 10.270367499898009, 0.0 ], [ 78.577927785142435, 10.287234915141024, 0.0 ], [ 78.569453963555006, 10.281069120633385, 0.0 ], [ 78.576838499601791, 10.266254585741462, 0.0 ], [ 78.570628550116382, 10.256770112215648, 0.0 ], [ 78.553465404397286, 10.249485681795818, 0.0 ], [ 78.538454086245309, 10.2576606222617, 0.0 ], [ 78.527593173123208, 10.238545353637688, 0.0 ], [ 78.51894699273366, 10.236642316413279, 0.0 ], [ 78.51598597083003, 10.190343848427247, 0.0 ], [ 78.487816245915184, 10.190521130198004, 0.0 ], [ 78.469512553447458, 10.204250735874203, 0.0 ], [ 78.472734091929524, 10.219863590430609, 0.0 ], [ 78.487743825184609, 10.23440596899648, 0.0 ], [ 78.479289048851456, 10.240610670591158, 0.0 ], [ 78.483259466083936, 10.254496373341141, 0.0 ], [ 78.464556886508319, 10.240402256897701, 0.0 ], [ 78.447753729970927, 10.245423785144705, 0.0 ], [ 78.452929427963767, 10.267168316510686, 0.0 ], [ 78.514549390054682, 10.267646807152694, 0.0 ], [ 78.521411750679974, 10.32627937813926, 0.0 ], [ 78.496979940063866, 10.358649542439354, 0.0 ], [ 78.505566925019181, 10.375896814163355, 0.0 ], [ 78.513903722306665, 10.371526313441111, 0.0 ], [ 78.530282883180618, 10.390529116704228, 0.0 ], [ 78.527122529949622, 10.402829837064367, 0.0 ], [ 78.516546575022218, 10.40784500827386, 0.0 ], [ 78.519074326049491, 10.431373749889993, 0.0 ], [ 78.524908319871031, 10.437018662115399, 0.0 ], [ 78.564585425119844, 10.427048601849826, 0.0 ], [ 78.565094824725122, 10.442972923633915, 0.0 ], [ 78.585072009116658, 10.440922888367117, 0.0 ], [ 78.589405246612301, 10.474474194292922, 0.0 ], [ 78.570768468807088, 10.48906377295229, 0.0 ], [ 78.581834169070149, 10.521892948875868, 0.0 ], [ 78.564578634828422, 10.5120262075197, 0.0 ], [ 78.549993098771139, 10.514084040025477, 0.0 ], [ 78.540788656076359, 10.530404640039617, 0.0 ], [ 78.53284094177819, 10.513934451829892, 0.0 ], [ 78.540472489796429, 10.502902477595232, 0.0 ], [ 78.527355311699068, 10.486275822344094, 0.0 ], [ 78.496066853863809, 10.485063285772149, 0.0 ], [ 78.491313020201744, 10.526785107715293, 0.0 ], [ 78.486168885418664, 10.53884269400352, 0.0 ], [ 78.46386290740314, 10.540833645088412, 0.0 ], [ 78.466134290742289, 10.578338641273655, 0.0 ], [ 78.445626403207029, 10.607377746692526, 0.0 ], [ 78.459545229000213, 10.611447504125834, 0.0 ], [ 78.482496284652086, 10.638414034222553, 0.0 ], [ 78.527018703346016, 10.629084606656377, 0.0 ], [ 78.529110824610854, 10.644784503169252, 0.0 ], [ 78.519808803280981, 10.651720034227035, 0.0 ], [ 78.517827834097773, 10.6698323522913, 0.0 ], [ 78.544410770596599, 10.675233750423812, 0.0 ], [ 78.550847228912787, 10.6863826720831, 0.0 ], [ 78.568448855206256, 10.681278790248637, 0.0 ], [ 78.565560370693007, 10.660638264037681, 0.0 ], [ 78.59305370545448, 10.659024657185434, 0.0 ], [ 78.609184033636154, 10.681099162912529, 0.0 ], [ 78.621313823529434, 10.675797465255444, 0.0 ], [ 78.626066287345111, 10.702539975895121, 0.0 ], [ 78.635189300606058, 10.707358718806596, 0.0 ], [ 78.658472214704133, 10.704677094239027, 0.0 ], [ 78.652499938221396, 10.658610653828894, 0.0 ], [ 78.665199479191429, 10.654780850723737, 0.0 ], [ 78.665767952110727, 10.671456375789926, 0.0 ], [ 78.682947128380363, 10.671060813079105, 0.0 ], [ 78.682122440970844, 10.686574780264859, 0.0 ], [ 78.697630976386236, 10.702287620769495, 0.0 ], [ 78.687902470045316, 10.72864460912432, 0.0 ] ], [ [ 78.634837033672625, 10.663203958027049, 0.0 ], [ 78.626592929464138, 10.65073224438296, 0.0 ], [ 78.632140743904571, 10.641904038111374, 0.0 ], [ 78.643551772921057, 10.654072655994636, 0.0 ], [ 78.634837033672625, 10.663203958027049, 0.0 ] ], [ [ 79.172977182989612, 10.573228797641598, 0.0 ], [ 79.17649398827308, 10.571395100885313, 0.0 ], [ 79.176694957591621, 10.572387520667393, 0.0 ], [ 79.172977182989612, 10.573228797641598, 0.0 ] ], [ [ 79.178030265296485, 10.567083395293434, 0.0 ], [ 79.179394504354178, 10.566021695419424, 0.0 ], [ 79.179254589321289, 10.567279562661815, 0.0 ], [ 79.178030265296485, 10.567083395293434, 0.0 ] ], [ [ 79.174387950596554, 10.562855891768457, 0.0 ], [ 79.176081679944517, 10.561701729730558, 0.0 ], [ 79.175661748070581, 10.563209496572767, 0.0 ], [ 79.174387950596554, 10.562855891768457, 0.0 ] ], [ [ 79.181162663997284, 10.562182472943459, 0.0 ], [ 79.182997909442278, 10.559922091061191, 0.0 ], [ 79.183795109657865, 10.5612299005801, 0.0 ], [ 79.181162663997284, 10.562182472943459, 0.0 ] ], [ [ 79.118846215076317, 10.547790464903894, 0.0 ], [ 79.113767182848079, 10.538222594844243, 0.0 ], [ 79.119129604370656, 10.537156636293721, 0.0 ], [ 79.118846215076317, 10.547790464903894, 0.0 ] ], [ [ 79.170236332404954, 10.542642554795421, 0.0 ], [ 79.171168502372069, 10.541818988931833, 0.0 ], [ 79.17105089939048, 10.54272410807822, 0.0 ], [ 79.170236332404954, 10.542642554795421, 0.0 ] ], [ [ 79.113936546615619, 10.533677346387671, 0.0 ], [ 79.118404604956496, 10.530734605594366, 0.0 ], [ 79.118480711756504, 10.534080442138974, 0.0 ], [ 79.113936546615619, 10.533677346387671, 0.0 ] ], [ [ 79.146922666929456, 10.527704478709596, 0.0 ], [ 79.147913979147688, 10.526746355167669, 0.0 ], [ 79.147902446195246, 10.527563879129827, 0.0 ], [ 79.146922666929456, 10.527704478709596, 0.0 ] ], [ [ 79.143975008789525, 10.524486299191844, 0.0 ], [ 79.145377467587011, 10.524902844742886, 0.0 ], [ 79.144384796326591, 10.525835291596991, 0.0 ], [ 79.143975008789525, 10.524486299191844, 0.0 ] ], [ [ 79.148573279252631, 10.522663678632613, 0.0 ], [ 79.149343143602863, 10.521406412199937, 0.0 ], [ 79.149099714933286, 10.522668005319582, 0.0 ], [ 79.148573279252631, 10.522663678632613, 0.0 ] ], [ [ 79.15220753638846, 10.52121266428472, 0.0 ], [ 79.150898699229245, 10.520523193912393, 0.0 ], [ 79.1521911182992, 10.520602710715467, 0.0 ], [ 79.15220753638846, 10.52121266428472, 0.0 ] ], [ [ 79.144045307922866, 10.518609361059527, 0.0 ], [ 79.144730418640236, 10.5162925638449, 0.0 ], [ 79.145103753546778, 10.518862216050893, 0.0 ], [ 79.144045307922866, 10.518609361059527, 0.0 ] ], [ [ 79.135518003343279, 10.509771606215793, 0.0 ], [ 79.13665232606715, 10.509334992887364, 0.0 ], [ 79.136494570743565, 10.509853992330985, 0.0 ], [ 79.135518003343279, 10.509771606215793, 0.0 ] ], [ [ 79.133882492389063, 10.508420190161797, 0.0 ], [ 79.134650264332308, 10.507311600937722, 0.0 ], [ 79.134713905600023, 10.508129741100683, 0.0 ], [ 79.133882492389063, 10.508420190161797, 0.0 ] ], [ [ 79.139906981179251, 10.507875250353033, 0.0 ], [ 79.138631711238247, 10.507641756299558, 0.0 ], [ 79.139617721418134, 10.507055251134046, 0.0 ], [ 79.139906981179251, 10.507875250353033, 0.0 ] ], [ [ 79.131584911835333, 10.506022698680436, 0.0 ], [ 79.13067821281642, 10.507186425101489, 0.0 ], [ 79.130607308422043, 10.506014619227836, 0.0 ], [ 79.131584911835333, 10.506022698680436, 0.0 ] ], [ [ 79.136013334117749, 10.506653891839884, 0.0 ], [ 79.136180540936991, 10.505466012864551, 0.0 ], [ 79.137148694816531, 10.506142955921048, 0.0 ], [ 79.136013334117749, 10.506653891839884, 0.0 ] ], [ [ 79.139558265417804, 10.505939829577194, 0.0 ], [ 79.138829353021222, 10.504298593297058, 0.0 ], [ 79.139205354270871, 10.504301691187763, 0.0 ], [ 79.139558265417804, 10.505939829577194, 0.0 ] ], [ [ 79.127330247450246, 10.502059899954022, 0.0 ], [ 79.127180762354939, 10.505845119934843, 0.0 ], [ 79.125043218431387, 10.503744633152055, 0.0 ], [ 79.127330247450246, 10.502059899954022, 0.0 ] ], [ [ 79.136827937572576, 10.507552554950985, 0.0 ], [ 79.136665982418165, 10.508368834200015, 0.0 ], [ 79.136297329596232, 10.507845493406391, 0.0 ], [ 79.136827937572576, 10.507552554950985, 0.0 ] ], [ [ 79.133718461716214, 10.500715344169725, 0.0 ], [ 79.133454790420245, 10.498928426750632, 0.0 ], [ 79.134967486593609, 10.499226469383892, 0.0 ], [ 79.133718461716214, 10.500715344169725, 0.0 ] ], [ [ 79.123801310060557, 10.48647679362977, 0.0 ], [ 79.126474024142638, 10.485326490444407, 0.0 ], [ 79.127688246197053, 10.488846508987784, 0.0 ], [ 79.123801310060557, 10.48647679362977, 0.0 ] ], [ [ 79.151258747147153, 10.473113167173366, 0.0 ], [ 79.152271818320727, 10.470352441995425, 0.0 ], [ 79.152477153188002, 10.472888803679115, 0.0 ], [ 79.151258747147153, 10.473113167173366, 0.0 ] ], [ [ 79.160216295902828, 10.472055701648962, 0.0 ], [ 79.162769640771998, 10.469881678248079, 0.0 ], [ 79.163075608167375, 10.47243400303527, 0.0 ], [ 79.160216295902828, 10.472055701648962, 0.0 ] ], [ [ 79.175380015297307, 10.470656802731069, 0.0 ], [ 79.175703103663551, 10.468686776195389, 0.0 ], [ 79.176349161418642, 10.469861150593418, 0.0 ], [ 79.175380015297307, 10.470656802731069, 0.0 ] ], [ [ 79.180173035065039, 10.46798142068211, 0.0 ], [ 79.178932552956525, 10.467596249659049, 0.0 ], [ 79.179571400334368, 10.467212688324771, 0.0 ], [ 79.180173035065039, 10.46798142068211, 0.0 ] ], [ [ 79.174346722591537, 10.466969505559428, 0.0 ], [ 79.174104115844059, 10.468091360739701, 0.0 ], [ 79.173575730433555, 10.467490828677409, 0.0 ], [ 79.174346722591537, 10.466969505559428, 0.0 ] ], [ [ 79.156067739758129, 10.465903269314794, 0.0 ], [ 79.155597339397644, 10.467333732263285, 0.0 ], [ 79.15525693633812, 10.466120524104328, 0.0 ], [ 79.156067739758129, 10.465903269314794, 0.0 ] ], [ [ 79.173353980004109, 10.465631878911781, 0.0 ], [ 79.172212999415009, 10.465109703867286, 0.0 ], [ 79.173408141600007, 10.465122921020065, 0.0 ], [ 79.173353980004109, 10.465631878911781, 0.0 ] ], [ [ 79.151987404357186, 10.46482270406017, 0.0 ], [ 79.152909962159057, 10.466161258070009, 0.0 ], [ 79.151817940575668, 10.466044758160425, 0.0 ], [ 79.151987404357186, 10.46482270406017, 0.0 ] ], [ [ 79.167551348802988, 10.464343685214759, 0.0 ], [ 79.167959955946472, 10.463117439143819, 0.0 ], [ 79.168380632916069, 10.463516535839922, 0.0 ], [ 79.167551348802988, 10.464343685214759, 0.0 ] ], [ [ 79.164720020626319, 10.457778778134115, 0.0 ], [ 79.147710037981952, 10.46091968059935, 0.0 ], [ 79.148344819977694, 10.45552310027, 0.0 ], [ 79.150527487987702, 10.459176508374272, 0.0 ], [ 79.164720020626319, 10.457778778134115, 0.0 ] ], [ [ 79.169538226874593, 10.462480550339933, 0.0 ], [ 79.17053781033357, 10.461459379857825, 0.0 ], [ 79.170268826785872, 10.462986265040957, 0.0 ], [ 79.169538226874593, 10.462480550339933, 0.0 ] ], [ [ 79.160662361896655, 10.457195581246099, 0.0 ], [ 79.159294122641896, 10.456149569034784, 0.0 ], [ 79.161200566204457, 10.455565361304298, 0.0 ], [ 79.160662361896655, 10.457195581246099, 0.0 ] ], [ [ 79.164201598150939, 10.456639834305619, 0.0 ], [ 79.163439265269872, 10.455161853606869, 0.0 ], [ 79.163999568618934, 10.455346621387632, 0.0 ], [ 79.164201598150939, 10.456639834305619, 0.0 ] ], [ [ 79.157451487298289, 10.454779531596113, 0.0 ], [ 79.156858339830393, 10.456734871050815, 0.0 ], [ 79.155547676608933, 10.454326310832711, 0.0 ], [ 79.157451487298289, 10.454779531596113, 0.0 ] ], [ [ 79.160488988989101, 10.453883916021983, 0.0 ], [ 79.158780435925493, 10.45132013262065, 0.0 ], [ 79.159982113149624, 10.451169564684195, 0.0 ], [ 79.160488988989101, 10.453883916021983, 0.0 ] ], [ [ 79.162351095827376, 10.453981215656867, 0.0 ], [ 79.163348102066635, 10.452440194378838, 0.0 ], [ 79.162911324100179, 10.454165984668407, 0.0 ], [ 79.162351095827376, 10.453981215656867, 0.0 ] ], [ [ 79.15205723394358, 10.456331905021228, 0.0 ], [ 79.152920154940546, 10.454696077643229, 0.0 ], [ 79.153632007205161, 10.455623831685481, 0.0 ], [ 79.15205723394358, 10.456331905021228, 0.0 ] ] ] ] } },
{ "type": "Feature", "properties": { "name": "TIRUCHIRAPPALLI" }, "geometry": { "type": "MultiPolygon", "coordinates": [ [ [ [ 78.632634273819406, 10.641949243499434, 0.0 ], [ 78.626592929464138, 10.65073224438296, 0.0 ], [ 78.634837033672625, 10.663203958027049, 0.0 ], [ 78.643551772921057, 10.654072655994636, 0.0 ], [ 78.632634273819406, 10.641949243499434, 0.0 ] ] ], [ [ [ 78.483157256452444, 11.397955849555634, 0.0 ], [ 78.509754617076837, 11.396700692399616, 0.0 ], [ 78.503468330257405, 11.380497484615594, 0.0 ], [ 78.51531075534578, 11.384478038424866, 0.0 ], [ 78.523484246298409, 11.370667636635796, 0.0 ], [ 78.542417757582896, 11.369458093278526, 0.0 ], [ 78.553437897720784, 11.358653583112945, 0.0 ], [ 78.552921743161775, 11.320051365904517, 0.0 ], [ 78.571554841886851, 11.315246321579943, 0.0 ], [ 78.604524605180401, 11.338769610247192, 0.0 ], [ 78.641255398357671, 11.342084032172281, 0.0 ], [ 78.663185730025262, 11.373786846137628, 0.0 ], [ 78.689106692382367, 11.381693214380599, 0.0 ], [ 78.672098463132414, 11.359976733955742, 0.0 ], [ 78.659647665962197, 11.357948613961415, 0.0 ], [ 78.655230740782585, 11.344650716048841, 0.0 ], [ 78.634247158057121, 11.333943370032598, 0.0 ], [ 78.661197863716083, 11.331437783047278, 0.0 ], [ 78.665854412004435, 11.317266597898, 0.0 ], [ 78.678437627762975, 11.327462369233368, 0.0 ], [ 78.733129285405496, 11.323362530805927, 0.0 ], [ 78.738871191162048, 11.294065396164358, 0.0 ], [ 78.751211046304306, 11.284792986858438, 0.0 ], [ 78.728696939917981, 11.272467024071545, 0.0 ], [ 78.726073799312516, 11.260995677167173, 0.0 ], [ 78.710070756814503, 11.248954049934996, 0.0 ], [ 78.713443000334294, 11.240012238852634, 0.0 ], [ 78.702716498069137, 11.228746160564064, 0.0 ], [ 78.712606674204011, 11.212737685292543, 0.0 ], [ 78.698811405659171, 11.191134567231352, 0.0 ], [ 78.675907684227752, 11.195310929065283, 0.0 ], [ 78.65120202325302, 11.168264637365064, 0.0 ], [ 78.67581565906579, 11.161558607089034, 0.0 ], [ 78.701035092244979, 11.068573006794988, 0.0 ], [ 78.717652140379897, 11.055627348946567, 0.0 ], [ 78.720233902373593, 11.073978745407439, 0.0 ], [ 78.742749826166872, 11.075476586689406, 0.0 ], [ 78.735287226676121, 11.105552251605411, 0.0 ], [ 78.759671542743206, 11.121553496085337, 0.0 ], [ 78.776769904573712, 11.112817882623061, 0.0 ], [ 78.810936706719659, 11.111738548070202, 0.0 ], [ 78.807251535421955, 11.078934382200536, 0.0 ], [ 78.840032433752071, 11.076436544410765, 0.0 ], [ 78.847462767911082, 11.090188034706173, 0.0 ], [ 78.872487514783188, 11.084236745003768, 0.0 ], [ 78.873205630688375, 11.096721639559595, 0.0 ], [ 78.886464247907128, 11.101739199368573, 0.0 ], [ 78.92641720776615, 11.089427424221084, 0.0 ], [ 78.939333230049186, 11.094813367601146, 0.0 ], [ 78.980384212255856, 11.090992262163562, 0.0 ], [ 79.005984562838378, 11.060291500594852, 0.0 ], [ 79.012319969087642, 11.010092299920156, 0.0 ], [ 78.991856461659424, 11.001401809751268, 0.0 ], [ 78.989621245860619, 10.978491406218923, 0.0 ], [ 78.982262271686281, 10.975530308739108, 0.0 ], [ 78.987431346102028, 10.96679833805238, 0.0 ], [ 78.946798307081096, 10.976569255407494, 0.0 ], [ 78.947318269938279, 10.962467561625971, 0.0 ], [ 78.977563649835744, 10.943567501949962, 0.0 ], [ 78.982698399139323, 10.921667326410862, 0.0 ], [ 78.990330816739231, 10.928419374276853, 0.0 ], [ 79.001946963256643, 10.922154059378997, 0.0 ], [ 79.006809626867437, 10.899368462264286, 0.0 ], [ 79.005709552908158, 10.893596680448015, 0.0 ], [ 78.966283657277572, 10.887187337427363, 0.0 ], [ 78.960192381623898, 10.894642192867797, 0.0 ], [ 78.939714271273658, 10.887681222633002, 0.0 ], [ 78.94062716914857, 10.878464182357716, 0.0 ], [ 78.923370480077068, 10.866108485566043, 0.0 ], [ 78.850976274467087, 10.842292139495314, 0.0 ], [ 78.776480508306591, 10.833099312538831, 0.0 ], [ 78.775769345425587, 10.826992142578021, 0.0 ], [ 78.79705523619451, 10.823852637740933, 0.0 ], [ 78.868774119571597, 10.82558187622066, 0.0 ], [ 78.860462171258632, 10.803186139888611, 0.0 ], [ 78.867159412449197, 10.784948307297517, 0.0 ], [ 78.880274185312416, 10.788533687036688, 0.0 ], [ 78.880964602129879, 10.777454386739878, 0.0 ], [ 78.868425061813014, 10.760710787896253, 0.0 ], [ 78.864503340619819, 10.732831780343668, 0.0 ], [ 78.872102057403993, 10.688129740091314, 0.0 ], [ 78.820405776537797, 10.694576385123071, 0.0 ], [ 78.812651094904297, 10.672418922824576, 0.0 ], [ 78.799710050439188, 10.6798616280025, 0.0 ], [ 78.79066211263806, 10.649776002158511, 0.0 ], [ 78.765323045665852, 10.655092573755779, 0.0 ], [ 78.748827932274125, 10.641987151781924, 0.0 ], [ 78.735805759942409, 10.671653571445109, 0.0 ], [ 78.746555869179844, 10.686820102963562, 0.0 ], [ 78.742820153637183, 10.707416094313668, 0.0 ], [ 78.709882829329644, 10.722062842352519, 0.0 ], [ 78.709117681215588, 10.733070039107922, 0.0 ], [ 78.68918804229979, 10.734638338702092, 0.0 ], [ 78.697630976386236, 10.702287620769495, 0.0 ], [ 78.682122440970844, 10.686574780264859, 0.0 ], [ 78.682947128380363, 10.671060813079105, 0.0 ], [ 78.665767952110727, 10.671456375789926, 0.0 ], [ 78.665199479191429, 10.654780850723737, 0.0 ], [ 78.652499938221396, 10.658610653828894, 0.0 ], [ 78.658472214704133, 10.704677094239027, 0.0 ], [ 78.635189300606058, 10.707358718806596, 0.0 ], [ 78.626066287345111, 10.702539975895121, 0.0 ], [ 78.621313823529434, 10.675797465255444, 0.0 ], [ 78.609184033636154, 10.681099162912529, 0.0 ], [ 78.59305370545448, 10.659024657185434, 0.0 ], [ 78.565560370693007, 10.660638264037681, 0.0 ], [ 78.568448855206256, 10.681278790248637, 0.0 ], [ 78.550847228912787, 10.6863826720831, 0.0 ], [ 78.544410770596599, 10.675233750423812, 0.0 ], [ 78.517827834097773, 10.6698323522913, 0.0 ], [ 78.519808803280981, 10.651720034227035, 0.0 ], [ 78.529110824610854, 10.644784503169252, 0.0 ], [ 78.527018703346016, 10.629084606656377, 0.0 ], [ 78.482496284652086, 10.638414034222553, 0.0 ], [ 78.459545229000213, 10.611447504125834, 0.0 ], [ 78.446837483203112, 10.608530195760752, 0.0 ], [ 78.466134290742289, 10.578338641273655, 0.0 ], [ 78.46386290740314, 10.540833645088412, 0.0 ], [ 78.486168885418664, 10.53884269400352, 0.0 ], [ 78.491313020201744, 10.526785107715293, 0.0 ], [ 78.496066853863809, 10.485063285772149, 0.0 ], [ 78.527355311699068, 10.486275822344094, 0.0 ], [ 78.540942334934471, 10.505018159344726, 0.0 ], [ 78.53284094177819, 10.513934451829892, 0.0 ], [ 78.536485470194933, 10.530606778833134, 0.0 ], [ 78.543867644160244, 10.530025805373901, 0.0 ], [ 78.549993098771139, 10.514084040025477, 0.0 ], [ 78.564578634828422, 10.5120262075197, 0.0 ], [ 78.581834169070149, 10.521892948875868, 0.0 ], [ 78.570768468807088, 10.48906377295229, 0.0 ], [ 78.589405246612301, 10.474474194292922, 0.0 ], [ 78.585072009116658, 10.440922888367117, 0.0 ], [ 78.565094824725122, 10.442972923633915, 0.0 ], [ 78.562483365635288, 10.426777312590412, 0.0 ], [ 78.523144720963543, 10.436583602163791, 0.0 ], [ 78.516546575022218, 10.40784500827386, 0.0 ], [ 78.527122529949622, 10.402829837064367, 0.0 ], [ 78.530282883180618, 10.390529116704228, 0.0 ], [ 78.513903722306665, 10.371526313441111, 0.0 ], [ 78.505566925019181, 10.375896814163355, 0.0 ], [ 78.507741298638507, 10.388971187087813, 0.0 ], [ 78.492022751477506, 10.387961778028217, 0.0 ], [ 78.490358862217946, 10.395827893288299, 0.0 ], [ 78.447499614993163, 10.408993790315094, 0.0 ], [ 78.43859537928904, 10.383672005317823, 0.0 ], [ 78.448939904440309, 10.374904965425266, 0.0 ], [ 78.436633031373006, 10.362729218436733, 0.0 ], [ 78.392163571475109, 10.354302903927179, 0.0 ], [ 78.404740951491931, 10.345243373927543, 0.0 ], [ 78.396522358713398, 10.323907319316458, 0.0 ], [ 78.371848729811205, 10.308619182625559, 0.0 ], [ 78.374797799551501, 10.300269998208996, 0.0 ], [ 78.363258587917784, 10.293705852672897, 0.0 ], [ 78.333249728220821, 10.300365725073485, 0.0 ], [ 78.337801687263379, 10.32549564783822, 0.0 ], [ 78.330847054118124, 10.337591277326982, 0.0 ], [ 78.279339472371461, 10.372639431557978, 0.0 ], [ 78.279142838359718, 10.387588407653242, 0.0 ], [ 78.287827498859599, 10.402115240802599, 0.0 ], [ 78.306815854783764, 10.41215563263537, 0.0 ], [ 78.315093284318394, 10.439460820603637, 0.0 ], [ 78.246370308896857, 10.467945807726085, 0.0 ], [ 78.217583175644464, 10.466689018847473, 0.0 ], [ 78.199902369645841, 10.481502079181451, 0.0 ], [ 78.191725952850518, 10.500909787040522, 0.0 ], [ 78.17336478368712, 10.503726867910569, 0.0 ], [ 78.176614382427118, 10.517427806648701, 0.0 ], [ 78.200017368064408, 10.54668869906409, 0.0 ], [ 78.243108398355616, 10.554325076751686, 0.0 ], [ 78.262608720661532, 10.578860228093658, 0.0 ], [ 78.255791953574715, 10.601409669015599, 0.0 ], [ 78.2834522969234, 10.745871792317327, 0.0 ], [ 78.292346575947164, 10.735274331903321, 0.0 ], [ 78.292530171855006, 10.701801309060137, 0.0 ], [ 78.316365965761705, 10.701653588418274, 0.0 ], [ 78.320500859412078, 10.709085878280641, 0.0 ], [ 78.341878653372916, 10.705247110935478, 0.0 ], [ 78.344993844339854, 10.721507165325519, 0.0 ], [ 78.37782205877491, 10.725970968168074, 0.0 ], [ 78.374325464869685, 10.718476175870274, 0.0 ], [ 78.384395071094772, 10.716690746289261, 0.0 ], [ 78.407373779039986, 10.673895661720467, 0.0 ], [ 78.424996175704678, 10.671814409137863, 0.0 ], [ 78.438188975598848, 10.689952496090664, 0.0 ], [ 78.467868999463363, 10.688494774077309, 0.0 ], [ 78.470615617830276, 10.703650711241751, 0.0 ], [ 78.513499291199082, 10.694891506269055, 0.0 ], [ 78.520312713996091, 10.710606721805817, 0.0 ], [ 78.56538874383692, 10.734455423820796, 0.0 ], [ 78.562241429197613, 10.764547436599399, 0.0 ], [ 78.571702454806584, 10.77501850122386, 0.0 ], [ 78.544956385663411, 10.796099369869331, 0.0 ], [ 78.554640066548899, 10.81341474852195, 0.0 ], [ 78.576473780094702, 10.8080538707837, 0.0 ], [ 78.587814409374317, 10.828573400158424, 0.0 ], [ 78.572930938141397, 10.835729973477239, 0.0 ], [ 78.577919662397193, 10.852701179171245, 0.0 ], [ 78.558166597367247, 10.863789849689036, 0.0 ], [ 78.550608148352509, 10.877552216291392, 0.0 ], [ 78.504625082064891, 10.885519340721746, 0.0 ], [ 78.490552546873971, 10.895125500427758, 0.0 ], [ 78.484525978436452, 10.885666622452449, 0.0 ], [ 78.471245026059705, 10.886280988860907, 0.0 ], [ 78.47816945392897, 10.901530326955234, 0.0 ], [ 78.463800949223511, 10.913959379778897, 0.0 ], [ 78.468835788998391, 10.921259575448506, 0.0 ], [ 78.401176064956957, 10.961316276859231, 0.0 ], [ 78.250331506943112, 10.968809961039184, 0.0 ], [ 78.218183348945203, 10.958857801756304, 0.0 ], [ 78.197895946114883, 10.961452943651354, 0.0 ], [ 78.197870691892689, 10.971270634838575, 0.0 ], [ 78.182455037108824, 10.978871160680294, 0.0 ], [ 78.164904328390307, 11.013187500764381, 0.0 ], [ 78.194776224193816, 11.022051627574282, 0.0 ], [ 78.196634496682407, 11.046049218266807, 0.0 ], [ 78.16249408037298, 11.046795864593003, 0.0 ], [ 78.181757545897312, 11.068499468876521, 0.0 ], [ 78.195778186660917, 11.06461401726359, 0.0 ], [ 78.20177557365929, 11.075479280882485, 0.0 ], [ 78.228920011606888, 11.054574829904038, 0.0 ], [ 78.236689687587969, 11.066605089814031, 0.0 ], [ 78.229894275077768, 11.094849694202191, 0.0 ], [ 78.238676707218801, 11.094503178240654, 0.0 ], [ 78.25172767714264, 11.090180332937399, 0.0 ], [ 78.265511294849844, 11.070300590764894, 0.0 ], [ 78.2779143228381, 11.07941791633643, 0.0 ], [ 78.290884390986491, 11.077180082958611, 0.0 ], [ 78.323874549715427, 11.057923025777868, 0.0 ], [ 78.328409344333352, 11.03312580822249, 0.0 ], [ 78.344630946920887, 11.026239364950451, 0.0 ], [ 78.350123743684208, 11.048294294266721, 0.0 ], [ 78.360099312004536, 11.046645291197821, 0.0 ], [ 78.36335159218045, 11.06508362418834, 0.0 ], [ 78.338093001066952, 11.083518985599602, 0.0 ], [ 78.338201192572257, 11.094864732750098, 0.0 ], [ 78.323976530267231, 11.097239988900538, 0.0 ], [ 78.34344364555237, 11.112155317131073, 0.0 ], [ 78.346053105286131, 11.137974965087707, 0.0 ], [ 78.380603321556819, 11.137439426361697, 0.0 ], [ 78.376876662324108, 11.17623635119131, 0.0 ], [ 78.387407496336579, 11.177166926003647, 0.0 ], [ 78.381180796886412, 11.187002121621925, 0.0 ], [ 78.41066814826064, 11.197489027842421, 0.0 ], [ 78.421923362233315, 11.211667585314911, 0.0 ], [ 78.438132859553832, 11.268528867958352, 0.0 ], [ 78.465030516137972, 11.311685546129979, 0.0 ], [ 78.455770374876835, 11.332186893245137, 0.0 ], [ 78.447260067056789, 11.332098469061254, 0.0 ], [ 78.446850675312277, 11.344800205404544, 0.0 ], [ 78.459597783324085, 11.342618428019875, 0.0 ], [ 78.455569578944292, 11.353223777038179, 0.0 ], [ 78.469875915781628, 11.385647295328146, 0.0 ], [ 78.483157256452444, 11.397955849555634, 0.0 ] ], [ [ 78.568537200551219, 10.708040004276627, 0.0 ], [ 78.558375020035214, 10.698001220447461, 0.0 ], [ 78.575024867139263, 10.684796901228099, 0.0 ], [ 78.580022240372955, 10.699918337506947, 0.0 ], [ 78.568537200551219, 10.708040004276627, 0.0 ] ] ] ] } },
{ "type": "Feature", "properties": { "name": "DHARMAPURI" }, "geometry": { "type": "Polygon", "coordinates": [ [ [ 77.950032632331499, 12.50549992967354, 0.0 ], [ 77.946033653094673, 12.499250722831514, 0.0 ], [ 77.958899749726541, 12.483898211093358, 0.0 ], [ 77.985818251366524, 12.509777694668394, 0.0 ], [ 77.993767882453298, 12.500432842259528, 0.0 ], [ 78.011844208172306, 12.502763674424884, 0.0 ], [ 78.012735806337801, 12.484482285269108, 0.0 ], [ 78.027069121568772, 12.459661120582613, 0.0 ], [ 78.038194102772565, 12.461531803218815, 0.0 ], [ 78.049117562040124, 12.475637103338592, 0.0 ], [ 78.059676448726719, 12.464661556926234, 0.0 ], [ 78.077844098321336, 12.46355388937568, 0.0 ], [ 78.080146643161797, 12.448856027231027, 0.0 ], [ 78.098111144393059, 12.445410190714354, 0.0 ], [ 78.118051886026493, 12.454700072170528, 0.0 ], [ 78.11462606326468, 12.445258090201495, 0.0 ], [ 78.142481426669008, 12.427242417151115, 0.0 ], [ 78.127775188071809, 12.402261636305649, 0.0 ], [ 78.134883909239065, 12.381949559179288, 0.0 ], [ 78.142759538454683, 12.370726619228098, 0.0 ], [ 78.166726316125576, 12.362882710011343, 0.0 ], [ 78.163644517386757, 12.350896524632075, 0.0 ], [ 78.173577138143585, 12.337150409020989, 0.0 ], [ 78.20079631554448, 12.33579342878245, 0.0 ], [ 78.205175399349173, 12.329130050612498, 0.0 ], [ 78.227110157180022, 12.348915529173496, 0.0 ], [ 78.236235423772143, 12.347886228933454, 0.0 ], [ 78.239700684838496, 12.334085793219755, 0.0 ], [ 78.247331290215385, 12.332790009064789, 0.0 ], [ 78.229392510172701, 12.317438676356163, 0.0 ], [ 78.232039045788852, 12.302205853994414, 0.0 ], [ 78.258178324553896, 12.294546945402427, 0.0 ], [ 78.267517693080578, 12.263449884293092, 0.0 ], [ 78.277059891340642, 12.260222005450471, 0.0 ], [ 78.302199257966649, 12.273952751823463, 0.0 ], [ 78.316896072003431, 12.260103222974596, 0.0 ], [ 78.334276676819258, 12.263523746011517, 0.0 ], [ 78.352583647037477, 12.247273635848293, 0.0 ], [ 78.354938668591885, 12.226120964071161, 0.0 ], [ 78.403095977714386, 12.22394737205726, 0.0 ], [ 78.401689061806408, 12.213312145339096, 0.0 ], [ 78.391947442776029, 12.204521590195192, 0.0 ], [ 78.379114074821558, 12.20549799703824, 0.0 ], [ 78.374413933218548, 12.195260466248474, 0.0 ], [ 78.39093592329067, 12.186062393666282, 0.0 ], [ 78.408630360456669, 12.196515726810032, 0.0 ], [ 78.446401840820883, 12.191067492663459, 0.0 ], [ 78.471895521989197, 12.172791012731214, 0.0 ], [ 78.465280880882815, 12.146686194303932, 0.0 ], [ 78.506364044336749, 12.142939606487205, 0.0 ], [ 78.516515276227707, 12.177186666094519, 0.0 ], [ 78.554647321657214, 12.180481390731543, 0.0 ], [ 78.573274735136224, 12.193720094713708, 0.0 ], [ 78.582491985923042, 12.162335558414631, 0.0 ], [ 78.621068432792228, 12.184216288840064, 0.0 ], [ 78.647306220006016, 12.163984947829505, 0.0 ], [ 78.630298884252909, 12.130841063376986, 0.0 ], [ 78.65722571005891, 12.125022797276786, 0.0 ], [ 78.664436320829637, 12.115444262374298, 0.0 ], [ 78.661205778555512, 12.10247709509945, 0.0 ], [ 78.684111986132052, 12.105913362641875, 0.0 ], [ 78.737871760946916, 12.13391683471542, 0.0 ], [ 78.745217276748861, 12.123920391322779, 0.0 ], [ 78.722839908118345, 12.088501661016478, 0.0 ], [ 78.697716717064893, 11.992510684041022, 0.0 ], [ 78.717112072369218, 11.984127376376787, 0.0 ], [ 78.709857483094041, 11.966617408060793, 0.0 ], [ 78.713327930422977, 11.950742262374895, 0.0 ], [ 78.704424170205854, 11.940005313249365, 0.0 ], [ 78.723861775176616, 11.919668867624466, 0.0 ], [ 78.708240719963769, 11.897936991315941, 0.0 ], [ 78.694723517364636, 11.894464439758172, 0.0 ], [ 78.689879017944619, 11.904007182321115, 0.0 ], [ 78.660834413607915, 11.895324244616015, 0.0 ], [ 78.655055382377668, 11.885358275181169, 0.0 ], [ 78.634554593683802, 11.888337855831507, 0.0 ], [ 78.633659544424177, 11.874176804385256, 0.0 ], [ 78.609921333607261, 11.852656225845426, 0.0 ], [ 78.595837478320405, 11.822759579340365, 0.0 ], [ 78.546774672978046, 11.806951697249703, 0.0 ], [ 78.455381515001676, 11.82635222535292, 0.0 ], [ 78.435078782042311, 11.854665464251683, 0.0 ], [ 78.433070254558615, 11.86223234722948, 0.0 ], [ 78.441483215749713, 11.868346226058229, 0.0 ], [ 78.414376824929306, 11.880143285084818, 0.0 ], [ 78.403146285376749, 11.873545168667253, 0.0 ], [ 78.38056765364712, 11.825715396818813, 0.0 ], [ 78.328283451806882, 11.775981266906845, 0.0 ], [ 78.312872163756197, 11.782685624959814, 0.0 ], [ 78.345585985570594, 11.824198878588442, 0.0 ], [ 78.348005681658492, 11.84848511610908, 0.0 ], [ 78.367556781311336, 11.880565180861939, 0.0 ], [ 78.365747906101888, 11.891837854778082, 0.0 ], [ 78.353131145328419, 11.894160165953258, 0.0 ], [ 78.358940041088232, 11.91170267442072, 0.0 ], [ 78.309148475271556, 11.881188954275924, 0.0 ], [ 78.326391361746744, 11.899584631397664, 0.0 ], [ 78.331504714984945, 11.922244207582924, 0.0 ], [ 78.324388535227229, 11.93008499367537, 0.0 ], [ 78.302307507855915, 11.922748247726531, 0.0 ], [ 78.280072944292542, 11.899567213133832, 0.0 ], [ 78.269020773978724, 11.90025005826991, 0.0 ], [ 78.290755874890792, 11.932096593711364, 0.0 ], [ 78.275025693384222, 11.931440160701404, 0.0 ], [ 78.257949700827297, 11.912363511350213, 0.0 ], [ 78.272755561713424, 11.937920908896148, 0.0 ], [ 78.257000696716602, 11.940219580950505, 0.0 ], [ 78.235792477857331, 11.917964712212685, 0.0 ], [ 78.253277407105571, 11.951061296754975, 0.0 ], [ 78.234865583689157, 11.979260096159312, 0.0 ], [ 78.144859160231519, 11.968250073085647, 0.0 ], [ 78.100596292184321, 11.955760021208755, 0.0 ], [ 78.073722394700283, 11.937599053984744, 0.0 ], [ 78.039043380231718, 11.936337756699178, 0.0 ], [ 78.02686234681201, 11.920450308956447, 0.0 ], [ 78.011297441737312, 11.92130740726259, 0.0 ], [ 77.970345890772009, 11.89555869699667, 0.0 ], [ 77.905082801251226, 11.900285964277273, 0.0 ], [ 77.867088966698688, 11.915744878146812, 0.0 ], [ 77.850052576308059, 11.904900057379836, 0.0 ], [ 77.847740715992202, 11.894295919904069, 0.0 ], [ 77.807417538606146, 11.909077520349397, 0.0 ], [ 77.76266677300994, 11.909907439918989, 0.0 ], [ 77.736748829760387, 11.940554648999097, 0.0 ], [ 77.691327938715588, 11.941838038677895, 0.0 ], [ 77.675669886959682, 11.952011607155706, 0.0 ], [ 77.674741894008434, 11.965936393968988, 0.0 ], [ 77.708905542711776, 12.036018064069831, 0.0 ], [ 77.727535227111161, 12.062037856305656, 0.0 ], [ 77.755687053914855, 12.079733695188821, 0.0 ], [ 77.77639204478551, 12.112280954867805, 0.0 ], [ 77.749807539550687, 12.138462532116993, 0.0 ], [ 77.746717236549742, 12.155849342196177, 0.0 ], [ 77.772447271839695, 12.17196103939545, 0.0 ], [ 77.776835902451936, 12.157404203860583, 0.0 ], [ 77.793924111611133, 12.147696890659706, 0.0 ], [ 77.814519551347843, 12.234208639369911, 0.0 ], [ 77.845253796113468, 12.262178067215894, 0.0 ], [ 77.861684317555955, 12.254477936900688, 0.0 ], [ 77.867731696335937, 12.265755273986464, 0.0 ], [ 77.875006031064771, 12.303247762601067, 0.0 ], [ 77.86721342814937, 12.33024446838477, 0.0 ], [ 77.87924374502569, 12.335853937050448, 0.0 ], [ 77.92674818105904, 12.325097480233904, 0.0 ], [ 77.948531143723997, 12.336573437362391, 0.0 ], [ 77.954617182718479, 12.351301945277736, 0.0 ], [ 77.949478882982348, 12.375091117061519, 0.0 ], [ 77.967834971754542, 12.394295060023559, 0.0 ], [ 77.970898956836322, 12.412703281186843, 0.0 ], [ 77.945129058693368, 12.449447499336408, 0.0 ], [ 77.930428997865846, 12.441757833059844, 0.0 ], [ 77.923799655068976, 12.456055140586249, 0.0 ], [ 77.934509251134287, 12.469436289279278, 0.0 ], [ 77.9222367331014, 12.49069941164413, 0.0 ], [ 77.905804589258778, 12.489371840430795, 0.0 ], [ 77.899932902447716, 12.49965112682947, 0.0 ], [ 77.908918029679768, 12.512662065197251, 0.0 ], [ 77.921470637091602, 12.504158797856975, 0.0 ], [ 77.942407647508219, 12.51367802824916, 0.0 ], [ 77.950032632331499, 12.50549992967354, 0.0 ] ] ] } },
{ "type": "Feature", "properties": { "name": "VILUPPURAM" }, "geometry": { "type": "Polygon", "coordinates": [ [ [ 79.325258333924907, 12.450775874834271, 0.0 ], [ 79.401616063196641, 12.435707445136666, 0.0 ], [ 79.411251908023303, 12.406766248053549, 0.0 ], [ 79.420610098965611, 12.410850918912619, 0.0 ], [ 79.428365790430703, 12.400924222199157, 0.0 ], [ 79.433062366587151, 12.409958498828772, 0.0 ], [ 79.439127665676352, 12.38908926412426, 0.0 ], [ 79.448228820772343, 12.395785500936896, 0.0 ], [ 79.451138295062051, 12.374207189264911, 0.0 ], [ 79.47287327734297, 12.364962283419128, 0.0 ], [ 79.485888348090796, 12.374620943959941, 0.0 ], [ 79.49326132856531, 12.370279056413848, 0.0 ], [ 79.488861954211941, 12.349394709651518, 0.0 ], [ 79.496647880269023, 12.34493045465241, 0.0 ], [ 79.517927202340147, 12.353273778203338, 0.0 ], [ 79.529538332379403, 12.370073975118103, 0.0 ], [ 79.598220302931168, 12.348206119358242, 0.0 ], [ 79.608152603951467, 12.37805151316835, 0.0 ], [ 79.620985057331382, 12.374445455068814, 0.0 ], [ 79.62171219385985, 12.349491557759718, 0.0 ], [ 79.645649806299176, 12.343452872037643, 0.0 ], [ 79.673701733243632, 12.316389749234075, 0.0 ], [ 79.706205726749644, 12.334625028028546, 0.0 ], [ 79.750302217401554, 12.32483728532468, 0.0 ], [ 79.77881583323186, 12.338987523056584, 0.0 ], [ 79.799227628326449, 12.337398946289108, 0.0 ], [ 79.819851649881173, 12.311817599852432, 0.0 ], [ 79.827422132862893, 12.312922045209799, 0.0 ], [ 79.841194256606386, 12.27979847564669, 0.0 ], [ 79.867640508477308, 12.248913994301228, 0.0 ], [ 79.900309074651801, 12.229564176858458, 0.0 ], [ 79.924512579348018, 12.231590918130451, 0.0 ], [ 79.921357157717438, 12.250052381148032, 0.0 ], [ 79.944205814151687, 12.242258462913531, 0.0 ], [ 79.955318566803413, 12.228831733581828, 0.0 ], [ 79.973099059233547, 12.233364372045255, 0.0 ], [ 79.99247032441464, 12.253737712385336, 0.0 ], [ 80.008638686540536, 12.254805012849538, 0.0 ], [ 79.87342800721936, 12.041437612261234, 0.0 ], [ 79.850052551235351, 12.050914426530207, 0.0 ], [ 79.840545999928764, 12.012760000127052, 0.0 ], [ 79.856891986383104, 12.00625819958932, 0.0 ], [ 79.840777128096448, 11.956328146409955, 0.0 ], [ 79.825870000164429, 11.960703000000505, 0.0 ], [ 79.81503900032763, 11.97948500024491, 0.0 ], [ 79.805488999587055, 11.953408000341129, 0.0 ], [ 79.786116999656116, 11.960454000365608, 0.0 ], [ 79.77196299256785, 11.943643651135975, 0.0 ], [ 79.760421624428247, 11.943562066438508, 0.0 ], [ 79.763074331273657, 11.928026004780502, 0.0 ], [ 79.750025316681587, 11.919807713473357, 0.0 ], [ 79.744257000078136, 11.964489000418643, 0.0 ], [ 79.723075117190106, 11.975092712435409, 0.0 ], [ 79.726123915624385, 11.985950746762246, 0.0 ], [ 79.744042416311885, 11.977214601461657, 0.0 ], [ 79.760772272245546, 11.990518092240418, 0.0 ], [ 79.762166129762022, 12.002768370223322, 0.0 ], [ 79.746846751511896, 12.007550730516988, 0.0 ], [ 79.712834000194022, 11.986282000083893, 0.0 ], [ 79.715144000003633, 11.967238999872077, 0.0 ], [ 79.699067999783324, 11.960192999862819, 0.0 ], [ 79.695214124414662, 11.964846302146123, 0.0 ], [ 79.69117923583849, 11.951658469717898, 0.0 ], [ 79.697526654687934, 11.942408106361487, 0.0 ], [ 79.711786999798306, 11.931723999865511, 0.0 ], [ 79.70706869171471, 11.947105108709721, 0.0 ], [ 79.721390741097537, 11.945382976060502, 0.0 ], [ 79.717455766784681, 11.928578936097233, 0.0 ], [ 79.740676292259138, 11.905609756713238, 0.0 ], [ 79.731219513976043, 11.903391490251206, 0.0 ], [ 79.72894919040283, 11.890166614260028, 0.0 ], [ 79.711292179309652, 11.890818397058283, 0.0 ], [ 79.70564500007184, 11.89389000025313, 0.0 ], [ 79.707666999993407, 11.913674999591082, 0.0 ], [ 79.718740999763739, 11.919081000441798, 0.0 ], [ 79.696319999806477, 11.918989000309409, 0.0 ], [ 79.696035999730171, 11.89479200009175, 0.0 ], [ 79.67453827191855, 11.891955518801453, 0.0 ], [ 79.674775172832952, 11.881304242695521, 0.0 ], [ 79.689823566894333, 11.880841908098747, 0.0 ], [ 79.703092361622097, 11.831910000929549, 0.0 ], [ 79.685633190956324, 11.83246080775351, 0.0 ], [ 79.69076975447571, 11.820400371335857, 0.0 ], [ 79.675146365232195, 11.806585807365151, 0.0 ], [ 79.664996064987747, 11.810483166200363, 0.0 ], [ 79.641100592934549, 11.798497859866712, 0.0 ], [ 79.59081959949809, 11.841475745814073, 0.0 ], [ 79.565022629689082, 11.839929595279751, 0.0 ], [ 79.529160587770761, 11.857094845860937, 0.0 ], [ 79.459427543792643, 11.8719676146175, 0.0 ], [ 79.451500773398593, 11.849080513266298, 0.0 ], [ 79.472227644621796, 11.846882422276906, 0.0 ], [ 79.471636515089912, 11.835352091992211, 0.0 ], [ 79.480497603065828, 11.837184306803891, 0.0 ], [ 79.482690930223569, 11.811853512642962, 0.0 ], [ 79.468307649085659, 11.799238397810312, 0.0 ], [ 79.466424438209884, 11.807284567676383, 0.0 ], [ 79.443521370868126, 11.809957238652839, 0.0 ], [ 79.435436231782091, 11.782269297433841, 0.0 ], [ 79.421610986738273, 11.795696030395229, 0.0 ], [ 79.418346211831832, 11.785219604243521, 0.0 ], [ 79.412801253072075, 11.787063869576501, 0.0 ], [ 79.413697671250191, 11.803132441753121, 0.0 ], [ 79.399174352214487, 11.79683560242775, 0.0 ], [ 79.368436312755563, 11.816183171204436, 0.0 ], [ 79.36704371778859, 11.834391010523699, 0.0 ], [ 79.335939209561602, 11.835507290298652, 0.0 ], [ 79.316600711401719, 11.826151586290651, 0.0 ], [ 79.293403739320794, 11.834308460969648, 0.0 ], [ 79.277903110721482, 11.854546967844577, 0.0 ], [ 79.267710742615819, 11.83845766316564, 0.0 ], [ 79.260090895297736, 11.844854784102505, 0.0 ], [ 79.263598190918572, 11.851993343218515, 0.0 ], [ 79.23621735108776, 11.854070546751814, 0.0 ], [ 79.241813256207351, 11.870715583011311, 0.0 ], [ 79.229839786208288, 11.876249509645568, 0.0 ], [ 79.255664917030529, 11.866044185559961, 0.0 ], [ 79.257358559621508, 11.876083722888698, 0.0 ], [ 79.280585658034155, 11.877992587650388, 0.0 ], [ 79.287288683065782, 11.906500207032346, 0.0 ], [ 79.259477571271276, 11.911466617306736, 0.0 ], [ 79.271198099748261, 11.928416390971456, 0.0 ], [ 79.282397885312719, 11.928230410363518, 0.0 ], [ 79.284518628214741, 11.941732177254528, 0.0 ], [ 79.231504979181267, 11.954457816029088, 0.0 ], [ 79.20897185606789, 11.974628777898662, 0.0 ], [ 79.184704152160521, 11.972754790229031, 0.0 ], [ 79.186382731871291, 11.985762709179454, 0.0 ], [ 79.171175484429398, 11.988856065285342, 0.0 ], [ 79.167352622976424, 12.005839201274501, 0.0 ], [ 79.176213956846723, 12.047436680635409, 0.0 ], [ 79.190142058672706, 12.048211475095535, 0.0 ], [ 79.199097159987957, 12.068458689865198, 0.0 ], [ 79.233619948145872, 12.059159780865574, 0.0 ], [ 79.237906864931063, 12.076555373045167, 0.0 ], [ 79.25717840721174, 12.07986927405401, 0.0 ], [ 79.278795053215191, 12.106749004432869, 0.0 ], [ 79.276674613027694, 12.12604810390452, 0.0 ], [ 79.258794742682852, 12.130655645720948, 0.0 ], [ 79.238001558208907, 12.153375492029852, 0.0 ], [ 79.210616252614557, 12.166090096082391, 0.0 ], [ 79.209942555208642, 12.187220721408067, 0.0 ], [ 79.215928024455764, 12.198261031487243, 0.0 ], [ 79.222318965369197, 12.183790918577577, 0.0 ], [ 79.234572486679866, 12.184080420428153, 0.0 ], [ 79.233125851005127, 12.197803210358845, 0.0 ], [ 79.215734933528822, 12.212313383137419, 0.0 ], [ 79.23594342369725, 12.212193489844248, 0.0 ], [ 79.225107419863136, 12.222023582624301, 0.0 ], [ 79.248408353243704, 12.240988943925263, 0.0 ], [ 79.240256724208308, 12.253869387666596, 0.0 ], [ 79.245049510688403, 12.273994407089461, 0.0 ], [ 79.280138058304601, 12.29184142608633, 0.0 ], [ 79.273798766942292, 12.305470859435809, 0.0 ], [ 79.285165730420985, 12.306410772104018, 0.0 ], [ 79.28933074787895, 12.317933211548381, 0.0 ], [ 79.251855323216688, 12.323192660495291, 0.0 ], [ 79.234136336191099, 12.315748424710547, 0.0 ], [ 79.234610738708781, 12.329868193869443, 0.0 ], [ 79.198146175404432, 12.343113646033855, 0.0 ], [ 79.239150087784552, 12.346526578413341, 0.0 ], [ 79.224690045215439, 12.367698244349015, 0.0 ], [ 79.237058015225784, 12.368489185243654, 0.0 ], [ 79.248508016684838, 12.38298854305091, 0.0 ], [ 79.242706800869968, 12.397160543257671, 0.0 ], [ 79.227217363855075, 12.401930324260045, 0.0 ], [ 79.231357564601453, 12.442787862791048, 0.0 ], [ 79.269486388193826, 12.447739325314307, 0.0 ], [ 79.30897161634708, 12.438681527109278, 0.0 ], [ 79.325258333924907, 12.450775874834271, 0.0 ] ], [ [ 79.692941591699096, 12.035204658378918, 0.0 ], [ 79.671868999902856, 12.010331999784482, 0.0 ], [ 79.66045475372043, 12.011136815753417, 0.0 ], [ 79.656978605113821, 11.991228856417726, 0.0 ], [ 79.673658999769984, 11.993916999776651, 0.0 ], [ 79.680788000080014, 11.983243000321451, 0.0 ], [ 79.684759915657295, 11.99120280540197, 0.0 ], [ 79.719897516484622, 11.992119366432949, 0.0 ], [ 79.702761283549279, 12.010024968876314, 0.0 ], [ 79.704318086766818, 12.031327189961642, 0.0 ], [ 79.692941591699096, 12.035204658378918, 0.0 ] ], [ [ 79.790295668629653, 12.01843509480468, 0.0 ], [ 79.801333000044764, 12.016813000431421, 0.0 ], [ 79.805800090403849, 12.023984418917285, 0.0 ], [ 79.788814000384789, 12.027125000334703, 0.0 ], [ 79.790295668629653, 12.01843509480468, 0.0 ] ], [ [ 79.636069815641321, 11.977476423598391, 0.0 ], [ 79.636044436028897, 11.997610751470335, 0.0 ], [ 79.650254983598842, 12.021157870461678, 0.0 ], [ 79.625164096236716, 12.031695138866141, 0.0 ], [ 79.629699999825959, 12.01763899979637, 0.0 ], [ 79.620975335671446, 12.013795872455132, 0.0 ], [ 79.619114369453115, 11.999792847322995, 0.0 ], [ 79.625660099157557, 11.997430994645196, 0.0 ], [ 79.616555999770867, 11.987282999870565, 0.0 ], [ 79.623864134643384, 11.981825835720391, 0.0 ], [ 79.618507004037355, 11.969809068916019, 0.0 ], [ 79.627154541486448, 11.96793923878174, 0.0 ], [ 79.628779539561251, 11.949523278374491, 0.0 ], [ 79.619269955563382, 11.943535348395292, 0.0 ], [ 79.617950742901087, 11.924876656372058, 0.0 ], [ 79.627426000104748, 11.921165999673454, 0.0 ], [ 79.625598637092537, 11.903782352953195, 0.0 ], [ 79.632274608436006, 11.901944109930849, 0.0 ], [ 79.656123389374116, 11.908177639003922, 0.0 ], [ 79.670211765557269, 11.918846153543592, 0.0 ], [ 79.671512185127327, 11.930167189703372, 0.0 ], [ 79.656907135456137, 11.948171291956658, 0.0 ], [ 79.642538396424925, 11.942641897970537, 0.0 ], [ 79.647835008959063, 11.96735078315424, 0.0 ], [ 79.636069815641321, 11.977476423598391, 0.0 ] ], [ [ 79.686381000086854, 11.972581999826566, 0.0 ], [ 79.662612887466608, 11.969198441441375, 0.0 ], [ 79.654305171925614, 11.953287888191856, 0.0 ], [ 79.677080357456006, 11.94793009497719, 0.0 ], [ 79.684783739007827, 11.95344740715295, 0.0 ], [ 79.686381000086854, 11.972581999826566, 0.0 ] ], [ [ 79.621159730747337, 11.891750682921886, 0.0 ], [ 79.608535282937325, 11.876626412647092, 0.0 ], [ 79.59968193406192, 11.88353477214258, 0.0 ], [ 79.601814977821903, 11.858406392914107, 0.0 ], [ 79.628610300996542, 11.870503252817612, 0.0 ], [ 79.626505763166776, 11.85492785951822, 0.0 ], [ 79.657628469902093, 11.85286887500868, 0.0 ], [ 79.662227628339082, 11.867065863600343, 0.0 ], [ 79.648846255322425, 11.870459463246616, 0.0 ], [ 79.641203364125332, 11.886983330030031, 0.0 ], [ 79.630116903434512, 11.881109668491167, 0.0 ], [ 79.621159730747337, 11.891750682921886, 0.0 ] ], [ [ 79.647767453779181, 11.844585099384522, 0.0 ], [ 79.640615334133187, 11.823642391284773, 0.0 ], [ 79.648899373203164, 11.81517873681504, 0.0 ], [ 79.670466999732312, 11.814910999794538, 0.0 ], [ 79.671069999991047, 11.823985517253009, 0.0 ], [ 79.659788999833779, 11.828043999771662, 0.0 ], [ 79.66132999956109, 11.83954199998384, 0.0 ], [ 79.647767453779181, 11.844585099384522, 0.0 ] ] ] } },
{ "type": "Feature", "properties": { "name": "VELLORE" }, "geometry": { "type": "Polygon", "coordinates": [ [ [ 79.242686928443078, 13.171002971430042, 0.0 ], [ 79.24527305714642, 13.138275817276821, 0.0 ], [ 79.254092242348236, 13.146131988590032, 0.0 ], [ 79.25327328616882, 13.160255107550556, 0.0 ], [ 79.260366841783451, 13.159562613167095, 0.0 ], [ 79.262087546653987, 13.149041846198658, 0.0 ], [ 79.28054700527062, 13.152561478632794, 0.0 ], [ 79.293381456263035, 13.101413799171796, 0.0 ], [ 79.272454342112553, 13.087020000344275, 0.0 ], [ 79.294543848534332, 13.047188211688836, 0.0 ], [ 79.265979684606663, 12.987415405988063, 0.0 ], [ 79.267853749878057, 12.940141040495318, 0.0 ], [ 79.251793852191739, 12.951794170791302, 0.0 ], [ 79.223259205764734, 12.956430519853974, 0.0 ], [ 79.188137813285195, 12.925960160355338, 0.0 ], [ 79.191331248902245, 12.908070752528943, 0.0 ], [ 79.205829569212213, 12.90485359482035, 0.0 ], [ 79.210903660260797, 12.895211700738832, 0.0 ], [ 79.19260269404829, 12.888346780262946, 0.0 ], [ 79.178197849154358, 12.820030618973199, 0.0 ], [ 79.208681496775398, 12.784729328913597, 0.0 ], [ 79.213895851750564, 12.760805038406211, 0.0 ], [ 79.207590399410549, 12.741942465476468, 0.0 ], [ 79.189056725470451, 12.748279080356239, 0.0 ], [ 79.173997083195246, 12.741501181541159, 0.0 ], [ 79.171708163155856, 12.760498474314144, 0.0 ], [ 79.161132758915087, 12.772897381900034, 0.0 ], [ 79.159224143644153, 12.752766890690911, 0.0 ], [ 79.132043881972677, 12.762404328675386, 0.0 ], [ 79.089764504995728, 12.758518694550531, 0.0 ], [ 79.077995039302849, 12.749056306221371, 0.0 ], [ 79.073469479543334, 12.755903270402557, 0.0 ], [ 79.059792290586827, 12.73843265598031, 0.0 ], [ 79.057072815856486, 12.718049964979972, 0.0 ], [ 79.023942075897352, 12.689046380096311, 0.0 ], [ 79.026556433070098, 12.679774316160675, 0.0 ], [ 79.012158851656494, 12.657267334485883, 0.0 ], [ 79.023839615898439, 12.692610034041975, 0.0 ], [ 78.995285144771074, 12.706021724625307, 0.0 ], [ 78.976331654435683, 12.66807272203385, 0.0 ], [ 78.949595939370298, 12.678647971389889, 0.0 ], [ 78.94994319765533, 12.686403764898351, 0.0 ], [ 78.927564678784165, 12.675877643677836, 0.0 ], [ 78.911860337810467, 12.687301253813089, 0.0 ], [ 78.897271929864687, 12.679135355886235, 0.0 ], [ 78.896273628052114, 12.689937563619218, 0.0 ], [ 78.865770773642566, 12.63165562422444, 0.0 ], [ 78.837653293530934, 12.643439982787061, 0.0 ], [ 78.8086456490459, 12.636211179210084, 0.0 ], [ 78.787639527420637, 12.651020272820814, 0.0 ], [ 78.768438949564938, 12.680433770016943, 0.0 ], [ 78.773967549227592, 12.698276373180363, 0.0 ], [ 78.786731009650168, 12.695455773324587, 0.0 ], [ 78.781429167565804, 12.705983167265817, 0.0 ], [ 78.786054903944958, 12.741129080113106, 0.0 ], [ 78.797384050683547, 12.730307450470008, 0.0 ], [ 78.801325148579679, 12.747913726625415, 0.0 ], [ 78.810990907250769, 12.747265034837477, 0.0 ], [ 78.811037618607088, 12.758202645674931, 0.0 ], [ 78.816126236524966, 12.75604806893997, 0.0 ], [ 78.812052671814172, 12.767341753510081, 0.0 ], [ 78.820566023291107, 12.771049938465382, 0.0 ], [ 78.8019332416102, 12.776468663858473, 0.0 ], [ 78.807427778713119, 12.805179211597096, 0.0 ], [ 78.832690381548574, 12.819738450256063, 0.0 ], [ 78.865340315642925, 12.818594462038275, 0.0 ], [ 78.880271777379747, 12.840528831651854, 0.0 ], [ 78.870980000521897, 12.872559511472403, 0.0 ], [ 78.857049753241029, 12.869525931761952, 0.0 ], [ 78.859611482430523, 12.882467093916482, 0.0 ], [ 78.845301806266022, 12.877248610000249, 0.0 ], [ 78.824146899855407, 12.860187696204031, 0.0 ], [ 78.782583464026246, 12.847294343706077, 0.0 ], [ 78.749171667623671, 12.81770753148024, 0.0 ], [ 78.734139066403088, 12.830443062912039, 0.0 ], [ 78.730408279933954, 12.865650546026391, 0.0 ], [ 78.718688835386175, 12.864700880136633, 0.0 ], [ 78.716276566710576, 12.850181668383781, 0.0 ], [ 78.712068211891022, 12.859802730218192, 0.0 ], [ 78.653947628870583, 12.86532475172822, 0.0 ], [ 78.6029045507007, 12.844737098772157, 0.0 ], [ 78.633435614739042, 12.931746021245008, 0.0 ], [ 78.657013862718927, 12.932106396028221, 0.0 ], [ 78.638058520670469, 12.96475931851548, 0.0 ], [ 78.647169299275859, 12.966237127247702, 0.0 ], [ 78.620896813648542, 12.991240368808116, 0.0 ], [ 78.655520376656114, 13.015248065261346, 0.0 ], [ 78.656214696961968, 13.031169391758038, 0.0 ], [ 78.705271431156916, 13.015238622203755, 0.0 ], [ 78.714516342669171, 13.068678315253528, 0.0 ], [ 78.751776027984022, 13.054941810272966, 0.0 ], [ 78.794303972021737, 13.066583927169091, 0.0 ], [ 78.813139854921928, 13.089142297465489, 0.0 ], [ 78.842036425318838, 13.07861309081963, 0.0 ], [ 78.870971506020979, 13.081883496961082, 0.0 ], [ 78.875097590795946, 13.096816374096155, 0.0 ], [ 78.891581142301135, 13.097087331182683, 0.0 ], [ 78.891643020452733, 13.033058363927946, 0.0 ], [ 78.929124473111457, 13.036493612282742, 0.0 ], [ 78.937107049439234, 13.030426710982915, 0.0 ], [ 78.940809905775694, 13.036409830310383, 0.0 ], [ 78.929163117735243, 13.045758780558922, 0.0 ], [ 78.903675413225287, 13.047705617313605, 0.0 ], [ 78.91259782671905, 13.065932220489525, 0.0 ], [ 78.921739964847546, 13.066093665188751, 0.0 ], [ 78.923941547654934, 13.080809067600519, 0.0 ], [ 78.94919410211287, 13.083994464584952, 0.0 ], [ 78.970279529622829, 13.074713863766135, 0.0 ], [ 78.972302173089659, 13.083806497559591, 0.0 ], [ 78.995001181866044, 13.086608660112248, 0.0 ], [ 79.063397634358793, 13.053107344489332, 0.0 ], [ 79.062866327984864, 13.040637684360878, 0.0 ], [ 79.080907294589863, 13.025727124776576, 0.0 ], [ 79.098307975114821, 13.026064380575747, 0.0 ], [ 79.114481807691945, 13.039272142376769, 0.0 ], [ 79.16312114183421, 13.020270373670332, 0.0 ], [ 79.184833400244997, 13.029852805200887, 0.0 ], [ 79.192996459776893, 13.046695498527724, 0.0 ], [ 79.180439697407067, 13.048849546383346, 0.0 ], [ 79.179661673714463, 13.054499214349514, 0.0 ], [ 79.192099932938419, 13.056146237741293, 0.0 ], [ 79.178297992904447, 13.059186230124267, 0.0 ], [ 79.192121090375039, 13.067431588614523, 0.0 ], [ 79.180658778555269, 13.084242357422198, 0.0 ], [ 79.190687828066913, 13.088732698986464, 0.0 ], [ 79.198293393098623, 13.081341318741131, 0.0 ], [ 79.234426666164353, 13.105228877630765, 0.0 ], [ 79.232872969748598, 13.139370222898648, 0.0 ], [ 79.211447020450805, 13.151806631683257, 0.0 ], [ 79.227322323165936, 13.155615675418549, 0.0 ], [ 79.235644202499799, 13.171227398404772, 0.0 ], [ 79.242686928443078, 13.171002971430042, 0.0 ] ] ] } },
{ "type": "Feature", "properties": { "name": "CHENGALPATTU" }, "geometry": { "type": "MultiPolygon", "coordinates": [ [ [ [ 80.163030944590474, 12.993018271314931, 0.0 ], [ 80.168965555146912, 12.980186570281051, 0.0 ], [ 80.195880237556523, 12.968537395580737, 0.0 ], [ 80.200953226394887, 12.95849909665859, 0.0 ], [ 80.187938252139105, 12.937853396229871, 0.0 ], [ 80.199224718275048, 12.933359448237937, 0.0 ], [ 80.198827530270165, 12.911104418255993, 0.0 ], [ 80.217379325853187, 12.910559211053126, 0.0 ], [ 80.208930258754691, 12.872847487218474, 0.0 ], [ 80.212880226460285, 12.860853226151562, 0.0 ], [ 80.220016300698816, 12.852507715776492, 0.0 ], [ 80.249122155839842, 12.856697327952402, 0.0 ], [ 80.255153134805184, 12.782702012685844, 0.0 ], [ 80.166330805664359, 12.529688446400087, 0.0 ], [ 80.155801721584368, 12.464935786554101, 0.0 ], [ 80.034249371815875, 12.301754643348655, 0.0 ], [ 80.008638686540536, 12.254805012849538, 0.0 ], [ 79.99247032441464, 12.253737712385336, 0.0 ], [ 79.973099059233547, 12.233364372045255, 0.0 ], [ 79.955318566803413, 12.228831733581828, 0.0 ], [ 79.944205814151687, 12.242258462913531, 0.0 ], [ 79.921357157717438, 12.250052381148032, 0.0 ], [ 79.924512579348018, 12.231590918130451, 0.0 ], [ 79.900874300330159, 12.229405976366255, 0.0 ], [ 79.867640508477308, 12.248913994301228, 0.0 ], [ 79.841194256606386, 12.27979847564669, 0.0 ], [ 79.827422132862893, 12.312922045209799, 0.0 ], [ 79.819851649881173, 12.311817599852432, 0.0 ], [ 79.799227628326449, 12.337398946289108, 0.0 ], [ 79.77881583323186, 12.338987523056584, 0.0 ], [ 79.750302217401554, 12.32483728532468, 0.0 ], [ 79.706205726749644, 12.334625028028546, 0.0 ], [ 79.681102291436076, 12.315782846126439, 0.0 ], [ 79.660634130828441, 12.323098891287243, 0.0 ], [ 79.640390701258184, 12.344682489237563, 0.0 ], [ 79.647121956417408, 12.358865410219991, 0.0 ], [ 79.663673944798362, 12.368061923055382, 0.0 ], [ 79.664196132949684, 12.387682488689537, 0.0 ], [ 79.697755743334454, 12.402248469799831, 0.0 ], [ 79.691543433667746, 12.420939346290973, 0.0 ], [ 79.707323849218824, 12.415127509336177, 0.0 ], [ 79.705857131065159, 12.431385707678938, 0.0 ], [ 79.716723913835565, 12.431576934841269, 0.0 ], [ 79.717834851407247, 12.439246666595317, 0.0 ], [ 79.736407212309743, 12.431874169591367, 0.0 ], [ 79.733366500886234, 12.454084404005611, 0.0 ], [ 79.749464622390448, 12.456744617346516, 0.0 ], [ 79.747287868638608, 12.484144565237665, 0.0 ], [ 79.720716906685112, 12.500507148023464, 0.0 ], [ 79.749753063846825, 12.50285312703695, 0.0 ], [ 79.755788497166463, 12.511940745479819, 0.0 ], [ 79.743926325202679, 12.531894123372085, 0.0 ], [ 79.754959066426821, 12.543140261307096, 0.0 ], [ 79.75367549163623, 12.561742950090844, 0.0 ], [ 79.763692637923, 12.550222165602523, 0.0 ], [ 79.773271254770989, 12.551103028371255, 0.0 ], [ 79.795901903921532, 12.568195860033503, 0.0 ], [ 79.821336954460719, 12.569287503610351, 0.0 ], [ 79.805284163502549, 12.629066051645783, 0.0 ], [ 79.823547826051325, 12.620654886583106, 0.0 ], [ 79.847822554206914, 12.631483803409196, 0.0 ], [ 79.88800525137367, 12.630373971289146, 0.0 ], [ 79.896957379194518, 12.64163224975745, 0.0 ], [ 79.924497140858307, 12.63258071360856, 0.0 ], [ 79.928515811905058, 12.637172080018388, 0.0 ], [ 79.917050235206915, 12.696242090062327, 0.0 ], [ 79.952750983155909, 12.699398706693016, 0.0 ], [ 79.951713783678215, 12.710838367358949, 0.0 ], [ 79.926588189076028, 12.745776638255599, 0.0 ], [ 79.882491658037551, 12.767012840690494, 0.0 ], [ 79.89102773408878, 12.773337287259759, 0.0 ], [ 79.876873808783429, 12.780022763866882, 0.0 ], [ 79.901267882768337, 12.784463417197292, 0.0 ], [ 79.910273810130931, 12.799874906728297, 0.0 ], [ 79.926673654413861, 12.798385892883603, 0.0 ], [ 79.939342900448906, 12.783413004357028, 0.0 ], [ 79.940261140341974, 12.790592067800089, 0.0 ], [ 79.955997188577797, 12.79077131307923, 0.0 ], [ 79.96373180944471, 12.809388936133532, 0.0 ], [ 79.956843348049276, 12.825269590900668, 0.0 ], [ 79.966883898410273, 12.814391265409487, 0.0 ], [ 79.992071584153763, 12.809614612813009, 0.0 ], [ 80.009371805903058, 12.809426186278495, 0.0 ], [ 80.030373865065172, 12.822630290983398, 0.0 ], [ 80.040163894350982, 12.839667393882095, 0.0 ], [ 80.051052344104335, 12.839588359301565, 0.0 ], [ 80.061344235103263, 12.863679701924752, 0.0 ], [ 80.051946837905689, 12.882027279222259, 0.0 ], [ 80.067629413921821, 12.914366123653629, 0.0 ], [ 80.083999925329394, 12.92610747800058, 0.0 ], [ 80.091173718143821, 12.946791816069627, 0.0 ], [ 80.10353659424986, 12.949378280182893, 0.0 ], [ 80.120556448682791, 12.985349318503747, 0.0 ], [ 80.141824820688441, 12.996384222787356, 0.0 ], [ 80.163030944590474, 12.993018271314931, 0.0 ] ] ], [ [ [ 80.19589789672024, 13.029557061140418, 0.0 ], [ 80.202557557952602, 13.001279623116632, 0.0 ], [ 80.180500387590925, 12.990778774957324, 0.0 ], [ 80.17847537500819, 13.001720487708397, 0.0 ], [ 80.192630645315703, 13.010334275897693, 0.0 ], [ 80.19589789672024, 13.029557061140418, 0.0 ] ] ] ] } },
{ "type": "Feature", "properties": { "name": "KANCHEEPURAM" }, "geometry": { "type": "Polygon", "coordinates": [ [ [ 79.990837934414969, 13.053806039217099, 0.0 ], [ 79.97420874520472, 13.038911500927558, 0.0 ], [ 79.981913328659999, 13.031699850030032, 0.0 ], [ 79.988458825201491, 13.031421516048056, 0.0 ], [ 79.994555089426029, 13.046744878007425, 0.0 ], [ 80.02378087508383, 13.040352349138868, 0.0 ], [ 80.022455823073585, 13.023900525148246, 0.0 ], [ 80.042720673204585, 13.019040577758718, 0.0 ], [ 80.04201163379453, 13.029697542792631, 0.0 ], [ 80.052440624853688, 13.022772377055849, 0.0 ], [ 80.071054542349813, 13.037416326987925, 0.0 ], [ 80.080020163157542, 13.016117381550496, 0.0 ], [ 80.081964967129011, 13.041124697967986, 0.0 ], [ 80.099505898915226, 13.034940107682655, 0.0 ], [ 80.10874305569746, 13.041774740594525, 0.0 ], [ 80.123051999707329, 13.033242541806066, 0.0 ], [ 80.129394753112734, 13.045142786560429, 0.0 ], [ 80.139905246593571, 13.045694027143085, 0.0 ], [ 80.144842224006055, 13.017001026231144, 0.0 ], [ 80.158190484749213, 13.015422328220492, 0.0 ], [ 80.165168516195919, 13.004240873035904, 0.0 ], [ 80.154799649836647, 12.993615517226418, 0.0 ], [ 80.12735868865191, 12.99063299603355, 0.0 ], [ 80.10353659424986, 12.949378280182893, 0.0 ], [ 80.091173718143821, 12.946791816069627, 0.0 ], [ 80.052274174567671, 12.883066726315592, 0.0 ], [ 80.061344235103263, 12.863679701924752, 0.0 ], [ 80.051222835925898, 12.839891129679678, 0.0 ], [ 80.040163894350982, 12.839667393882095, 0.0 ], [ 80.030373865065172, 12.822630290983398, 0.0 ], [ 80.009371805903058, 12.809426186278495, 0.0 ], [ 79.992071584153763, 12.809614612813009, 0.0 ], [ 79.966883898410273, 12.814391265409487, 0.0 ], [ 79.956843348049276, 12.825269590900668, 0.0 ], [ 79.96373180944471, 12.809388936133532, 0.0 ], [ 79.955997188577797, 12.79077131307923, 0.0 ], [ 79.940261140341974, 12.790592067800089, 0.0 ], [ 79.939342900448906, 12.783413004357028, 0.0 ], [ 79.926673654413861, 12.798385892883603, 0.0 ], [ 79.910273810130931, 12.799874906728297, 0.0 ], [ 79.901267882768337, 12.784463417197292, 0.0 ], [ 79.876873808783429, 12.780022763866882, 0.0 ], [ 79.89102773408878, 12.773337287259759, 0.0 ], [ 79.882491658037551, 12.767012840690494, 0.0 ], [ 79.926588189076028, 12.745776638255599, 0.0 ], [ 79.951985180197894, 12.710047293230613, 0.0 ], [ 79.952750983155909, 12.699398706693016, 0.0 ], [ 79.917050235206915, 12.696242090062327, 0.0 ], [ 79.926108260377561, 12.634338623670677, 0.0 ], [ 79.896957379194518, 12.64163224975745, 0.0 ], [ 79.88800525137367, 12.630373971289146, 0.0 ], [ 79.847822554206914, 12.631483803409196, 0.0 ], [ 79.823547826051325, 12.620654886583106, 0.0 ], [ 79.805284163502549, 12.629066051645783, 0.0 ], [ 79.819285731211565, 12.565494963102257, 0.0 ], [ 79.795901903921532, 12.568195860033503, 0.0 ], [ 79.79276189514745, 12.560619734813052, 0.0 ], [ 79.763692637923, 12.550222165602523, 0.0 ], [ 79.75367549163623, 12.561742950090844, 0.0 ], [ 79.754959066426821, 12.543140261307096, 0.0 ], [ 79.741483766041426, 12.532826208430004, 0.0 ], [ 79.714631117138055, 12.549590590781001, 0.0 ], [ 79.719218719140329, 12.564594745040971, 0.0 ], [ 79.705651474932012, 12.569453034069891, 0.0 ], [ 79.715777863527379, 12.581151599389161, 0.0 ], [ 79.724929296245548, 12.578974617590456, 0.0 ], [ 79.724614829738599, 12.587390425414586, 0.0 ], [ 79.688362629066901, 12.60156102254923, 0.0 ], [ 79.665808268557612, 12.593397623361176, 0.0 ], [ 79.645672092437394, 12.603080811714742, 0.0 ], [ 79.645443126129933, 12.625200475254667, 0.0 ], [ 79.630315745169924, 12.631017749626956, 0.0 ], [ 79.646578023985128, 12.670388572489861, 0.0 ], [ 79.682490080245501, 12.667984129146813, 0.0 ], [ 79.741944400549613, 12.694867342069298, 0.0 ], [ 79.736462572754945, 12.719289492276282, 0.0 ], [ 79.713165142569892, 12.72830547693879, 0.0 ], [ 79.741482741293339, 12.734627343971811, 0.0 ], [ 79.744829458304409, 12.743864161512647, 0.0 ], [ 79.731113352281739, 12.755981941824436, 0.0 ], [ 79.709348444627281, 12.758701088494558, 0.0 ], [ 79.707493953006647, 12.777833449062458, 0.0 ], [ 79.696948292257645, 12.776254335111437, 0.0 ], [ 79.677453553772409, 12.790197178450963, 0.0 ], [ 79.654531306053357, 12.764166846527797, 0.0 ], [ 79.646192677909042, 12.772488132596093, 0.0 ], [ 79.650195041342357, 12.782489987993808, 0.0 ], [ 79.635334667801629, 12.786386581149911, 0.0 ], [ 79.64292000120453, 12.802580376715191, 0.0 ], [ 79.638324253938151, 12.814756586032955, 0.0 ], [ 79.556264142650633, 12.852281762507973, 0.0 ], [ 79.567137818894736, 12.859448260767513, 0.0 ], [ 79.557010037132883, 12.884900230642106, 0.0 ], [ 79.56827476891057, 12.899569444999536, 0.0 ], [ 79.663080099408234, 12.930435125991329, 0.0 ], [ 79.658884701620508, 12.950584080145944, 0.0 ], [ 79.734099049560228, 12.986790001243248, 0.0 ], [ 79.768661954254469, 13.017028958692574, 0.0 ], [ 79.7966691327658, 13.027665214570817, 0.0 ], [ 79.801052325448154, 13.014948430081835, 0.0 ], [ 79.810452247897487, 13.018136018220122, 0.0 ], [ 79.81811387830848, 13.004472191664041, 0.0 ], [ 79.812997233214361, 12.989461644001459, 0.0 ], [ 79.819989194727327, 12.987926761360484, 0.0 ], [ 79.821249006567811, 12.962016091037661, 0.0 ], [ 79.831856904179944, 12.963880418515789, 0.0 ], [ 79.852573220180048, 12.9483856898269, 0.0 ], [ 79.890723120396672, 12.9451013203545, 0.0 ], [ 79.914043994168495, 12.978924263115282, 0.0 ], [ 79.889236292710308, 12.993714400076168, 0.0 ], [ 79.90841501468644, 13.004202770063674, 0.0 ], [ 79.928590861541878, 12.990053836357326, 0.0 ], [ 79.942256463081293, 13.001339760254019, 0.0 ], [ 79.941836533379004, 13.008571935034917, 0.0 ], [ 79.920041513276331, 13.019500018715428, 0.0 ], [ 79.900410042311705, 13.016984813637322, 0.0 ], [ 79.900679976223017, 13.049462611690599, 0.0 ], [ 79.917791658560759, 13.047639341182515, 0.0 ], [ 79.918195473614716, 13.034979958299379, 0.0 ], [ 79.948964224557244, 13.032677806377276, 0.0 ], [ 79.968828758415441, 13.03747608688893, 0.0 ], [ 79.971414698122359, 13.050035248816959, 0.0 ], [ 79.990837934414969, 13.053806039217099, 0.0 ] ] ] } },
{ "type": "Feature", "properties": { "name": "TIRUVALLUR" }, "geometry": { "type": "MultiPolygon", "coordinates": [ [ [ [ 79.845667661120302, 13.327576678871987, 0.0 ], [ 79.850014261503858, 13.32352349829238, 0.0 ], [ 79.842827623761735, 13.32217036982798, 0.0 ], [ 79.845667661120302, 13.327576678871987, 0.0 ] ] ], [ [ [ 80.303637580957528, 13.473127133567054, 0.0 ], [ 80.326018497563737, 13.441682192027491, 0.0 ], [ 80.344148748050145, 13.332467930400698, 0.0 ], [ 80.345268666389387, 13.279892706372278, 0.0 ], [ 80.334227296198279, 13.237916591303691, 0.0 ], [ 80.303347486335056, 13.212847430790765, 0.0 ], [ 80.283778076525991, 13.224897864571073, 0.0 ], [ 80.270697782020235, 13.224076530590642, 0.0 ], [ 80.270439104935448, 13.203268384434784, 0.0 ], [ 80.249989121671618, 13.206092451556854, 0.0 ], [ 80.248881456931741, 13.198648259162164, 0.0 ], [ 80.228050926639568, 13.197812028888364, 0.0 ], [ 80.230484405551579, 13.185364212103728, 0.0 ], [ 80.215928090262082, 13.172259741427748, 0.0 ], [ 80.199561870808139, 13.181226887408975, 0.0 ], [ 80.190800173005556, 13.168718781409135, 0.0 ], [ 80.194591766827898, 13.153984170401465, 0.0 ], [ 80.17596784564121, 13.147340337696827, 0.0 ], [ 80.177132974352844, 13.139629802939497, 0.0 ], [ 80.145779118516103, 13.139411672736577, 0.0 ], [ 80.140436240717719, 13.0985521121214, 0.0 ], [ 80.161366668763392, 13.081140734901776, 0.0 ], [ 80.157963454271538, 13.041292325111034, 0.0 ], [ 80.145715286986047, 13.039860900309666, 0.0 ], [ 80.153359273901671, 13.049491344846617, 0.0 ], [ 80.14848804565176, 13.06441087465684, 0.0 ], [ 80.127942857952789, 13.034200832275669, 0.0 ], [ 80.081794424656508, 13.0410388006202, 0.0 ], [ 80.080020163157542, 13.016117381550496, 0.0 ], [ 80.071054542349813, 13.037416326987925, 0.0 ], [ 80.052440624853688, 13.022772377055849, 0.0 ], [ 80.04201163379453, 13.029697542792631, 0.0 ], [ 80.042720673204585, 13.019040577758718, 0.0 ], [ 80.022455823073585, 13.023900525148246, 0.0 ], [ 80.02378087508383, 13.040352349138868, 0.0 ], [ 79.994555089426029, 13.046744878007425, 0.0 ], [ 79.988458825201491, 13.031421516048056, 0.0 ], [ 79.981913328659999, 13.031699850030032, 0.0 ], [ 79.97420874520472, 13.038911500927558, 0.0 ], [ 79.978873240124074, 13.049160185199286, 0.0 ], [ 79.990855469189356, 13.051573427148872, 0.0 ], [ 79.986537891168027, 13.056176160231795, 0.0 ], [ 79.969870000083489, 13.049009782143241, 0.0 ], [ 79.968828758415441, 13.03747608688893, 0.0 ], [ 79.948964224557244, 13.032677806377276, 0.0 ], [ 79.918195473614716, 13.034979958299379, 0.0 ], [ 79.917791658560759, 13.047639341182515, 0.0 ], [ 79.900679976223017, 13.049462611690599, 0.0 ], [ 79.900410042311705, 13.016984813637322, 0.0 ], [ 79.920041513276331, 13.019500018715428, 0.0 ], [ 79.941836533379004, 13.008571935034917, 0.0 ], [ 79.942256463081293, 13.001339760254019, 0.0 ], [ 79.928590861541878, 12.990053836357326, 0.0 ], [ 79.90841501468644, 13.004202770063674, 0.0 ], [ 79.889236292710308, 12.993714400076168, 0.0 ], [ 79.914043994168495, 12.978924263115282, 0.0 ], [ 79.890723120396672, 12.9451013203545, 0.0 ], [ 79.852573220180048, 12.9483856898269, 0.0 ], [ 79.831856904179944, 12.963880418515789, 0.0 ], [ 79.821249006567811, 12.962016091037661, 0.0 ], [ 79.819989194727327, 12.987926761360484, 0.0 ], [ 79.812997233214361, 12.989461644001459, 0.0 ], [ 79.81811387830848, 13.004472191664041, 0.0 ], [ 79.810452247897487, 13.018136018220122, 0.0 ], [ 79.801052325448154, 13.014948430081835, 0.0 ], [ 79.7966691327658, 13.027665214570817, 0.0 ], [ 79.787113256909137, 13.028624597587132, 0.0 ], [ 79.788845314130825, 13.056574320747194, 0.0 ], [ 79.779087083552, 13.053669064949952, 0.0 ], [ 79.775888474910062, 13.062819948899133, 0.0 ], [ 79.762104700773648, 13.051786224844212, 0.0 ], [ 79.747715018202982, 13.049583605383766, 0.0 ], [ 79.737218492580169, 13.061009091974082, 0.0 ], [ 79.718614132036933, 13.05373500588121, 0.0 ], [ 79.725774261763476, 13.067964591108137, 0.0 ], [ 79.73811942245824, 13.065528278253588, 0.0 ], [ 79.736329390462146, 13.095118693038856, 0.0 ], [ 79.701473287923406, 13.099415053356196, 0.0 ], [ 79.702228059570999, 13.110799611654098, 0.0 ], [ 79.718913393271166, 13.104910018420703, 0.0 ], [ 79.72409128443276, 13.116672626621437, 0.0 ], [ 79.736053211104633, 13.117883773317315, 0.0 ], [ 79.736539854772971, 13.166943290737564, 0.0 ], [ 79.69486287020996, 13.159043348392963, 0.0 ], [ 79.691818828938537, 13.177239752387752, 0.0 ], [ 79.700790870406053, 13.181187594045268, 0.0 ], [ 79.70075689644041, 13.191645794184224, 0.0 ], [ 79.670137406736146, 13.183245909231813, 0.0 ], [ 79.671510656936306, 13.203791531964169, 0.0 ], [ 79.661206427810058, 13.210423168566852, 0.0 ], [ 79.648132710973783, 13.19949608788844, 0.0 ], [ 79.644948808142672, 13.179058900613546, 0.0 ], [ 79.630097094602448, 13.172867537630216, 0.0 ], [ 79.634584454577535, 13.147639388057719, 0.0 ], [ 79.588969765904665, 13.147274348318341, 0.0 ], [ 79.596937511654843, 13.12315016830161, 0.0 ], [ 79.570911697015376, 13.121888938614177, 0.0 ], [ 79.568459241944581, 13.137498918611255, 0.0 ], [ 79.532577124219102, 13.136484307821172, 0.0 ], [ 79.522645096375257, 13.144186144690913, 0.0 ], [ 79.500305817099843, 13.13609937507878, 0.0 ], [ 79.482687808910953, 13.139915302068554, 0.0 ], [ 79.481714554670674, 13.128160293032209, 0.0 ], [ 79.474188404010917, 13.127123679968751, 0.0 ], [ 79.475287742980257, 13.10766654252394, 0.0 ], [ 79.46454399318614, 13.107349352936, 0.0 ], [ 79.462419025194251, 13.095404858671307, 0.0 ], [ 79.450937620987219, 13.093247796095778, 0.0 ], [ 79.443662513196429, 13.114012646356802, 0.0 ], [ 79.428976528941263, 13.116501516546235, 0.0 ], [ 79.453524696268303, 13.126484031218487, 0.0 ], [ 79.438611284846246, 13.12506412975196, 0.0 ], [ 79.418777141757957, 13.149956996688024, 0.0 ], [ 79.413312757198469, 13.118750197096125, 0.0 ], [ 79.401612907061832, 13.104211944058006, 0.0 ], [ 79.420337829775519, 13.103812046995019, 0.0 ], [ 79.416752365904443, 13.08463150694001, 0.0 ], [ 79.379508217113028, 13.080118844197637, 0.0 ], [ 79.351497032411274, 13.06249080999849, 0.0 ], [ 79.334946945163722, 13.060554039219564, 0.0 ], [ 79.324731684329507, 13.077681159409245, 0.0 ], [ 79.298739554274292, 13.086749549941818, 0.0 ], [ 79.284017605799775, 13.122769889239743, 0.0 ], [ 79.312463706129975, 13.126141605585847, 0.0 ], [ 79.294305421580788, 13.109598980533823, 0.0 ], [ 79.307189860943382, 13.105521888941507, 0.0 ], [ 79.319034125350385, 13.113330896999292, 0.0 ], [ 79.31192219977801, 13.116569035291967, 0.0 ], [ 79.32423816869337, 13.118538030808736, 0.0 ], [ 79.31867123706003, 13.123472084480943, 0.0 ], [ 79.341305955804316, 13.136820444899524, 0.0 ], [ 79.345108705223453, 13.121266432489387, 0.0 ], [ 79.358097914025194, 13.121715968121963, 0.0 ], [ 79.365521234872986, 13.133932919371571, 0.0 ], [ 79.356115370465076, 13.16457928782823, 0.0 ], [ 79.380038133256718, 13.162926321765944, 0.0 ], [ 79.379235523632588, 13.171513524969999, 0.0 ], [ 79.369522203690053, 13.172914319503722, 0.0 ], [ 79.387726721074671, 13.177528977061323, 0.0 ], [ 79.374032545119022, 13.189257135023189, 0.0 ], [ 79.409185111435448, 13.194037366307741, 0.0 ], [ 79.438427680990046, 13.188175122936817, 0.0 ], [ 79.432382533751692, 13.196971480816453, 0.0 ], [ 79.443852347857131, 13.207775100482666, 0.0 ], [ 79.437378560817294, 13.219554485705087, 0.0 ], [ 79.453800440679743, 13.216942611325319, 0.0 ], [ 79.453289513088862, 13.238487857781699, 0.0 ], [ 79.430866446347935, 13.229847966690748, 0.0 ], [ 79.439785930633633, 13.235860461079913, 0.0 ], [ 79.431491044732283, 13.236065618792935, 0.0 ], [ 79.437679251719658, 13.242888783055188, 0.0 ], [ 79.41849621649439, 13.242960107941906, 0.0 ], [ 79.422635804010994, 13.251316343998655, 0.0 ], [ 79.408418123333163, 13.26526961581934, 0.0 ], [ 79.433732328418614, 13.274987036230737, 0.0 ], [ 79.445422229312911, 13.301251735428236, 0.0 ], [ 79.430539823566335, 13.300247253213314, 0.0 ], [ 79.42003527171218, 13.289546840933676, 0.0 ], [ 79.415768443811686, 13.299580751142587, 0.0 ], [ 79.389838938030877, 13.297427158909754, 0.0 ], [ 79.388657909623447, 13.309783529347197, 0.0 ], [ 79.38188801281359, 13.307487805689819, 0.0 ], [ 79.387809042930726, 13.318049714611876, 0.0 ], [ 79.402023072752428, 13.317352929462192, 0.0 ], [ 79.398359678848522, 13.330202180097761, 0.0 ], [ 79.405361372450216, 13.335037468861669, 0.0 ], [ 79.41472046392829, 13.330033314955257, 0.0 ], [ 79.431668845911616, 13.336714818649908, 0.0 ], [ 79.435428990917302, 13.351709701916711, 0.0 ], [ 79.456255116817971, 13.338570740149871, 0.0 ], [ 79.499708383903325, 13.347787400619785, 0.0 ], [ 79.497383873238874, 13.332038045042134, 0.0 ], [ 79.510081443763184, 13.334174906385289, 0.0 ], [ 79.511083725865817, 13.341971342536283, 0.0 ], [ 79.537305098921863, 13.33864706825479, 0.0 ], [ 79.544106678311664, 13.316784605426427, 0.0 ], [ 79.53486445079524, 13.301370084382699, 0.0 ], [ 79.541231313981257, 13.292437526297846, 0.0 ], [ 79.534602442993233, 13.275396888567647, 0.0 ], [ 79.558407588189354, 13.272720246103061, 0.0 ], [ 79.579266432322726, 13.257793137662697, 0.0 ], [ 79.591312495160665, 13.261428921806045, 0.0 ], [ 79.596056825348512, 13.284853812174868, 0.0 ], [ 79.608685974494549, 13.287494576470628, 0.0 ], [ 79.606088895624666, 13.27954918662055, 0.0 ], [ 79.614117417911729, 13.282695365760175, 0.0 ], [ 79.631637798385952, 13.269698051399129, 0.0 ], [ 79.638467109861693, 13.287486406446462, 0.0 ], [ 79.64126753143546, 13.275586661416954, 0.0 ], [ 79.642481735965305, 13.29014819714952, 0.0 ], [ 79.651793776274474, 13.291833350555665, 0.0 ], [ 79.657833214776446, 13.283846965923987, 0.0 ], [ 79.663874130726185, 13.289766701260298, 0.0 ], [ 79.665386102015162, 13.278716510911682, 0.0 ], [ 79.682605308046277, 13.295824134394024, 0.0 ], [ 79.695749142535718, 13.267276455655621, 0.0 ], [ 79.678293342278863, 13.261653601315338, 0.0 ], [ 79.684273823486762, 13.244428815497752, 0.0 ], [ 79.695935321744116, 13.238555289295402, 0.0 ], [ 79.698250085749834, 13.250992421960483, 0.0 ], [ 79.709124576169273, 13.251043491865865, 0.0 ], [ 79.714065217142007, 13.235734318237185, 0.0 ], [ 79.702242388267862, 13.224149899077645, 0.0 ], [ 79.716406747855686, 13.216421674455072, 0.0 ], [ 79.731401533321772, 13.222445278220219, 0.0 ], [ 79.737317082318498, 13.236534770933778, 0.0 ], [ 79.750082137933887, 13.207994284478524, 0.0 ], [ 79.754991014496966, 13.206478158056008, 0.0 ], [ 79.764252214936661, 13.219114620318225, 0.0 ], [ 79.77547747985686, 13.215309550256226, 0.0 ], [ 79.784781631479859, 13.227904594495079, 0.0 ], [ 79.794493038628033, 13.226321734553395, 0.0 ], [ 79.794732020358865, 13.242103946286031, 0.0 ], [ 79.730650833112918, 13.282866243572668, 0.0 ], [ 79.75674668441404, 13.295288372731054, 0.0 ], [ 79.76027052904567, 13.318204941712503, 0.0 ], [ 79.791732806097343, 13.293524142350828, 0.0 ], [ 79.808902139069644, 13.317253571831484, 0.0 ], [ 79.862808938456723, 13.316920846069292, 0.0 ], [ 79.868065273402038, 13.331066400403055, 0.0 ], [ 79.882899662722579, 13.3233193146717, 0.0 ], [ 79.88350497720954, 13.33285926336336, 0.0 ], [ 79.914850961448209, 13.348138024137363, 0.0 ], [ 79.915972422795761, 13.359869173362043, 0.0 ], [ 79.933114696068699, 13.351917721262657, 0.0 ], [ 79.945647504804001, 13.363738787556576, 0.0 ], [ 79.945047694276198, 13.381776516395341, 0.0 ], [ 79.958047957179346, 13.379174950329627, 0.0 ], [ 79.96275461762832, 13.391357675710919, 0.0 ], [ 79.944356365696947, 13.39686770057949, 0.0 ], [ 79.945704665978852, 13.407730619045438, 0.0 ], [ 79.934570952396101, 13.416453212302253, 0.0 ], [ 79.941838235018963, 13.416720041829587, 0.0 ], [ 79.939609607742213, 13.42502941134293, 0.0 ], [ 79.95665178061077, 13.422192428804358, 0.0 ], [ 79.973338715949694, 13.429672476715, 0.0 ], [ 79.972420332081271, 13.469091660507132, 0.0 ], [ 79.982396850664728, 13.470456355847313, 0.0 ], [ 79.984077318551982, 13.479578614753192, 0.0 ], [ 80.007490536474322, 13.478640515286779, 0.0 ], [ 80.015904554135105, 13.497951506492594, 0.0 ], [ 80.046618297673021, 13.49368380513954, 0.0 ], [ 80.048423212787782, 13.512250756073453, 0.0 ], [ 80.035520346719423, 13.518305431562748, 0.0 ], [ 80.02718585279095, 13.513700477591065, 0.0 ], [ 80.017653057426287, 13.529558577481321, 0.0 ], [ 80.000519070782417, 13.525675412892539, 0.0 ], [ 79.998599713873318, 13.54272382394185, 0.0 ], [ 80.016894477852006, 13.547179273856056, 0.0 ], [ 80.028438066933305, 13.538824564319752, 0.0 ], [ 80.056934602649463, 13.536636519806757, 0.0 ], [ 80.08125942940346, 13.549751228062821, 0.0 ], [ 80.088640623039183, 13.535399659909812, 0.0 ], [ 80.077141885733823, 13.526804905627197, 0.0 ], [ 80.078190070035362, 13.48881143484733, 0.0 ], [ 80.108213023454482, 13.488919890581416, 0.0 ], [ 80.112771489258265, 13.505947357193003, 0.0 ], [ 80.13921277556409, 13.504273795480911, 0.0 ], [ 80.145144989575712, 13.491415239561391, 0.0 ], [ 80.214598561619269, 13.490271830927179, 0.0 ], [ 80.241814012297354, 13.470646953578493, 0.0 ], [ 80.268748860719057, 13.564628197834447, 0.0 ], [ 80.303637580957528, 13.473127133567054, 0.0 ] ] ] ] } },
{ "type": "Feature", "properties": { "name": "RANIPET" }, "geometry": { "type": "Polygon", "coordinates": [ [ [ 79.654014926022299, 13.210545896226568, 0.0 ], [ 79.671510656936306, 13.203791531964169, 0.0 ], [ 79.670137406736146, 13.183245909231813, 0.0 ], [ 79.70075689644041, 13.191645794184224, 0.0 ], [ 79.700790870406053, 13.181187594045268, 0.0 ], [ 79.691818828938537, 13.177239752387752, 0.0 ], [ 79.69486287020996, 13.159043348392963, 0.0 ], [ 79.736539854772971, 13.166943290737564, 0.0 ], [ 79.736053211104633, 13.117883773317315, 0.0 ], [ 79.72409128443276, 13.116672626621437, 0.0 ], [ 79.718913393271166, 13.104910018420703, 0.0 ], [ 79.702228059570999, 13.110799611654098, 0.0 ], [ 79.701473287923406, 13.099415053356196, 0.0 ], [ 79.736329390462146, 13.095118693038856, 0.0 ], [ 79.73811942245824, 13.065528278253588, 0.0 ], [ 79.725774261763476, 13.067964591108137, 0.0 ], [ 79.718614132036933, 13.05373500588121, 0.0 ], [ 79.737218492580169, 13.061009091974082, 0.0 ], [ 79.747715018202982, 13.049583605383766, 0.0 ], [ 79.762104700773648, 13.051786224844212, 0.0 ], [ 79.775888474910062, 13.062819948899133, 0.0 ], [ 79.779087083552, 13.053669064949952, 0.0 ], [ 79.791593930166442, 13.053746042249433, 0.0 ], [ 79.789889652859358, 13.024571495550154, 0.0 ], [ 79.748738278581186, 13.003745509256889, 0.0 ], [ 79.734099049560228, 12.986790001243248, 0.0 ], [ 79.658884701620508, 12.950584080145944, 0.0 ], [ 79.663080099408234, 12.930435125991329, 0.0 ], [ 79.56827476891057, 12.899569444999536, 0.0 ], [ 79.557010037132883, 12.884900230642106, 0.0 ], [ 79.564384132131252, 12.8557957668014, 0.0 ], [ 79.539175593162724, 12.862933621454372, 0.0 ], [ 79.508623537096, 12.857181220870133, 0.0 ], [ 79.500633017572667, 12.872006276940391, 0.0 ], [ 79.472558859454395, 12.874266963440212, 0.0 ], [ 79.472886825231967, 12.851311552947278, 0.0 ], [ 79.456997633044111, 12.84419814289169, 0.0 ], [ 79.457360559006233, 12.810467777170198, 0.0 ], [ 79.477149236698367, 12.807130264851647, 0.0 ], [ 79.476455664684494, 12.799528447033365, 0.0 ], [ 79.462298493661521, 12.798529825121484, 0.0 ], [ 79.467525168157493, 12.756653394776334, 0.0 ], [ 79.45338587684158, 12.740260283752454, 0.0 ], [ 79.475326511377432, 12.731399323018492, 0.0 ], [ 79.462619202548609, 12.716963098439795, 0.0 ], [ 79.465463591979301, 12.700542102968305, 0.0 ], [ 79.454990099612615, 12.699098942209428, 0.0 ], [ 79.459009857303911, 12.686853907773678, 0.0 ], [ 79.450977446651308, 12.671181768264894, 0.0 ], [ 79.409907658130422, 12.656088962521299, 0.0 ], [ 79.384108978639034, 12.628768714817227, 0.0 ], [ 79.369330965528789, 12.632226042831546, 0.0 ], [ 79.351817531675749, 12.646366920396769, 0.0 ], [ 79.36243525258854, 12.651750891014961, 0.0 ], [ 79.360569947107237, 12.667068104034287, 0.0 ], [ 79.353600840139336, 12.669390593756265, 0.0 ], [ 79.394946566491569, 12.689833204059031, 0.0 ], [ 79.380072379379499, 12.707768902774843, 0.0 ], [ 79.392378281069128, 12.713924499193711, 0.0 ], [ 79.395472873704975, 12.72938176331788, 0.0 ], [ 79.37978223911081, 12.733472472293004, 0.0 ], [ 79.366859510424433, 12.714182005271239, 0.0 ], [ 79.355644246413263, 12.718949438938465, 0.0 ], [ 79.357740987409457, 12.696803100798904, 0.0 ], [ 79.347779463155831, 12.693909392314357, 0.0 ], [ 79.338944277803563, 12.701225530241782, 0.0 ], [ 79.34781380753742, 12.712996146220307, 0.0 ], [ 79.343386819406859, 12.731539850992144, 0.0 ], [ 79.289491332970897, 12.752873036256741, 0.0 ], [ 79.283625743984814, 12.763379199070014, 0.0 ], [ 79.287810202212796, 12.779149877997902, 0.0 ], [ 79.261655900620894, 12.794723193875496, 0.0 ], [ 79.261755214099963, 12.818713590850443, 0.0 ], [ 79.250252076230169, 12.823901204425812, 0.0 ], [ 79.25232352580413, 12.808119632617732, 0.0 ], [ 79.240208789078054, 12.80859558981903, 0.0 ], [ 79.238131731208384, 12.797645240433585, 0.0 ], [ 79.208681496775398, 12.784729328913597, 0.0 ], [ 79.195494543153472, 12.792456917570565, 0.0 ], [ 79.177890169954495, 12.825043006223849, 0.0 ], [ 79.194676994010393, 12.892870422841986, 0.0 ], [ 79.210903660260797, 12.895211700738832, 0.0 ], [ 79.205829569212213, 12.90485359482035, 0.0 ], [ 79.191331248902245, 12.908070752528943, 0.0 ], [ 79.188137813285195, 12.925960160355338, 0.0 ], [ 79.223259205764734, 12.956430519853974, 0.0 ], [ 79.251793852191739, 12.951794170791302, 0.0 ], [ 79.267853749878057, 12.940141040495318, 0.0 ], [ 79.265979684606663, 12.987415405988063, 0.0 ], [ 79.294543848534332, 13.047188211688836, 0.0 ], [ 79.272454342112553, 13.087020000344275, 0.0 ], [ 79.290477065090002, 13.100097537813209, 0.0 ], [ 79.301557413057552, 13.084468060642513, 0.0 ], [ 79.330122263769226, 13.072945746561425, 0.0 ], [ 79.334946945163722, 13.060554039219564, 0.0 ], [ 79.379508217113028, 13.080118844197637, 0.0 ], [ 79.416752365904443, 13.08463150694001, 0.0 ], [ 79.420337829775519, 13.103812046995019, 0.0 ], [ 79.401612907061832, 13.104211944058006, 0.0 ], [ 79.413312757198469, 13.118750197096125, 0.0 ], [ 79.418777141757957, 13.149956996688024, 0.0 ], [ 79.438611284846246, 13.12506412975196, 0.0 ], [ 79.453524696268303, 13.126484031218487, 0.0 ], [ 79.428976528941263, 13.116501516546235, 0.0 ], [ 79.443662513196429, 13.114012646356802, 0.0 ], [ 79.450937620987219, 13.093247796095778, 0.0 ], [ 79.462419025194251, 13.095404858671307, 0.0 ], [ 79.46454399318614, 13.107349352936, 0.0 ], [ 79.475287742980257, 13.10766654252394, 0.0 ], [ 79.474188404010917, 13.127123679968751, 0.0 ], [ 79.481714554670674, 13.128160293032209, 0.0 ], [ 79.482687808910953, 13.139915302068554, 0.0 ], [ 79.500305817099843, 13.13609937507878, 0.0 ], [ 79.522645096375257, 13.144186144690913, 0.0 ], [ 79.532577124219102, 13.136484307821172, 0.0 ], [ 79.568459241944581, 13.137498918611255, 0.0 ], [ 79.570911697015376, 13.121888938614177, 0.0 ], [ 79.594387673893152, 13.121983732279892, 0.0 ], [ 79.599288149067419, 13.131678867520733, 0.0 ], [ 79.589172597588515, 13.147545622402712, 0.0 ], [ 79.635861847271912, 13.14886863671884, 0.0 ], [ 79.630097094602448, 13.172867537630216, 0.0 ], [ 79.644948808142672, 13.179058900613546, 0.0 ], [ 79.654014926022299, 13.210545896226568, 0.0 ] ] ] } }
]
}
